t,h,roll_deg
2.000000000000000042e-03,1.199607599999999996e-01,8.844609616924766826e-18
4.000000000000000083e-03,1.198822799999999938e-01,1.737273904866180422e-17
6.000000000000000125e-03,1.197645599999999921e-01,2.543436267766321155e-17
8.000000000000000167e-03,1.196075999999999945e-01,3.357190743429025112e-17
1.000000000000000021e-02,1.194114000000000009e-01,4.189561929913893866e-17
1.200000000000000025e-02,1.191759599999999975e-01,5.217731427704877554e-17
1.400000000000000029e-02,1.189012799999999981e-01,6.312797836381890880e-17
1.600000000000000033e-02,1.185873600000000028e-01,7.571738181270813238e-17
1.800000000000000211e-02,1.182341999999999976e-01,8.904606840167797941e-17
2.000000000000000389e-02,1.178417999999999966e-01,1.043185540079621887e-16
2.200000000000000566e-02,1.174101599999999995e-01,1.198832366859565557e-16
2.400000000000000744e-02,1.169392799999999927e-01,1.374051596874067242e-16
2.600000000000000921e-02,1.164291599999999899e-01,1.554299282459689665e-16
2.800000000000001099e-02,1.158797999999999911e-01,1.753385912996085412e-16
3.000000000000001277e-02,1.152911999999999965e-01,1.955335263333138931e-16
3.200000000000001454e-02,1.146633599999999920e-01,2.178530976615069832e-16
3.400000000000001632e-02,1.139962799999999915e-01,2.405946203910373026e-16
3.600000000000001810e-02,1.132899599999999951e-01,2.655597575232765385e-16
3.800000000000001987e-02,1.125443999999999889e-01,2.910836825355507723e-16
4.000000000000002165e-02,1.117595999999999867e-01,3.186932399020000721e-16
4.200000000000002343e-02,1.109355599999999886e-01,3.470962806980363801e-16
4.400000000000002520e-02,1.100722799999999946e-01,3.773735330250209635e-16
4.600000000000002698e-02,1.091697599999999907e-01,4.081706546433053641e-16
4.800000000000002875e-02,1.082279999999999909e-01,4.409470136923603905e-16
5.000000000000003053e-02,1.072469999999999951e-01,4.744452363408844856e-16
5.200000000000003231e-02,1.062267599999999895e-01,5.096961353266335622e-16
5.400000000000003408e-02,1.053783470437206077e-01,3.673644292171335978e-05
5.600000000000003586e-02,1.046814162740773019e-01,1.022766977120332033e-04
5.800000000000003764e-02,1.041111074817779036e-01,1.891187986498737473e-04
6.000000000000003941e-02,1.036462672860822831e-01,2.911295207664912877e-04
6.200000000000004119e-02,1.032689197142339504e-01,4.033236831933115218e-04
6.400000000000004297e-02,1.029638099584522931e-01,5.216789207135490505e-04
6.600000000000004474e-02,1.027180115360911833e-01,6.429798682619175618e-04
6.800000000000004652e-02,1.025205883156151548e-01,7.646868604743664458e-04
7.000000000000004829e-02,1.023623029149679231e-01,8.848072282483706577e-04
7.200000000000005007e-02,1.022353660429525940e-01,1.001784644988650084e-03
7.400000000000005185e-02,1.021332249220790467e-01,1.115220167100046574e-03
7.600000000000005362e-02,1.020503794269258385e-01,1.226033147068182356e-03
7.800000000000005540e-02,1.019846015734266892e-01,1.336673266261519588e-03
8.000000000000005718e-02,1.019318198684237148e-01,1.447429750259055696e-03
8.200000000000005895e-02,1.018886440939694993e-01,1.558529261533805150e-03
8.400000000000006073e-02,1.018522607858837331e-01,1.670100348562283737e-03
8.600000000000006251e-02,1.018203436371674653e-01,1.782295046076146300e-03
8.800000000000006428e-02,1.017916485237691515e-01,1.895634060188710994e-03
9.000000000000006606e-02,1.017645233100006874e-01,2.010143738003923857e-03
9.200000000000006783e-02,1.017376256579593657e-01,2.125826161652467385e-03
9.400000000000006961e-02,1.017098737863851715e-01,2.242664290908828826e-03
9.600000000000007139e-02,1.016804045093420567e-01,2.360626102683568029e-03
9.800000000000007316e-02,1.016485375134656421e-01,2.479667916504120061e-03
1.000000000000000749e-01,1.016137449784865754e-01,2.599737060524862867e-03
1.020000000000000767e-01,1.015756257715741129e-01,2.720774004091861854e-03
1.040000000000000785e-01,1.015338877737981954e-01,2.842729958981425088e-03
1.060000000000000803e-01,1.014883318565605597e-01,2.965528623796787056e-03
1.080000000000000820e-01,1.014393643659301236e-01,3.089218678439483758e-03
1.100000000000000838e-01,1.013868119111638183e-01,3.213715638417884331e-03
1.120000000000000856e-01,1.013305635209566791e-01,3.338930773797025957e-03
1.140000000000000874e-01,1.012705588816709412e-01,3.464772376837840090e-03
1.160000000000000892e-01,1.012067784127053116e-01,3.591146730311516478e-03
1.180000000000000909e-01,1.011392873340319215e-01,3.718097247316936530e-03
1.200000000000000927e-01,1.010681086296508074e-01,3.845523103854752919e-03
1.220000000000000945e-01,1.009932884601433545e-01,3.973322698337606977e-03
1.240000000000000963e-01,1.009148892838719752e-01,4.101391724021843585e-03
1.260000000000000842e-01,1.008329702649030379e-01,4.229622599954575325e-03
1.280000000000000859e-01,1.007475855385954466e-01,4.357910999938117112e-03
1.300000000000000877e-01,1.006587880154166531e-01,4.486155699518992561e-03
1.320000000000000895e-01,1.005666318605698273e-01,4.614258299704218462e-03
1.340000000000000913e-01,1.004710987960091700e-01,4.737654305692657816e-03
1.360000000000000930e-01,1.003721651773629153e-01,4.856952472702531082e-03
1.380000000000000948e-01,1.002698316558057745e-01,4.972663900689051550e-03
1.400000000000000966e-01,1.001641510622656162e-01,5.087805680443296258e-03
1.420000000000000984e-01,1.000551633048424593e-01,5.202103148368866260e-03
1.440000000000001001e-01,9.994292113171274194e-02,5.315354494674812830e-03
1.460000000000001019e-01,9.982750684497115889e-02,5.427493510903946133e-03
1.480000000000001037e-01,9.970901503642978780e-02,5.538489600683871306e-03
1.500000000000001055e-01,9.958754546084223891e-02,5.648309126588698520e-03
1.520000000000001072e-01,9.946319930099327411e-02,5.756914749282037586e-03
1.540000000000001090e-01,9.933607621438181323e-02,5.864265411268191827e-03
1.560000000000001108e-01,9.920627209568401439e-02,5.970316355600082184e-03
1.580000000000001126e-01,9.907387741537927728e-02,6.075019165382489032e-03
1.600000000000001144e-01,9.893897601853503254e-02,6.178321813292243087e-03
1.620000000000001161e-01,9.880164428794271925e-02,6.280168713016378614e-03
1.640000000000001179e-01,9.866195059294093073e-02,6.380500766611525015e-03
1.660000000000001197e-01,9.851995495971371808e-02,6.479255403424962444e-03
1.680000000000001215e-01,9.837570891095985537e-02,6.576366607481035249e-03
1.700000000000001232e-01,9.822925543291376183e-02,6.671764931200523108e-03
1.720000000000001250e-01,9.808086997283020636e-02,6.766001650293802967e-03
1.740000000000001268e-01,9.793054690444130683e-02,6.858923254915264521e-03
1.760000000000001286e-01,9.777827812018313747e-02,6.950385153516143270e-03
1.780000000000001303e-01,9.762405258911008299e-02,7.040249567725725098e-03
1.800000000000001321e-01,9.746785598563371955e-02,7.128383779886175026e-03
1.820000000000001339e-01,9.730967037891462279e-02,7.214658664446951114e-03
1.840000000000001357e-01,9.714947397381241967e-02,7.298947447765971944e-03
1.860000000000001374e-01,9.698738556059635640e-02,7.381536440474346407e-03
1.880000000000001392e-01,9.682335685753511167e-02,7.462248030859012712e-03
1.900000000000001410e-01,9.665733833797367225e-02,7.540912599663958556e-03
1.920000000000001428e-01,9.648927872707140085e-02,7.617366450736171891e-03
1.940000000000001446e-01,9.631912455823703201e-02,7.691450060097187492e-03
1.960000000000001463e-01,9.614681978210176672e-02,7.763006582244087392e-03
1.980000000000001481e-01,9.597230542151186095e-02,7.831880564169184725e-03
2.000000000000001499e-01,9.579579782263476784e-02,7.898690750285132511e-03
2.020000000000001517e-01,9.561719960869763391e-02,7.963182575856691398e-03
2.040000000000001534e-01,9.543641501792550497e-02,8.025116736391365094e-03
2.060000000000001552e-01,9.525334905097021521e-02,8.084265534604890072e-03
2.080000000000001570e-01,9.506790670832036827e-02,8.140409822834657541e-03
2.100000000000001588e-01,9.487999230801841266e-02,8.193336425520329758e-03
2.120000000000001605e-01,9.469018480546377570e-02,8.243346159527310119e-03
2.140000000000001623e-01,9.449826349528787917e-02,8.290151208427099308e-03
2.160000000000001641e-01,9.430402507879033502e-02,8.333477565326563932e-03
2.180000000000001659e-01,9.410728037716790950e-02,8.373061436507078098e-03
2.200000000000001676e-01,9.390785148449870556e-02,8.408646161897757876e-03
2.220000000000001694e-01,9.370556929993557882e-02,8.439979558335058973e-03
2.240000000000001712e-01,9.350027138751099143e-02,8.466811608869905317e-03
2.260000000000001730e-01,9.329180011928993321e-02,8.488892435181650750e-03
2.280000000000001747e-01,9.307977971647518611e-02,8.506648674664413212e-03
2.300000000000001765e-01,9.286412084011892720e-02,8.519746144710089314e-03
2.320000000000001783e-01,9.264472457709242714e-02,8.527858910138654686e-03
2.340000000000001801e-01,9.242148295072487307e-02,8.530665749133508474e-03
2.360000000000001819e-01,9.219449792325855320e-02,8.528511684311818053e-03
2.380000000000001836e-01,9.196361967744220989e-02,8.520988318227193034e-03
2.400000000000001854e-01,9.172869428509226875e-02,8.507698720926838362e-03
2.420000000000001872e-01,9.148956341263704550e-02,8.488252998231870378e-03
2.440000000000001890e-01,9.124606403675243615e-02,8.462264489385256869e-03
2.460000000000001907e-01,9.099827127525722537e-02,8.429941887723719010e-03
2.480000000000001925e-01,9.074598118847343464e-02,8.390800607090725255e-03
2.500000000000001665e-01,9.048898922109126219e-02,8.344364954244209640e-03
2.520000000000001683e-01,9.022708931761838635e-02,8.290163493553472096e-03
2.540000000000001701e-01,8.996007313138724981e-02,8.227724992641878912e-03
2.560000000000001719e-01,8.968805976066544783e-02,8.157463679895024175e-03
2.580000000000001736e-01,8.941079250112084209e-02,8.078771350365407042e-03
2.600000000000001754e-01,8.912801680629814371e-02,7.991050961695757293e-03
2.620000000000001772e-01,8.883947893307919674e-02,7.893710570735058135e-03
2.640000000000001790e-01,8.854492474270359015e-02,7.786158030285882797e-03
2.660000000000001807e-01,8.824409863835065704e-02,7.667796291259210487e-03
2.680000000000001825e-01,8.793702887140704416e-02,7.538668765357111994e-03
2.700000000000001843e-01,8.762341948493559962e-02,7.398041959725707925e-03
2.720000000000001861e-01,8.730297587531891945e-02,7.245183250602841955e-03
2.740000000000001878e-01,8.697568460478707908e-02,7.080192057190995772e-03
2.760000000000001896e-01,8.664121464545140872e-02,6.902202942693368322e-03
2.780000000000001914e-01,8.629917485631580232e-02,6.710496890427941272e-03
2.800000000000001932e-01,8.594924664259968872e-02,6.504218557574957538e-03
2.820000000000001950e-01,8.559111015575593395e-02,6.282500707688081637e-03
2.840000000000001967e-01,8.522399412690015441e-02,6.048016595032299283e-03
2.860000000000001985e-01,8.484516018329742171e-02,5.796275536805407455e-03
2.880000000000002003e-01,8.442855889218192633e-02,5.509300033882465371e-03
2.900000000000002021e-01,8.400908415415186958e-02,5.212031375284349385e-03
2.920000000000002038e-01,8.358527225722414689e-02,4.902139579869212345e-03
2.940000000000002056e-01,8.315587001699718817e-02,4.575398599354633250e-03
2.960000000000002074e-01,8.272009132074309434e-02,4.231022337009879286e-03
2.980000000000002092e-01,8.227690635858908585e-02,3.866825131521935219e-03
3.000000000000002109e-01,8.182597446102213290e-02,3.732107183860216681e-03
3.020000000000002127e-01,8.136634334746070674e-02,3.793601465222458391e-03
3.040000000000002145e-01,8.089723650145559664e-02,3.893078927953032460e-03
3.060000000000002163e-01,8.041764538865815715e-02,4.011036727083930331e-03
3.080000000000002180e-01,7.992680950000617679e-02,4.016661104785023036e-03
3.100000000000002198e-01,7.942418026644933182e-02,3.928104600400229504e-03
3.120000000000002216e-01,7.890927971341551994e-02,3.753269600420492888e-03
3.140000000000002234e-01,7.838123717144641900e-02,3.330096002064930963e-03
3.160000000000002252e-01,7.781576289877424613e-02,2.850308294675623494e-03
3.180000000000002269e-01,7.723839088721774770e-02,2.327925364783451495e-03
3.200000000000002287e-01,7.665155949578747463e-02,1.901370601361846921e-03
3.220000000000002305e-01,7.605396924558048555e-02,1.408826434292430535e-03
3.240000000000002323e-01,7.544410285260272353e-02,8.521765163953500455e-04
3.260000000000002340e-01,7.482138751008986233e-02,2.320336928582338726e-04
3.280000000000002358e-01,7.417858824731642098e-02,-1.172614049044818849e-02
3.300000000000002376e-01,7.351403792122353231e-02,-1.177958365090891156e-02
3.320000000000002394e-01,7.283029591538608960e-02,7.189288004158356877e-04
3.340000000000002411e-01,7.212813944610413364e-02,-9.685053825790133214e-04
3.360000000000002429e-01,7.141356230526062221e-02,-2.598479318866052379e-03
3.380000000000002447e-01,7.068502293241185619e-02,-4.260783604516436666e-03
3.400000000000002465e-01,6.994167768978984401e-02,-5.878882712849419455e-03
3.420000000000002482e-01,6.916130632337162687e-02,-7.622070418842079829e-03
3.440000000000002500e-01,6.836845110045190743e-02,-9.370562086246822867e-03
3.460000000000002518e-01,6.756109387080433404e-02,-1.097432598250335997e-02
3.480000000000002536e-01,6.673818938644511534e-02,-1.264586386891689181e-02
3.500000000000002554e-01,6.587841179280541637e-02,-1.445289067271982551e-02
3.520000000000002571e-01,6.500382983628363864e-02,-1.633697401401911289e-02
3.540000000000002589e-01,6.411331521119420507e-02,-1.844591415340073037e-02
3.560000000000002607e-01,6.320498996148707360e-02,-2.063875125387557019e-02
3.580000000000002625e-01,6.227771451113425089e-02,-2.252730475325856116e-02
3.600000000000002642e-01,6.131377548105547415e-02,-2.457674927294888761e-02
3.620000000000002660e-01,6.031309169414056370e-02,-2.679767153504928820e-02
3.640000000000002678e-01,5.929649798033212460e-02,-2.920438817183686198e-02
3.660000000000002696e-01,5.826240976212536393e-02,-3.184064977151457310e-02
3.680000000000002713e-01,5.720880251646325715e-02,-3.467412169631944874e-02
3.700000000000002731e-01,5.613441578006216071e-02,-3.772181823655629956e-02
3.720000000000002749e-01,5.503769803584145776e-02,-4.069726293765685288e-02
3.740000000000002767e-01,5.391741547461493395e-02,-4.396034681959416074e-02
3.760000000000002784e-01,5.276086754850266292e-02,-4.747981746631660394e-02
3.780000000000002802e-01,5.156790287305234449e-02,-5.131090863748968139e-02
3.800000000000002820e-01,5.033842252360787306e-02,-5.548139351726385365e-02
3.820000000000002838e-01,4.908819353715530853e-02,-6.002125456401908449e-02
3.840000000000002855e-01,4.781561319913767150e-02,-6.458120501865312335e-02
3.860000000000002873e-01,4.651912887532508312e-02,-6.962356792516458115e-02
3.880000000000002891e-01,4.519780724979907682e-02,-7.519562018566254558e-02
3.900000000000002909e-01,4.385101088459907037e-02,-8.133707763209152564e-02
3.920000000000002927e-01,4.247827730945016173e-02,-8.811597293353708171e-02
3.940000000000002944e-01,4.106987996836723026e-02,-9.559856969929513004e-02
3.960000000000002962e-01,3.987389742787734309e-02,-7.124011617949223274e-02
3.980000000000002980e-01,3.890335733743423979e-02,-4.447996116693851004e-02
4.000000000000002998e-01,3.811990912630287137e-02,-9.775823106022750800e-03
4.020000000000003015e-01,3.749209435596735640e-02,3.207315889113214469e-02
4.040000000000003033e-01,3.699247457883239609e-02,7.716484260276382234e-02
4.060000000000003051e-01,3.659902099538478448e-02,1.241827698217456005e-01
4.080000000000003069e-01,3.629336088253132253e-02,1.726381813701514945e-01
4.100000000000003086e-01,3.605994037660938817e-02,2.215840232445640823e-01
4.120000000000003104e-01,3.588684963482428186e-02,2.631680458523749100e-01
4.140000000000003122e-01,3.576308914789234211e-02,2.970876293577016658e-01
4.160000000000003140e-01,3.567924747611141839e-02,3.236667130408895643e-01
4.180000000000003157e-01,3.562745004703014862e-02,3.436149342809371454e-01
4.200000000000003175e-01,3.560112191013239252e-02,3.576990930185319773e-01
4.220000000000003193e-01,3.559479255711165552e-02,3.666468964103371531e-01
4.240000000000003211e-01,3.560380449157980048e-02,3.708544540608346707e-01
4.260000000000003229e-01,3.562443815372415279e-02,3.709870582862229149e-01
4.280000000000003246e-01,3.565352181889006045e-02,3.679099536508143031e-01
4.300000000000003264e-01,3.568857967229380201e-02,3.620997306737707699e-01
4.320000000000003282e-01,3.572760024291155717e-02,3.539985092018150259e-01
4.340000000000003300e-01,3.576896246523549039e-02,3.439907568590119813e-01
4.360000000000003317e-01,3.581137183427102882e-02,3.324260483427728952e-01
4.380000000000003335e-01,3.585380703807469760e-02,3.195944346697778271e-01
4.400000000000003353e-01,3.589547362872711617e-02,3.057362365399804438e-01
4.420000000000003371e-01,3.593576484804250626e-02,2.910503316119002482e-01
4.440000000000003388e-01,3.597437700341706013e-02,2.763489812648710631e-01
4.460000000000003406e-01,3.601095860134954224e-02,2.616877950993266033e-01
4.480000000000003424e-01,3.604526584928742505e-02,2.471112361457680484e-01
4.500000000000003442e-01,3.607714229547253487e-02,2.326545810634455258e-01
4.520000000000003459e-01,3.610650178048965125e-02,2.183455423196782319e-01
4.540000000000003477e-01,3.613331419828254981e-02,2.042056105829183621e-01
4.560000000000003495e-01,3.615756109690015235e-02,1.899392096689429543e-01
4.580000000000003513e-01,3.617929429360816629e-02,1.756632832686991219e-01
4.600000000000003531e-01,3.619859181728429104e-02,1.614705730137667439e-01
4.620000000000003548e-01,3.621555221706586336e-02,1.474609791965361405e-01
4.640000000000003566e-01,3.623026406495782198e-02,1.335633769367072232e-01
4.660000000000003584e-01,3.624285037239116658e-02,1.198690338734063748e-01
4.680000000000003602e-01,3.625323254074534068e-02,1.065036160799532755e-01
4.700000000000003619e-01,3.626156898738829709e-02,9.352236798935277540e-02
4.720000000000003637e-01,3.626764834999844644e-02,8.315795258854011274e-02
4.740000000000003655e-01,3.627168459832193215e-02,7.510217258872091406e-02
4.760000000000003673e-01,3.627388272051287194e-02,6.912973100857083830e-02
4.780000000000003690e-01,3.627443156561398208e-02,6.505091468788831710e-02
4.800000000000003708e-01,3.627350357491005567e-02,6.269882060940207280e-02
4.820000000000003726e-01,3.627125954568421323e-02,6.192090520947461652e-02
4.840000000000003744e-01,3.626787822350228258e-02,6.257191550364366028e-02
4.860000000000003761e-01,3.626352404057924667e-02,6.453446083826290536e-02
4.880000000000003779e-01,3.625834333615420013e-02,6.770359862329174139e-02
4.900000000000003797e-01,3.625246620370250333e-02,7.198507628628682264e-02
4.920000000000003815e-01,3.624589035184651309e-02,7.727452381501546952e-02
4.940000000000003832e-01,3.623870549493130727e-02,8.349194801954547274e-02
4.960000000000003850e-01,3.623099743276554652e-02,9.051770868648111035e-02
4.980000000000003868e-01,3.622283132599568578e-02,9.825157070731468933e-02
5.000000000000003331e-01,3.621425283590849753e-02,1.066537372387716537e-01
5.020000000000003348e-01,3.620529411719985990e-02,1.157256940244125731e-01
5.040000000000003366e-01,3.619597631484879757e-02,1.254980456313176673e-01
5.060000000000003384e-01,3.618631431054187414e-02,1.360163272527268319e-01
5.080000000000003402e-01,3.617640664979578091e-02,1.466273874062051785e-01
5.100000000000003419e-01,3.616624707414321793e-02,1.574063391886113272e-01
5.120000000000003437e-01,3.615583184026832653e-02,1.684055243116021061e-01
5.140000000000003455e-01,3.614514205194933882e-02,1.807667458646382286e-01
5.160000000000003473e-01,3.613418257448740983e-02,1.944751185403097438e-01
5.180000000000003491e-01,3.612296237720290931e-02,2.095152667642716238e-01
5.200000000000003508e-01,3.611149352637160054e-02,2.258691411614791311e-01
5.220000000000003526e-01,3.610047059706224248e-02,2.392533836214185694e-01
5.240000000000003544e-01,3.608981627927228958e-02,2.500563510393056244e-01
5.260000000000003562e-01,3.607946889425863585e-02,2.586080195130178172e-01
5.280000000000003579e-01,3.606937926755526824e-02,2.651891766829536645e-01
5.300000000000003597e-01,3.605950817883746967e-02,2.700391529603147767e-01
5.320000000000003615e-01,3.604982429016490714e-02,2.733623232025250149e-01
5.340000000000003633e-01,3.604030246928955489e-02,2.753335747215591711e-01
5.360000000000003650e-01,3.603092243802388794e-02,2.761029067969189565e-01
5.380000000000003668e-01,3.602166795230467983e-02,2.758703910760903488e-01
5.400000000000003686e-01,3.601252557061714737e-02,2.748234041945663009e-01
5.420000000000003704e-01,3.600348406802639234e-02,2.731215381702684630e-01
5.440000000000003721e-01,3.599380618992474579e-02,2.746080897644232466e-01
5.460000000000003739e-01,3.598353965200482008e-02,2.788653695623170559e-01
5.480000000000003757e-01,3.597273085793945696e-02,2.855328476392909876e-01
5.500000000000003775e-01,3.596229658066656815e-02,2.905761318704748186e-01
5.520000000000003793e-01,3.595197803530662123e-02,2.930011904693617386e-01
5.540000000000003810e-01,3.594172246073261412e-02,2.931855950576865988e-01
5.560000000000003828e-01,3.593148775888969915e-02,2.914595412803857033e-01
5.580000000000003846e-01,3.592124057843549406e-02,2.881121487039307594e-01
5.600000000000003864e-01,3.591044978023080064e-02,2.878177990179477952e-01
5.620000000000003881e-01,3.589915488913818231e-02,2.901992112675944036e-01
5.640000000000003899e-01,3.588809214990087981e-02,2.908900346742462339e-01
5.660000000000003917e-01,3.587719765510464370e-02,2.901248298645120460e-01
5.680000000000003935e-01,3.586641944605217791e-02,2.881246371033762133e-01
5.700000000000003952e-01,3.585510202373526356e-02,2.889732009843147265e-01
5.720000000000003970e-01,3.584328545875711813e-02,2.923253118665938288e-01
5.740000000000003988e-01,3.583166561739496714e-02,2.934118231186347847e-01
5.760000000000004006e-01,3.582017599697097376e-02,2.925353070137524658e-01
5.780000000000004023e-01,3.580883309046803409e-02,2.904012951962109401e-01
5.800000000000004041e-01,3.579758738444978328e-02,2.871998845318386451e-01
5.820000000000004059e-01,3.578580701236962897e-02,2.869809267492682281e-01
5.840000000000004077e-01,3.577422533410768574e-02,2.890475703135251262e-01
5.860000000000004095e-01,3.576040036345205786e-02,2.783250318892951936e-01
5.880000000000004112e-01,3.574727051922990673e-02,2.714453663740502565e-01
5.900000000000004130e-01,3.573466535303618935e-02,2.679016026529680294e-01
5.920000000000004148e-01,3.572244474502161982e-02,2.672674535244057292e-01
5.940000000000004166e-01,3.571049409109441214e-02,2.691794958899714207e-01
5.960000000000004183e-01,3.569872025623583439e-02,2.733234012933597468e-01
5.980000000000004201e-01,3.568704792077707216e-02,2.794264091095536862e-01
6.000000000000004219e-01,3.567541652966379345e-02,2.872510399838620332e-01
6.020000000000004237e-01,3.566377753767954045e-02,2.965893928818552072e-01
6.040000000000004254e-01,3.565214694329315454e-02,3.066425859546534904e-01
6.060000000000004272e-01,3.564048977373982657e-02,3.172883444850868040e-01
6.080000000000004290e-01,3.562655430232610637e-02,3.144338438023189242e-01
6.100000000000004308e-01,3.561314568474731324e-02,3.139664130667365605e-01
6.120000000000004325e-01,3.560013337599635813e-02,3.155334283344810586e-01
6.140000000000004343e-01,3.558741030586641541e-02,3.188351743068693067e-01
6.160000000000004361e-01,3.557488999292295062e-02,3.236198217006669431e-01
6.180000000000004379e-01,3.556250005118109792e-02,3.296690879262948459e-01
6.200000000000004396e-01,3.554776794424015923e-02,3.224529093658598522e-01
6.220000000000004414e-01,3.553369594962008104e-02,3.182261326838120574e-01
6.240000000000004432e-01,3.552012598980486963e-02,3.165486499418539990e-01
6.260000000000004450e-01,3.550692866828394217e-02,3.170459681863927459e-01
6.280000000000004468e-01,3.549399578751005757e-02,3.194036723838477032e-01
6.300000000000004485e-01,3.548123670342809288e-02,3.233543401681302498e-01
6.320000000000004503e-01,3.546857797164593151e-02,3.286690457296619905e-01
6.340000000000004521e-01,3.545596046505165855e-02,3.351514010648084518e-01
6.360000000000004539e-01,3.544537172495636212e-02,3.382834402588134615e-01
6.380000000000004556e-01,3.543647754362908020e-02,3.384958429410936387e-01
6.400000000000004574e-01,3.542899469483173219e-02,3.361726694202552546e-01
6.420000000000004592e-01,3.542268336763432224e-02,3.316531730152444402e-01
6.440000000000004610e-01,3.541734073995213977e-02,3.252341354731049239e-01
6.460000000000004627e-01,3.541279522587426759e-02,3.171752261710537590e-01
6.480000000000004645e-01,3.540890163772057730e-02,3.077040993663537338e-01
6.500000000000004663e-01,3.540553712421295324e-02,2.970202381697132354e-01
6.520000000000004681e-01,3.540262395575742571e-02,2.856274259521539016e-01
6.540000000000004698e-01,3.539712608473646882e-02,2.598731609916398733e-01
6.560000000000004716e-01,3.539241709233134636e-02,2.359216770764141768e-01
6.580000000000004734e-01,3.538835014767389292e-02,2.135145565400504430e-01
6.600000000000004752e-01,3.538480234429514787e-02,1.924350806627878330e-01
6.620000000000004770e-01,3.538167086322509258e-02,1.725012022996983418e-01
6.640000000000004787e-01,3.537886975591107014e-02,1.535597306859257383e-01
6.660000000000004805e-01,3.537632724496600489e-02,1.354815149729926282e-01
6.680000000000004823e-01,3.537398345823098561e-02,1.181574514176945145e-01
6.700000000000004841e-01,3.537178852588027111e-02,1.014951704558871848e-01
6.720000000000004858e-01,3.536970098198127105e-02,8.541628548460787618e-02
6.740000000000004876e-01,3.536768642155817266e-02,6.985410612026946020e-02
6.760000000000004894e-01,3.536571637218908354e-02,5.475173586218408384e-02
6.780000000000004912e-01,3.536376734580067710e-02,4.006048816732321605e-02
6.800000000000004929e-01,3.536211291037543586e-02,2.781498459848173732e-02
6.820000000000004947e-01,3.536069808294440425e-02,1.773222375993575850e-02
6.840000000000004965e-01,3.535948434744157903e-02,9.525878771301076603e-03
6.860000000000004983e-01,3.535843979881918286e-02,2.941993414230792414e-03
6.880000000000005000e-01,3.535753745479000565e-02,-2.242020076424660387e-03
6.900000000000005018e-01,3.535675447093254015e-02,-6.221282350525480891e-03
6.920000000000005036e-01,3.535607148511760167e-02,-9.166829591493300122e-03
6.940000000000005054e-01,3.535547206949123111e-02,-1.122855337656312319e-02
6.960000000000005071e-01,3.535494226370224785e-02,-1.253747061111104219e-02
6.980000000000005089e-01,3.535447018871108044e-02,-1.320791738262683777e-02
7.000000000000005107e-01,3.535404573724305888e-02,-1.333998360625290522e-02
7.020000000000005125e-01,3.535366030323235792e-02,-1.302120344557602429e-02
7.040000000000005143e-01,3.535330592756840556e-02,-1.234344261508518725e-02
7.060000000000005160e-01,3.535297643598953043e-02,-1.137077286695929897e-02
7.080000000000005178e-01,3.535243562593633898e-02,-1.582566000929053543e-02
7.100000000000005196e-01,3.535200029127921056e-02,-1.892316526491280224e-02
7.120000000000005214e-01,3.535164518808522893e-02,-2.089067856832785286e-02
7.140000000000005231e-01,3.535134980891137951e-02,-2.192271014356117487e-02
7.160000000000005249e-01,3.535109756840942169e-02,-2.218549302507253837e-02
7.180000000000005267e-01,3.535087512324190662e-02,-2.182093084468792951e-02
7.200000000000005285e-01,3.535067180453398128e-02,-2.094998756003540671e-02
7.220000000000005302e-01,3.535047914464440472e-02,-1.967560089377905219e-02
7.240000000000005320e-01,3.535001473872621813e-02,-2.377935320063149713e-02
7.260000000000005338e-01,3.534965018085094862e-02,-2.646154049066843858e-02
7.280000000000005356e-01,3.534935810761874464e-02,-2.796936841694321399e-02
7.300000000000005373e-01,3.534911650631410163e-02,-2.851615243321763832e-02
7.320000000000005391e-01,3.534890788965112246e-02,-2.828324206905923760e-02
7.340000000000005409e-01,3.534871849128887189e-02,-2.742436250925953459e-02
7.360000000000005427e-01,3.534853758677038854e-02,-2.606957824318671679e-02
7.380000000000005445e-01,3.534835692971677323e-02,-2.432868877486499617e-02
7.400000000000005462e-01,3.534817012641932460e-02,-2.229445213030992884e-02
7.420000000000005480e-01,3.534797212092564977e-02,-2.004534017698748546e-02
7.440000000000005498e-01,3.534775926195737883e-02,-1.764692526369703723e-02
7.460000000000005516e-01,3.534752902036413652e-02,-1.515375042300532403e-02
7.480000000000005533e-01,3.534696861804385859e-02,-1.806973975352229450e-02
7.500000000000005551e-01,3.534649752472450446e-02,-1.983257044968318727e-02
7.520000000000005569e-01,3.534609041629246245e-02,-2.065222440863109798e-02
7.540000000000005587e-01,3.534572715128110609e-02,-2.070924280849082907e-02
7.560000000000005604e-01,3.534541174025160326e-02,-1.994717882588726079e-02
7.580000000000005622e-01,3.534512596810773788e-02,-1.854091108856156106e-02
7.600000000000005640e-01,3.534485566779836663e-02,-1.663685311979463954e-02
7.620000000000005658e-01,3.534458995755648120e-02,-1.435722733259256652e-02
7.640000000000005675e-01,3.534432061107129625e-02,-1.180370870262385449e-02
7.660000000000005693e-01,3.534404153835597751e-02,-9.060531966976705445e-03
7.680000000000005711e-01,3.534336570008036332e-02,-1.159444069164491768e-02
7.700000000000005729e-01,3.534279514502637609e-02,-1.294015291115219526e-02
7.720000000000005747e-01,3.534230107792276504e-02,-1.332219738647903023e-02
7.740000000000005764e-01,3.534186041963392755e-02,-1.293032993815241768e-02
7.760000000000005782e-01,3.534145487449742717e-02,-1.192477195145588524e-02
7.780000000000005800e-01,3.534107021465742599e-02,-1.044190970962411563e-02
7.800000000000005818e-01,3.534069545265037388e-02,-8.595791173068750499e-03
7.820000000000005835e-01,3.534032221834510629e-02,-6.481355501545089590e-03
7.840000000000005853e-01,3.533994466614051588e-02,-4.178421602580692680e-03
7.860000000000005871e-01,3.533955878621591884e-02,-1.753450480635286492e-03
7.880000000000005889e-01,3.533916191107042831e-02,7.387395075356284089e-04
7.900000000000005906e-01,3.533834914351145079e-02,-2.023551496429402529e-03
7.920000000000005924e-01,3.533764575666836771e-02,-3.688975145570440404e-03
7.940000000000005942e-01,3.533702459831689069e-02,-4.463521982053420163e-03
7.960000000000005960e-01,3.533646368900942442e-02,-4.520988711124853537e-03
7.980000000000005977e-01,3.533594565842156782e-02,-4.008847643988553734e-03
8.000000000000005995e-01,3.533545702593253457e-02,-3.052855173311196275e-03
8.020000000000006013e-01,3.533498724992824996e-02,-1.757948698222277801e-03
8.040000000000006031e-01,3.533452817037793792e-02,-2.114253207168919572e-04
8.060000000000006048e-01,3.533407355006814438e-02,1.514357919013863737e-03
8.080000000000006066e-01,3.533361869764196223e-02,3.359689315155742553e-03
8.100000000000006084e-01,3.533316015843471214e-02,5.275551710051273706e-03
8.120000000000006102e-01,3.533269546145618306e-02,7.221963642415956883e-03
8.140000000000006120e-01,3.533180851114003235e-02,4.007193585427438337e-03
8.160000000000006137e-01,3.533103664594139381e-02,1.854335631788567133e-03
8.180000000000006155e-01,3.533035261327826387e-02,5.679895760251716524e-04
8.200000000000006173e-01,3.532973423352265413e-02,-1.668569270592358723e-05
8.220000000000006191e-01,3.532916386664103348e-02,-4.015857926662210706e-05
8.240000000000006208e-01,3.532862762292583031e-02,3.786717035826570542e-04
8.260000000000006226e-01,3.532811455910509629e-02,1.140392196796481726e-03
8.280000000000006244e-01,3.532761612749041324e-02,2.162107457922185332e-03
8.300000000000006262e-01,3.532712572179934341e-02,3.374918407432544055e-03
8.320000000000006279e-01,3.532663830322495258e-02,4.721780237560637902e-03
8.340000000000006297e-01,3.532615069114475315e-02,6.158510916676808097e-03
8.360000000000006315e-01,3.532566093274494556e-02,7.650498030511019426e-03
8.380000000000006333e-01,3.532474728558487875e-02,4.072967272902875031e-03
8.400000000000006350e-01,3.532395068501910373e-02,1.561397597020181081e-03
8.420000000000006368e-01,3.532324370706763778e-02,-7.714550594789018579e-05
8.440000000000006386e-01,3.532260412146255579e-02,-1.005792410901681965e-03
8.460000000000006404e-01,3.532201416352239581e-02,-1.363588282871664456e-03
8.480000000000006422e-01,3.532145979483224119e-02,-1.268105128746644696e-03
8.500000000000006439e-01,3.532093010743538042e-02,-8.169611951495200789e-04
8.520000000000006457e-01,3.532041766214248646e-02,-8.651045630862898110e-05
8.540000000000006475e-01,3.531991663394809522e-02,8.591337739507400734e-04
8.560000000000006493e-01,3.531942250038545839e-02,1.966263642884682333e-03
8.580000000000006510e-01,3.531893178649338910e-02,3.190017622166137472e-03
8.600000000000006528e-01,3.531844185648812945e-02,4.493054784307317674e-03
8.620000000000006546e-01,3.531752260704079660e-02,7.964497535842491108e-04
8.640000000000006564e-01,3.531671957412563928e-02,-1.842433440080422716e-03
8.660000000000006581e-01,3.531600549715005477e-02,-3.614063349253426351e-03
8.680000000000006599e-01,3.531535833006745062e-02,-4.679598635645934417e-03
8.700000000000006617e-01,3.531476156995255744e-02,-5.171320975469662594e-03
8.720000000000006635e-01,3.531420257795714335e-02,-5.198985738591364002e-03
8.740000000000006652e-01,3.531367127693318259e-02,-4.855200548269664532e-03
8.760000000000006670e-01,3.531315967500632536e-02,-4.217992697983279082e-03
8.780000000000006688e-01,3.531266147378172432e-02,-3.352987487796527978e-03
8.800000000000006706e-01,3.531217174654262964e-02,-2.315258190087901308e-03
8.820000000000006724e-01,3.531168667430775732e-02,-1.150898590217114357e-03
8.840000000000006741e-01,3.531120332968677028e-02,1.016391035057871462e-04
8.860000000000006759e-01,3.531071950019141342e-02,1.410404997543092702e-03
8.880000000000006777e-01,3.530979837893127860e-02,-2.236867368825751212e-03
8.900000000000006795e-01,3.530898936823302636e-02,-4.873129182281624172e-03
8.920000000000006812e-01,3.530826752562388898e-02,-6.674044577870953850e-03
8.940000000000006830e-01,3.530761341351563304e-02,-7.784959266895695798e-03
8.960000000000006848e-01,3.530701129447966907e-02,-8.331661600826855904e-03
8.980000000000006866e-01,3.530644838956952664e-02,-8.421389808578365332e-03
9.000000000000006883e-01,3.530591447871291033e-02,-8.144665602837063839e-03
9.020000000000006901e-01,3.530540142880816967e-02,-7.577795433874325373e-03
9.040000000000006919e-01,3.530490280518480684e-02,-6.784992488133262216e-03
9.060000000000006937e-01,3.530441355205855836e-02,-5.820178694027224216e-03
9.080000000000006954e-01,3.530392973006497154e-02,-4.728516445888988375e-03
9.100000000000006972e-01,3.530344830098676445e-02,-3.547711787273574290e-03
9.120000000000006990e-01,3.530296695147403657e-02,-2.309124138319217697e-03
9.140000000000007008e-01,3.530204166842621644e-02,-5.975851241232109715e-03
9.160000000000007025e-01,3.530122895575053127e-02,-8.643627373134869438e-03
9.180000000000007043e-01,3.530050472299389036e-02,-1.048169813287881495e-02
9.200000000000007061e-01,3.529984937663706301e-02,-1.163395144596575045e-02
9.220000000000007079e-01,3.529924705420702663e-02,-1.222421920666073858e-02
9.240000000000007097e-01,3.529868492949528314e-02,-1.235900658966770059e-02
9.260000000000007114e-01,3.529815264894130972e-02,-1.212802789148020866e-02
9.280000000000007132e-01,3.529764195956593131e-02,-1.160692961051621071e-02
9.300000000000007150e-01,3.529714631967421218e-02,-1.085939101766728032e-02
9.320000000000007168e-01,3.529666057847802296e-02,-9.938907521305351614e-03
9.340000000000007185e-01,3.529618071275692631e-02,-8.890306208264014270e-03
9.360000000000007203e-01,3.529570361069930828e-02,-7.751035005806087251e-03
9.380000000000007221e-01,3.529522689474329233e-02,-6.552260284289504119e-03
9.400000000000007239e-01,3.529474877662926169e-02,-5.319802184267204137e-03
9.420000000000007256e-01,3.529381907964389969e-02,-8.953018720562085780e-03
9.440000000000007274e-01,3.529300188164240237e-02,-1.161508024604191586e-02
9.460000000000007292e-01,3.529227332947987988e-02,-1.347010408871609881e-02
9.480000000000007310e-01,3.529161400119288500e-02,-1.465760490127386746e-02
9.500000000000007327e-01,3.529100814539709585e-02,-1.529712578187789399e-02
9.520000000000007345e-01,3.529044306368452066e-02,-1.549214857968072949e-02
9.540000000000007363e-01,3.528990784242774098e-02,-1.533052761706657670e-02
9.560000000000007381e-01,3.528939434116193374e-02,-1.488556274643729541e-02
9.580000000000007399e-01,3.528889609787448645e-02,-1.421896958949131831e-02
9.600000000000007416e-01,3.528840801611948103e-02,-1.338260659784798814e-02
9.620000000000007434e-01,3.528792610764498738e-02,-1.241994245460301995e-02
9.640000000000007452e-01,3.528744728096486899e-02,-1.136730405919414780e-02
9.660000000000007470e-01,3.528696916793164912e-02,-1.025493889293728998e-02
9.680000000000007487e-01,3.528648998171589335e-02,-9.107920179627816346e-03
9.700000000000007505e-01,3.528555207683872763e-02,-1.277925103750917821e-02
9.720000000000007523e-01,3.528472797672783934e-02,-1.548732573669418626e-02
9.740000000000007541e-01,3.528399372951104840e-02,-1.739440860456970689e-02
9.760000000000007558e-01,3.528332981646202515e-02,-1.863844168346836389e-02
9.780000000000007576e-01,3.528272037881540618e-02,-1.933676144270301406e-02
9.800000000000007594e-01,3.528215262253175249e-02,-1.959192353536382686e-02
9.820000000000007612e-01,3.528161625811878505e-02,-1.949039068759645527e-02
9.840000000000007629e-01,3.528110302962413763e-02,-1.910496162094726599e-02
9.860000000000007647e-01,3.528060630274697934e-02,-1.849677880081139134e-02
9.880000000000007665e-01,3.528012082767736229e-02,-1.771724390111970721e-02
9.900000000000007683e-01,3.527964247972384393e-02,-1.680946904795528260e-02
9.920000000000007701e-01,3.527916804611233581e-02,-1.580951041036667698e-02
9.940000000000007718e-01,3.527869505098048253e-02,-1.474741780654858538e-02
9.960000000000007736e-01,3.527822161194667933e-02,-1.364812860638069808e-02
9.980000000000007754e-01,3.527774644012358907e-02,-1.253212425011576529e-02
1.000000000000000666e+00,3.527680561518310720e-02,-1.619218504755130100e-02
1.002000000000000668e+00,3.527597893111732164e-02,-1.891176632248190229e-02
1.004000000000000670e+00,3.527524257302635385e-02,-2.084872225221944680e-02
1.006000000000000671e+00,3.527457711427908760e-02,-2.213724469058570704e-02
1.008000000000000673e+00,3.527396675083811078e-02,-2.289137787109187319e-02
1.010000000000000675e+00,3.527339870395623800e-02,-2.321055769230211466e-02
1.012000000000000677e+00,3.527286268127748092e-02,-2.317903403089626585e-02
1.014000000000000679e+00,3.527235042473309684e-02,-2.286777638567451601e-02
1.016000000000000680e+00,3.527185533791433319e-02,-2.233649631147666820e-02
1.018000000000000682e+00,3.527137217929213892e-02,-2.163535477226229478e-02
1.020000000000000684e+00,3.527089677855745758e-02,-2.080634330596482090e-02
1.022000000000000686e+00,3.527042626244505930e-02,-1.988557516809731640e-02
1.024000000000000687e+00,3.526995760703732774e-02,-1.890114101492054721e-02
1.026000000000000689e+00,3.526948888625903999e-02,-1.787741133260817641e-02
1.028000000000000691e+00,3.526901865218831644e-02,-1.683453207859264902e-02
1.030000000000000693e+00,3.526807638235313069e-02,-2.051815512238600731e-02
1.032000000000000695e+00,3.526724900157676007e-02,-2.326631469986117570e-02
1.034000000000000696e+00,3.526651310026404640e-02,-2.523725436027982744e-02
1.036000000000000698e+00,3.526584913497781554e-02,-2.656373758507931532e-02
1.038000000000000700e+00,3.526524119129351847e-02,-2.735860408699010426e-02
1.040000000000000702e+00,3.526467638088766343e-02,-2.771978871929424784e-02
1.042000000000000703e+00,3.526414431244318665e-02,-2.773080870862018946e-02
1.044000000000000705e+00,3.526363663913063828e-02,-2.746202168408911487e-02
1.046000000000000707e+00,3.526314759075935279e-02,-2.705640781934855535e-02
1.048000000000000709e+00,3.526266992918543342e-02,-2.654404088388177124e-02
1.050000000000000711e+00,3.526219812523143093e-02,-2.595050086403517114e-02
1.052000000000000712e+00,3.526172801839320275e-02,-2.529749113175251349e-02
1.054000000000000714e+00,3.526125654078155619e-02,-2.460340000152372655e-02
1.056000000000000716e+00,3.526078148370390131e-02,-2.388376345160442976e-02
1.058000000000000718e+00,3.526030132697548919e-02,-2.315169169573770905e-02
1.060000000000000719e+00,3.525981508483918420e-02,-2.241818110865577071e-02
1.062000000000000721e+00,3.525885590435006572e-02,-2.636074240366655455e-02
1.064000000000000723e+00,3.525800488146706851e-02,-2.936713905082428272e-02
1.066000000000000725e+00,3.525723942353346102e-02,-3.159199578284219156e-02
1.068000000000000727e+00,3.525654100153093745e-02,-3.316595474546579769e-02
1.070000000000000728e+00,3.525589505439657989e-02,-3.420510539638588199e-02
1.072000000000000730e+00,3.525529001837104937e-02,-3.480943237364596959e-02
1.074000000000000732e+00,3.525471662447533100e-02,-3.506329809775268758e-02
1.076000000000000734e+00,3.525416746470819152e-02,-3.503777766961141404e-02
1.078000000000000735e+00,3.525363615265223599e-02,-3.478962857994853664e-02
1.080000000000000737e+00,3.525311751677785710e-02,-3.436597147647703354e-02
1.082000000000000739e+00,3.525260749402409077e-02,-3.380653108530745632e-02
1.084000000000000741e+00,3.525210291686264180e-02,-3.314472954332593757e-02
1.086000000000000743e+00,3.525160133911529881e-02,-3.240861490635405656e-02
1.088000000000000744e+00,3.525110089369762334e-02,-3.162165081159706848e-02
1.090000000000000746e+00,3.525060017664208983e-02,-3.080338899479737047e-02
1.092000000000000748e+00,3.525009815273139058e-02,-2.997004281349959637e-02
1.094000000000000750e+00,3.524959407888246521e-02,-2.913497698055348556e-02
1.096000000000000751e+00,3.524908744209288153e-02,-2.830912626175732111e-02
1.098000000000000753e+00,3.524810597650915311e-02,-3.209942542116962783e-02
1.100000000000000755e+00,3.524723513938032848e-02,-3.497385245229989170e-02
1.102000000000000757e+00,3.524645329936219873e-02,-3.708246232209794213e-02
1.104000000000000759e+00,3.524574188648162826e-02,-3.855389856921759284e-02
1.106000000000000760e+00,3.524508608854863556e-02,-3.950110243535021048e-02
1.108000000000000762e+00,3.524447413155244041e-02,-4.002238845648196930e-02
1.110000000000000764e+00,3.524389650082875719e-02,-4.020062912389558291e-02
1.112000000000000766e+00,3.524334552398998566e-02,-4.010557730633566853e-02
1.114000000000000767e+00,3.524281502869337779e-02,-3.979583403491041005e-02
1.116000000000000769e+00,3.524230006207756255e-02,-3.932051780051540324e-02
1.118000000000000771e+00,3.524179666099776231e-02,-3.872068228369233284e-02
1.120000000000000773e+00,3.524130195598606380e-02,-3.802827127921303008e-02
1.122000000000000774e+00,3.524081260865537246e-02,-3.727038703090478078e-02
1.124000000000000776e+00,3.524032622671066650e-02,-3.646911035728214040e-02
1.126000000000000778e+00,3.523984108572830731e-02,-3.564249867522877729e-02
1.128000000000000780e+00,3.523935586925354413e-02,-3.480549691249316263e-02
1.130000000000000782e+00,3.523886958831803917e-02,-3.397039546898374118e-02
1.132000000000000783e+00,3.523838151581282913e-02,-3.314722175595901515e-02
1.134000000000000785e+00,3.523741633197409462e-02,-3.689955459834849683e-02
1.136000000000000787e+00,3.523656053354268236e-02,-3.975271344685214758e-02
1.138000000000000789e+00,3.523579352916335339e-02,-4.184114994973647111e-02
1.140000000000000790e+00,3.523509676488869452e-02,-4.329278849494822001e-02
1.142000000000000792e+00,3.523445526868834721e-02,-4.421843012811563223e-02
1.144000000000000794e+00,3.523385723590548302e-02,-4.471603354645512646e-02
1.146000000000000796e+00,3.523329312553842574e-02,-4.486822514631837872e-02
1.148000000000000798e+00,3.523275524383173013e-02,-4.474460180454675057e-02
1.150000000000000799e+00,3.523223740232421519e-02,-4.440368211655423142e-02
1.152000000000000801e+00,3.523173463728781346e-02,-4.389456176670594734e-02
1.154000000000000803e+00,3.523124297976856084e-02,-4.325831954939522023e-02
1.156000000000000805e+00,3.523075926731831370e-02,-4.252921295546994301e-02
1.158000000000000806e+00,3.523028099005534597e-02,-4.173569591873885903e-02
1.160000000000000808e+00,3.522980616497196904e-02,-4.090128605917358467e-02
1.162000000000000810e+00,3.522933323346529727e-02,-4.004530438012532390e-02
1.164000000000000812e+00,3.522886097794247773e-02,-3.918350672551358660e-02
1.166000000000000814e+00,3.522838835724445561e-02,-3.832801950812432523e-02
1.168000000000000815e+00,3.522791446043642416e-02,-3.748785482964275828e-02
1.170000000000000817e+00,3.522743862025190520e-02,-3.667028989650383125e-02
1.172000000000000819e+00,3.522648219198731140e-02,-4.039035533981606002e-02
1.174000000000000821e+00,3.522563379639923747e-02,-4.323037947907071993e-02
1.176000000000000822e+00,3.522487314781374418e-02,-4.531479674789707507e-02
1.178000000000000824e+00,3.522418250027233022e-02,-4.676645529902879322e-02
1.180000000000000826e+00,3.522354692209974519e-02,-4.769441890674899764e-02
1.182000000000000828e+00,3.522295464517511548e-02,-4.819537910305105033e-02
1.184000000000000830e+00,3.522239615277937552e-02,-4.835095220935521632e-02
1.186000000000000831e+00,3.522186376690648879e-02,-4.822993965172028830e-02
1.188000000000000833e+00,3.522135130911371176e-02,-4.789024346063883858e-02
1.190000000000000835e+00,3.522085382204412363e-02,-4.738049155243741206e-02
1.192000000000000837e+00,3.522036734099148053e-02,-4.674141840939061848e-02
1.194000000000000838e+00,3.521988870672238675e-02,-4.600703931937375618e-02
1.196000000000000840e+00,3.521941541229436923e-02,-4.520565013873673044e-02
1.198000000000000842e+00,3.521894547786739993e-02,-4.436067938625251617e-02
1.200000000000000844e+00,3.521847734854772344e-02,-4.349141518196672496e-02
1.202000000000000846e+00,3.521800981116459534e-02,-4.261362596454140728e-02
1.204000000000000847e+00,3.521754192659360544e-02,-4.174009093217703747e-02
1.206000000000000849e+00,3.521707297483087779e-02,-4.088105365458863383e-02
1.208000000000000851e+00,3.521660241051134677e-02,-4.004461021360109646e-02
1.210000000000000853e+00,3.521612982696902677e-02,-3.923704147888724264e-02
1.212000000000000854e+00,3.521565492727239677e-02,-3.846309765631556604e-02
1.214000000000000856e+00,3.521469728745283551e-02,-4.218859142253590655e-02
1.216000000000000858e+00,3.521384670531987893e-02,-4.505802233527697598e-02
1.218000000000000860e+00,3.521308327036561797e-02,-4.719100431363512649e-02
1.220000000000000862e+00,3.521239012239987809e-02,-4.869645355245415946e-02
1.222000000000000863e+00,3.521175236524955177e-02,-4.968093565972445808e-02
1.224000000000000865e+00,3.521115825954119344e-02,-5.023928990376703985e-02
1.226000000000000867e+00,3.521059829995696472e-02,-5.045164454023680356e-02
1.228000000000000869e+00,3.521006480773374026e-02,-5.038561913627934152e-02
1.230000000000000870e+00,3.520955159547623642e-02,-5.009819094552410423e-02
1.232000000000000872e+00,3.520905369167390275e-02,-4.963727855267627276e-02
1.234000000000000874e+00,3.520856711449750487e-02,-4.904308724781128448e-02
1.236000000000000876e+00,3.520808868625557170e-02,-4.834925331883514754e-02
1.238000000000000878e+00,3.520761588138145853e-02,-4.758381840767605259e-02
1.240000000000000879e+00,3.520714670205412483e-02,-4.677006004890970486e-02
1.242000000000000881e+00,3.520667957657573621e-02,-4.592720032342539199e-02
1.244000000000000883e+00,3.520621327647339288e-02,-4.507101106995198281e-02
1.246000000000000885e+00,3.520588622213649543e-02,-4.365156754540344686e-02
1.248000000000000886e+00,3.520566994852643988e-02,-4.178244975567921987e-02
1.250000000000000888e+00,3.520554058401311609e-02,-3.956023817525148450e-02
1.252000000000000890e+00,3.520547815604189307e-02,-3.706683794848598251e-02
1.254000000000000892e+00,3.520546600009714922e-02,-3.437149133627101505e-02
1.256000000000000894e+00,3.520538375786443075e-02,-3.513703640700174824e-02
1.258000000000000895e+00,3.520536548501201901e-02,-3.511984311019213101e-02
1.260000000000000897e+00,3.520539201311650296e-02,-3.445196935790444809e-02
1.262000000000000899e+00,3.520544780360972820e-02,-3.324799414628871325e-02
1.264000000000000901e+00,3.520552034484859122e-02,-3.160708564652755376e-02
1.266000000000000902e+00,3.520559991125925270e-02,-2.961980972472159912e-02
1.268000000000000904e+00,3.520567858323227911e-02,-2.736794894568946729e-02
1.270000000000000906e+00,3.520575016155206433e-02,-2.492950778810374551e-02
1.272000000000000908e+00,3.520581000029802260e-02,-2.235289620664921220e-02
1.274000000000000909e+00,3.520585463984047397e-02,-1.968647124669047760e-02
1.276000000000000911e+00,3.520588158994115285e-02,-1.697018174940808852e-02
1.278000000000000913e+00,3.520588913838981759e-02,-1.423683244916898287e-02
1.280000000000000915e+00,3.520587619374633548e-02,-1.151316321137235352e-02
1.282000000000000917e+00,3.520584215636555353e-02,-8.820770958599403327e-03
1.284000000000000918e+00,3.520578681285755490e-02,-6.176897572899509720e-03
1.286000000000000920e+00,3.520559158447460896e-02,-7.195044920846073271e-03
1.288000000000000922e+00,3.520541702654175070e-02,-7.592606780103665701e-03
1.290000000000000924e+00,3.520525347869973842e-02,-7.468040125769153346e-03
1.292000000000000925e+00,3.520509339831524864e-02,-6.907476114664913916e-03
1.294000000000000927e+00,3.520493097898587387e-02,-5.986055974612847566e-03
1.296000000000000929e+00,3.520476227196440988e-02,-4.781293700029343348e-03
1.298000000000000931e+00,3.520458395895952053e-02,-3.359346801840221424e-03
1.300000000000000933e+00,3.520439375542827598e-02,-1.775376796341046658e-03
1.302000000000000934e+00,3.520419018424801594e-02,-7.522962888627308898e-05
1.304000000000000936e+00,3.520397239302629211e-02,1.703139198356425901e-03
1.306000000000000938e+00,3.520374010341452420e-02,3.524986314877159421e-03
1.308000000000000940e+00,3.520349319668036880e-02,5.369290705164187980e-03
1.310000000000000941e+00,3.520323193844450416e-02,7.215410566805938349e-03
1.312000000000000943e+00,3.520295678053846078e-02,9.046679354893448141e-03
1.314000000000000945e+00,3.520266830376372891e-02,1.084978404766670686e-02
1.316000000000000947e+00,3.520236717312715674e-02,1.261423645629646852e-02
1.318000000000000949e+00,3.520205410316104566e-02,1.433192346203009983e-02
1.320000000000000950e+00,3.520172983136652528e-02,1.599672428242385896e-02
1.322000000000000952e+00,3.520139509817393070e-02,1.760418472452589256e-02
1.324000000000000954e+00,3.520091793823526549e-02,1.561143962332407938e-02
1.326000000000000956e+00,3.520047557638922991e-02,1.425447977730295510e-02
1.328000000000000957e+00,3.520005814181863951e-02,1.343892575762226614e-02
1.330000000000000959e+00,3.519965779608747597e-02,1.308206318452365818e-02
1.332000000000000961e+00,3.519926864190025401e-02,1.310373317893562956e-02
1.334000000000000963e+00,3.519888612376457365e-02,1.342806633345050918e-02
1.336000000000000965e+00,3.519850651522827417e-02,1.399294151836624582e-02
1.338000000000000966e+00,3.519812707547091690e-02,1.474628573395232387e-02
1.340000000000000968e+00,3.519774583863379686e-02,1.564454396032563532e-02
1.342000000000000970e+00,3.519736144369300934e-02,1.665138277698338318e-02
1.344000000000000972e+00,3.519697299751509828e-02,1.773659105209157705e-02
1.346000000000000973e+00,3.519657996612905737e-02,1.887517618481265522e-02
1.348000000000000975e+00,3.519618209922991542e-02,2.004690136610631085e-02
1.350000000000000977e+00,3.519577934144350190e-02,2.123516241842912655e-02
1.352000000000000979e+00,3.519537177878052231e-02,2.242642876162314822e-02
1.354000000000000981e+00,3.519495959661588652e-02,2.360976809276304350e-02
1.356000000000000982e+00,3.519454304698035191e-02,2.477644198055194841e-02
1.358000000000000984e+00,3.519412370368912163e-02,2.591558365708157216e-02
1.360000000000000986e+00,3.519370156413936107e-02,2.702197366424149635e-02
1.362000000000000988e+00,3.519327670246803069e-02,2.809179408932191771e-02
1.364000000000000989e+00,3.519284924565640321e-02,2.912238582674319537e-02
1.366000000000000991e+00,3.519241935502892549e-02,3.011204368462895575e-02
1.368000000000000993e+00,3.519184886160293957e-02,2.757334514710968465e-02
1.370000000000000995e+00,3.519132077925352792e-02,2.568372811399907696e-02
1.372000000000000997e+00,3.519082471469121842e-02,2.435026805709730735e-02
1.374000000000000998e+00,3.519035223850461302e-02,2.348982514040658456e-02
1.376000000000001000e+00,3.518989680444352397e-02,2.302490438031027167e-02
1.378000000000001002e+00,3.518945368027268789e-02,2.287995321814342495e-02
1.380000000000001004e+00,3.518901892835829548e-02,2.299300619472575274e-02
1.382000000000001005e+00,3.518858940059008122e-02,2.331279072088293658e-02
1.384000000000001007e+00,3.518816275053888304e-02,2.379624573415659722e-02
1.386000000000001009e+00,3.518773726270825464e-02,2.440727835334063206e-02
1.388000000000001011e+00,3.518731171467083529e-02,2.511570963027618536e-02
1.390000000000001013e+00,3.518688527214807599e-02,2.589654145825351708e-02
1.392000000000001014e+00,3.518645739991967808e-02,2.672921938384891991e-02
1.394000000000001016e+00,3.518602777987509672e-02,2.759671850969739812e-02
1.396000000000001018e+00,3.518559625596260482e-02,2.848500693479636900e-02
1.398000000000001020e+00,3.518516279069797137e-02,2.938258936420557604e-02
1.400000000000001021e+00,3.518472743103771838e-02,3.028011861585980929e-02
1.402000000000001023e+00,3.518429028181564722e-02,3.117006470377084448e-02
1.404000000000001025e+00,3.518385148526638473e-02,3.204643280616494005e-02
1.406000000000001027e+00,3.518341120542832490e-02,3.290452278899536759e-02
1.408000000000001029e+00,3.518296961643980342e-02,3.374072409513364373e-02
1.410000000000001030e+00,3.518252689392504379e-02,3.455234076482863875e-02
1.412000000000001032e+00,3.518208320881689027e-02,3.533744215470385752e-02
1.414000000000001034e+00,3.518163872308700812e-02,3.609473559627190270e-02
1.416000000000001036e+00,3.518104810251100611e-02,3.337757058305881180e-02
1.418000000000001037e+00,3.518050246146089965e-02,3.130950226251998786e-02
1.420000000000001039e+00,3.517999123436064274e-02,2.979867372154932498e-02
1.422000000000001041e+00,3.517950580249239872e-02,2.876255407032847836e-02
1.424000000000001043e+00,3.517903930178512689e-02,2.812921821736515463e-02
1.426000000000001044e+00,3.517858669409374556e-02,2.782724567180436259e-02
1.428000000000001046e+00,3.517814417800896321e-02,2.779322359115309754e-02
1.430000000000001048e+00,3.517770872050907105e-02,2.797445965824670727e-02
1.432000000000001050e+00,3.517727777122971883e-02,2.832788387898890411e-02
1.434000000000001052e+00,3.517684942918601620e-02,2.881729496134379301e-02
1.436000000000001053e+00,3.517642231049721013e-02,2.941250114025965867e-02
1.438000000000001055e+00,3.517599543547418606e-02,3.008844542643317535e-02
1.440000000000001057e+00,3.517556812814920386e-02,3.082420179725495202e-02
1.442000000000001059e+00,3.517513994552062817e-02,3.160235512228594390e-02
1.444000000000001060e+00,3.517471062107789537e-02,3.240847352165268647e-02
1.446000000000001062e+00,3.517428001995233366e-02,3.323065897901164578e-02
1.448000000000001064e+00,3.517384810350972918e-02,3.405916429325227257e-02
1.450000000000001066e+00,3.517341490158977513e-02,3.488606634073038865e-02
1.452000000000001068e+00,3.517298049091917289e-02,3.570498719656410580e-02
1.454000000000001069e+00,3.517254497849122558e-02,3.651085598227212653e-02
1.456000000000001071e+00,3.517210848892421415e-02,3.729970541142471618e-02
1.458000000000001073e+00,3.517167115499235386e-02,3.806849793110403390e-02
1.460000000000001075e+00,3.517123311067246738e-02,3.881497713467814414e-02
1.462000000000001076e+00,3.517079448617270454e-02,3.953754077537459388e-02
1.464000000000001078e+00,3.517035540451095288e-02,4.023513226088323846e-02
1.466000000000001080e+00,3.516991597929376712e-02,4.090714797366586108e-02
1.468000000000001082e+00,3.516947631341496572e-02,4.155335815392730697e-02
1.470000000000001084e+00,3.516888442799289555e-02,3.876940573540978846e-02
1.472000000000001085e+00,3.516833882338980810e-02,3.662190730167860786e-02
1.474000000000001087e+00,3.516782878100455784e-02,3.502053636007868703e-02
1.476000000000001089e+00,3.516734563152734694e-02,3.388554151372596968e-02
1.478000000000001091e+00,3.516688244518284545e-02,3.314732312461096675e-02
1.480000000000001092e+00,3.516643371897040793e-02,3.274522075523421394e-02
1.482000000000001094e+00,3.516599550764897691e-02,3.261756181093880547e-02
1.484000000000001096e+00,3.516556479750818781e-02,3.271132341480360167e-02
1.486000000000001098e+00,3.516513928069833067e-02,3.298213055437779206e-02
1.488000000000001100e+00,3.516471722583613957e-02,3.339308045415440018e-02
1.490000000000001101e+00,3.516429711292636678e-02,3.391438185582711096e-02
1.492000000000001103e+00,3.516387783502923636e-02,3.452102578271207256e-02
1.494000000000001105e+00,3.516345860748329444e-02,3.519207207875582610e-02
1.496000000000001107e+00,3.516303889488294615e-02,3.591004245382461296e-02
1.498000000000001108e+00,3.516261835256979246e-02,3.666040363592925483e-02
1.500000000000001110e+00,3.516219677996525877e-02,3.743112685762847031e-02
1.502000000000001112e+00,3.516177408354259626e-02,3.821231209411968949e-02
1.504000000000001114e+00,3.516135024762610806e-02,3.899586729907992405e-02
1.506000000000001116e+00,3.516092531152789635e-02,3.977523441274177785e-02
1.508000000000001117e+00,3.516049935179933750e-02,4.054515519585324274e-02
1.510000000000001119e+00,3.516007246859510077e-02,4.130147101512164631e-02
1.512000000000001121e+00,3.515964477532985966e-02,4.204095160523347446e-02
1.514000000000001123e+00,3.515921639095841156e-02,4.276114858836843613e-02
1.516000000000001124e+00,3.515878743433404480e-02,4.346027016811008364e-02
1.518000000000001126e+00,3.515835802020234047e-02,4.413707395055382898e-02
1.520000000000001128e+00,3.515792825647166137e-02,4.479077529764015353e-02
1.522000000000001130e+00,3.515748448103372947e-02,4.537554279209814884e-02
1.524000000000001132e+00,3.515702980957337298e-02,4.590337411482896951e-02
1.526000000000001133e+00,3.515656683790365639e-02,4.638246672609359911e-02
1.528000000000001135e+00,3.515609772187557741e-02,4.681842104276406208e-02
1.530000000000001137e+00,3.515562418015446416e-02,4.721630743819777570e-02
1.532000000000001139e+00,3.515514757477103402e-02,4.758069913042323879e-02
1.534000000000001140e+00,3.515466897763733917e-02,4.791570666732934691e-02
1.536000000000001142e+00,3.515418922538988966e-02,4.822501286512001495e-02
1.538000000000001144e+00,3.515356768915761654e-02,4.517501041023770647e-02
1.540000000000001146e+00,3.515300348022473015e-02,4.278731402654557120e-02
1.542000000000001148e+00,3.515248373303363205e-02,4.096941760651261200e-02
1.544000000000001149e+00,3.515199789403102709e-02,3.963975993405565584e-02
1.546000000000001151e+00,3.515153750312596803e-02,3.872694981771151318e-02
1.548000000000001153e+00,3.515109581869287764e-02,3.816858665518144123e-02
1.550000000000001155e+00,3.515066751046738019e-02,3.791028824027192073e-02
1.552000000000001156e+00,3.515024849517105893e-02,3.790300545804982379e-02
1.554000000000001158e+00,3.514983587727581876e-02,3.809830434528659743e-02
1.556000000000001160e+00,3.514942745025523979e-02,3.845553002691129429e-02
1.558000000000001162e+00,3.514902155440491338e-02,3.894061134964248161e-02
1.560000000000001164e+00,3.514861696151089232e-02,3.952505122546605409e-02
1.562000000000001165e+00,3.514821278156923107e-02,4.018507291748647792e-02
1.564000000000001167e+00,3.514780838758989334e-02,4.090089743704347636e-02
1.566000000000001169e+00,3.514740335520674663e-02,4.165613131494171756e-02
1.568000000000001171e+00,3.514699739201047196e-02,4.243735366010722293e-02
1.570000000000001172e+00,3.514659029878557800e-02,4.323367716182245635e-02
1.572000000000001174e+00,3.514618198494304929e-02,4.403615628393703352e-02
1.574000000000001176e+00,3.514577243903865833e-02,4.483749572533833605e-02
1.576000000000001178e+00,3.514536170566069651e-02,4.563180104276666482e-02
1.578000000000001180e+00,3.514494986746163896e-02,4.641436524065221253e-02
1.580000000000001181e+00,3.514453703132901230e-02,4.718148607791307347e-02
1.582000000000001183e+00,3.514412331787316462e-02,4.793030963645319997e-02
1.584000000000001185e+00,3.514370885356032925e-02,4.865869636532783871e-02
1.586000000000001187e+00,3.514329376494376711e-02,4.936510637882603192e-02
1.588000000000001188e+00,3.514286451920154569e-02,5.000729079004054972e-02
1.590000000000001190e+00,3.514242439086930070e-02,5.059242966906393052e-02
1.592000000000001192e+00,3.514197601869281651e-02,5.112697503500965301e-02
1.594000000000001194e+00,3.514152152015700276e-02,5.161671270883065599e-02
1.596000000000001195e+00,3.514106258628118401e-02,5.206682111688583359e-02
1.598000000000001197e+00,3.514060055998886878e-02,5.248192668813887740e-02
1.600000000000001199e+00,3.514013650081497520e-02,5.286615564740135970e-02
1.602000000000001201e+00,3.513967123825739725e-02,5.322318212920281594e-02
1.604000000000001203e+00,3.513920541569786476e-02,5.355627262885413742e-02
1.606000000000001204e+00,3.513873952649775034e-02,5.386832687503925743e-02
1.608000000000001206e+00,3.513827394360728718e-02,5.416191525672994084e-02
1.610000000000001208e+00,3.513780894380343772e-02,5.443931297041680606e-02
1.612000000000001210e+00,3.513734472748491350e-02,5.470253107487869221e-02
1.614000000000001211e+00,3.513688143479701265e-02,5.495334465267499857e-02
1.616000000000001213e+00,3.513641915872869892e-02,5.519331828240887916e-02
1.618000000000001215e+00,3.513595795571571034e-02,5.542382902534506717e-02
1.620000000000001217e+00,3.513549785419270433e-02,5.564608712556556869e-02
1.622000000000001219e+00,3.513503886146195770e-02,5.586115461564156864e-02
1.624000000000001220e+00,3.513458096918304491e-02,5.606996201067741131e-02
1.626000000000001222e+00,3.513412415773543851e-02,5.627332326319842842e-02
1.628000000000001224e+00,3.513366839966227534e-02,5.647194914030919527e-02
1.630000000000001226e+00,3.513321366236719923e-02,5.666645917317918862e-02
1.632000000000001227e+00,3.513275991020597261e-02,5.685739231757060141e-02
1.634000000000001229e+00,3.513230710608946511e-02,5.704521645300752314e-02
1.636000000000001231e+00,3.513185521269376194e-02,5.723033683749615547e-02
1.638000000000001233e+00,3.513140419335598896e-02,5.741310362448581728e-02
1.640000000000001235e+00,3.513095401271999763e-02,5.759381853915195720e-02
1.642000000000001236e+00,3.513050463718438848e-02,5.777274080207459028e-02
1.644000000000001238e+00,3.513005603519550601e-02,5.795009238002362534e-02
1.646000000000001240e+00,3.512960817741998115e-02,5.812606263582185961e-02
1.648000000000001242e+00,3.512916103682481306e-02,5.830081244215310626e-02
1.650000000000001243e+00,3.512871458868747909e-02,5.847447781766421798e-02
1.652000000000001245e+00,3.512826881055414879e-02,5.864717313776802304e-02
1.654000000000001247e+00,3.512782368216033069e-02,5.881899396714638378e-02
1.656000000000001249e+00,3.512737918532536641e-02,5.899001955604981501e-02
1.658000000000001251e+00,3.512693530382971635e-02,5.916031503805113667e-02
1.660000000000001252e+00,3.512649202328200354e-02,5.932993336290344477e-02
1.662000000000001254e+00,3.512604933098116555e-02,5.949891699454314814e-02
1.664000000000001256e+00,3.512560721577779460e-02,5.966729940102785679e-02
1.666000000000001258e+00,3.512501260183653606e-02,5.659407421353142287e-02
1.668000000000001259e+00,3.512446435064493083e-02,5.408661536932280606e-02
1.670000000000001261e+00,3.512395369537025386e-02,5.200811331623055034e-02
1.672000000000001263e+00,3.512348469389366123e-02,5.039093071172047467e-02
1.674000000000001265e+00,3.512304820178539094e-02,4.917365017473563499e-02
1.676000000000001267e+00,3.512263680142400230e-02,4.830178787580449024e-02
1.678000000000001268e+00,3.512224450188273367e-02,4.772709785814179678e-02
1.680000000000001270e+00,3.512186648846817721e-02,4.740693703197339931e-02
1.682000000000001272e+00,3.512149891393287482e-02,4.730368674386616068e-02
1.684000000000001274e+00,3.512113872464907999e-02,4.738422694255964296e-02
1.686000000000001275e+00,3.512078351609469046e-02,4.761945909304748925e-02
1.688000000000001277e+00,3.512043141289741127e-02,4.798387413498855086e-02
1.690000000000001279e+00,3.512008107424249848e-02,4.845278900705347197e-02
1.692000000000001281e+00,3.511973152148203936e-02,4.900438535081811514e-02
1.694000000000001283e+00,3.511938203067036662e-02,4.962024226059401355e-02
1.696000000000001284e+00,3.511903207835213175e-02,5.028484689061225865e-02
1.698000000000001286e+00,3.511868129773790953e-02,5.098517590793062715e-02
1.700000000000001288e+00,3.511832944339943197e-02,5.171033708658701045e-02
1.702000000000001290e+00,3.511797636293993718e-02,5.245126204499591521e-02
1.704000000000001291e+00,3.511762197436346655e-02,5.320044254975284798e-02
1.706000000000001293e+00,3.511726624808994557e-02,5.395170399424656371e-02
1.708000000000001295e+00,3.511690919274775696e-02,5.470001065042813526e-02
1.710000000000001297e+00,3.511653987429792095e-02,5.538164877493843841e-02
1.712000000000001299e+00,3.511616109598665603e-02,5.600481729765528771e-02
1.714000000000001300e+00,3.511577511117228850e-02,5.657660660351165188e-02
1.716000000000001302e+00,3.511538372360609866e-02,5.710315875726574425e-02
1.718000000000001304e+00,3.511498837022166558e-02,5.758980335121748062e-02
1.720000000000001306e+00,3.511459018940137067e-02,5.804117284716640845e-02
1.722000000000001307e+00,3.511419007719321361e-02,5.846130064406217935e-02
1.724000000000001309e+00,3.511378873353738356e-02,5.885370457294286650e-02
1.726000000000001311e+00,3.511338670021690866e-02,5.922145808124784638e-02
1.728000000000001313e+00,3.511298439195869453e-02,5.956725100341308393e-02
1.730000000000001315e+00,3.511258212187105127e-02,5.989344151075295941e-02
1.732000000000001316e+00,3.511218012220348322e-02,6.020210058031242456e-02
1.734000000000001318e+00,3.511177856124751695e-02,6.049505011088503192e-02
1.736000000000001320e+00,3.511137755705826674e-02,6.077389563756251112e-02
1.738000000000001322e+00,3.511097718856040495e-02,6.104005444810895603e-02
1.740000000000001323e+00,3.511057750450577442e-02,6.129477978027900176e-02
1.742000000000001325e+00,3.511017853066951411e-02,6.153918167492405944e-02
1.744000000000001327e+00,3.510978027560467812e-02,6.177424497204164061e-02
1.746000000000001329e+00,3.510938273521989339e-02,6.200084486309054288e-02
1.748000000000001330e+00,3.510898589639827039e-02,6.221976035064610833e-02
1.750000000000001332e+00,3.510858973983754100e-02,6.243168591392391636e-02
1.752000000000001334e+00,3.510819424225954111e-02,6.263724163429014447e-02
1.754000000000001336e+00,3.510779937811080165e-02,6.283698199730644585e-02
1.756000000000001338e+00,3.510740512085407800e-02,6.303140355603056855e-02
1.758000000000001339e+00,3.510701144393266193e-02,6.322095161330576474e-02
1.760000000000001341e+00,3.510661832147426303e-02,6.340602605786972712e-02
1.762000000000001343e+00,3.510622572878895065e-02,6.358698646964693058e-02
1.764000000000001345e+00,3.510583364270546819e-02,6.376415659304016104e-02
1.766000000000001346e+00,3.510544204178173144e-02,6.393782826294161503e-02
1.768000000000001348e+00,3.510505090641859866e-02,6.410826485618188741e-02
1.770000000000001350e+00,3.510466021890013694e-02,6.427570433089133117e-02
1.772000000000001352e+00,3.510426996337914080e-02,6.444036190751047111e-02
1.774000000000001354e+00,3.510388012582267570e-02,6.460243243771743304e-02
1.776000000000001355e+00,3.510349069392953297e-02,6.476209250115586014e-02
1.778000000000001357e+00,3.510310165702874852e-02,6.491950226438003568e-02
1.780000000000001359e+00,3.510271300596646410e-02,6.507480713175405052e-02
1.782000000000001361e+00,3.510232473298661310e-02,6.522813921402985382e-02
1.784000000000001362e+00,3.510193683160972578e-02,6.537961863688102060e-02
1.786000000000001364e+00,3.510154929651293498e-02,6.552935470871701362e-02
1.788000000000001366e+00,3.510116212341354847e-02,6.567744696455445064e-02
1.790000000000001368e+00,3.510077530895771430e-02,6.582398610053837029e-02
1.792000000000001370e+00,3.510038885061538688e-02,6.596905481181916664e-02
1.794000000000001371e+00,3.510000274658217623e-02,6.611272854486731354e-02
1.796000000000001373e+00,3.509961699568849014e-02,6.625507617390494208e-02
1.798000000000001375e+00,3.509923159731604542e-02,6.639616060992314939e-02
1.800000000000001377e+00,3.509884655132172737e-02,6.653603934970413192e-02
1.802000000000001378e+00,3.509846185796849927e-02,6.667476497136134994e-02
1.804000000000001380e+00,3.509807751786317431e-02,6.681238558212132528e-02
1.806000000000001382e+00,3.509769353190062002e-02,6.694894522339066290e-02
1.808000000000001384e+00,3.509730990121398553e-02,6.708448423755511425e-02
1.810000000000001386e+00,3.509692662713053551e-02,6.721903960044374460e-02
1.812000000000001387e+00,3.509654371113268834e-02,6.735264522293561706e-02
1.814000000000001389e+00,3.509615375638188567e-02,6.623186943877935884e-02
1.816000000000001391e+00,3.509575520016313538e-02,6.410632834835668092e-02
1.818000000000001393e+00,3.509534693532757876e-02,6.118015451798623772e-02
1.820000000000001394e+00,3.509492799553477066e-02,5.762306060871414531e-02
1.822000000000001396e+00,3.509449804593452876e-02,5.357914268103562000e-02
1.824000000000001398e+00,3.509405730372955334e-02,4.916690920593561054e-02
1.826000000000001400e+00,3.509360631716994250e-02,4.448505893482991580e-02
1.828000000000001402e+00,3.509314547735869344e-02,3.961890879604457183e-02
1.830000000000001403e+00,3.509267534977110470e-02,3.464009547740028866e-02
1.832000000000001405e+00,3.509219663383262439e-02,2.960837596194532823e-02
1.834000000000001407e+00,3.509171010898343157e-02,2.457333535847463363e-02
1.836000000000001409e+00,3.509121667227079605e-02,1.957504085188734033e-02
1.838000000000001410e+00,3.509071740234902953e-02,1.464424040520801579e-02
1.840000000000001412e+00,3.509021350171887682e-02,9.797931820468489331e-03
1.842000000000001414e+00,3.508970601358924607e-02,5.049037612404091990e-03
1.844000000000001416e+00,3.508919582784644081e-02,4.075067043999750600e-04
1.846000000000001418e+00,3.508868370222698735e-02,-4.119207153019615805e-03
1.848000000000001419e+00,3.508817028067802435e-02,-8.525737888789420779e-03
1.850000000000001421e+00,3.508777973804917683e-02,-1.194148816651277936e-02
1.852000000000001423e+00,3.508748234377877945e-02,-1.451532601840014106e-02
1.854000000000001425e+00,3.508725405466054520e-02,-1.637477197903854445e-02
1.856000000000001426e+00,3.508707574566694715e-02,-1.763060489452298110e-02
1.858000000000001428e+00,3.508693455165285552e-02,-1.839502850780018461e-02
1.860000000000001430e+00,3.508682021282242408e-02,-1.876259766308703558e-02
1.862000000000001432e+00,3.508672461054566233e-02,-1.881290325765263768e-02
1.864000000000001434e+00,3.508663980888597489e-02,-1.848155094456395767e-02
1.866000000000001435e+00,3.508655938770816746e-02,-1.782794272280598114e-02
1.868000000000001437e+00,3.508647848223696297e-02,-1.690404498859230525e-02
1.870000000000001439e+00,3.508639345082344152e-02,-1.575659552694663734e-02
1.872000000000001441e+00,3.508630163896866994e-02,-1.442734492387964286e-02
1.874000000000001442e+00,3.508620118356362699e-02,-1.295334865926505916e-02
1.876000000000001444e+00,3.508609085098782221e-02,-1.136728933542414596e-02
1.878000000000001446e+00,3.508596990366512347e-02,-9.697813460064205054e-03
1.880000000000001448e+00,3.508583799049182217e-02,-7.969871158002059253e-03
1.882000000000001450e+00,3.508569505724896259e-02,-6.205050317609331345e-03
1.884000000000001451e+00,3.508554145280603359e-02,-4.421756849631932294e-03
1.886000000000001453e+00,3.508537773543349281e-02,-2.635304238050645374e-03
1.888000000000001455e+00,3.508520462178058019e-02,-8.591983932342920618e-04
1.890000000000001457e+00,3.508502280613687990e-02,8.954794237444002689e-04
1.892000000000001458e+00,3.508483298969831965e-02,2.619532429700375913e-03
1.894000000000001460e+00,3.508463586371460968e-02,4.305429060354294853e-03
1.896000000000001462e+00,3.508443209724462081e-02,5.947102539539630972e-03
1.898000000000001464e+00,3.508422232857513062e-02,7.539768661638640221e-03
1.900000000000001465e+00,3.508400715952865456e-02,9.079760944301656922e-03
1.902000000000001467e+00,3.508378715202802034e-02,1.056438216092713163e-02
1.904000000000001469e+00,3.508356282640311824e-02,1.199177117631836792e-02
1.906000000000001471e+00,3.508333466102309811e-02,1.336078396939361680e-02
1.908000000000001473e+00,3.508310309291796936e-02,1.467088772190743538e-02
1.910000000000001474e+00,3.508286851912042342e-02,1.592206687246541449e-02
1.912000000000001476e+00,3.508263129851352247e-02,1.711474007334439287e-02
1.914000000000001478e+00,3.508239175401485499e-02,1.824968703807564388e-02
1.916000000000001480e+00,3.508215017496481986e-02,1.932798432598155022e-02
1.918000000000001481e+00,3.508190681961635693e-02,2.035094917254286900e-02
1.920000000000001483e+00,3.508166191764811731e-02,2.132009053906819621e-02
1.922000000000001485e+00,3.508141663713244124e-02,2.204195558993202186e-02
1.924000000000001487e+00,3.508117083144163956e-02,2.255411261921029878e-02
1.926000000000001489e+00,3.508092440473397494e-02,2.288915195958661150e-02
1.928000000000001490e+00,3.508067729992426359e-02,2.307531257793069696e-02
1.930000000000001492e+00,3.508042948919069121e-02,2.313703069847608193e-02
1.932000000000001494e+00,3.508018096651161627e-02,2.309542029508781028e-02
1.934000000000001496e+00,3.507993174182434670e-02,2.296869400807535072e-02
1.936000000000001497e+00,3.507968183647748595e-02,2.277253193210904830e-02
1.938000000000001499e+00,3.507943127971242109e-02,2.252040476394706267e-02
1.940000000000001501e+00,3.507918010596157432e-02,2.222385696992451934e-02
1.942000000000001503e+00,3.507892835279284582e-02,2.189275491496713022e-02
1.944000000000001505e+00,3.507867605936352412e-02,2.153550427164283368e-02
1.946000000000001506e+00,3.507842363355787724e-02,2.135712147623018350e-02
1.948000000000001508e+00,3.507817109439318598e-02,2.132690486392514392e-02
1.950000000000001510e+00,3.507791839114123011e-02,2.141882547043680654e-02
1.952000000000001512e+00,3.507766549345149587e-02,2.161049812904744516e-02
1.954000000000001513e+00,3.507741255497869720e-02,2.168575103948411700e-02
1.956000000000001515e+00,3.507715947691725233e-02,2.166416455257732035e-02
1.958000000000001517e+00,3.507690619000810445e-02,2.156262818082144150e-02
1.960000000000001519e+00,3.507665264812100808e-02,2.139568402152669871e-02
1.962000000000001521e+00,3.507639909458333538e-02,2.137391117577560132e-02
1.964000000000001522e+00,3.507614550097983702e-02,2.147164044776139757e-02
1.966000000000001524e+00,3.507589182234950587e-02,2.166690667869123829e-02
1.968000000000001526e+00,3.507563814567123128e-02,2.174314667313484092e-02
1.970000000000001528e+00,3.507538436554441530e-02,2.172035281980571469e-02
1.972000000000001529e+00,3.507513040794566633e-02,2.161577113369834297e-02
1.974000000000001531e+00,3.507487622345325379e-02,2.144425181899402635e-02
1.976000000000001533e+00,3.507462217680410582e-02,2.141735872122309259e-02
1.978000000000001535e+00,3.507436818521891819e-02,2.150965457274991652e-02
1.980000000000001537e+00,3.507411411690398995e-02,2.150071790012006087e-02
1.982000000000001538e+00,3.507385989427994066e-02,2.140805135748695409e-02
1.984000000000001540e+00,3.507360580538169265e-02,2.144585242662731817e-02
1.986000000000001542e+00,3.507335159869392344e-02,2.139168616694072864e-02
1.988000000000001544e+00,3.507309752330663860e-02,2.146105079429028173e-02
1.990000000000001545e+00,3.507284335331822822e-02,2.143231281750186332e-02
1.992000000000001547e+00,3.507258901882752411e-02,2.132255550507692124e-02
1.994000000000001549e+00,3.507233489646008340e-02,2.134624953832809507e-02
1.996000000000001551e+00,3.507208090088065333e-02,2.147953386872993725e-02
1.998000000000001553e+00,3.507182686161106067e-02,2.150238125039895948e-02
2.000000000000001332e+00,3.507157269314227499e-02,2.143362218149447163e-02
2.002000000000001112e+00,3.507131833841097002e-02,2.128948710348400539e-02
2.004000000000000892e+00,3.507106429099155626e-02,2.128437857281747017e-02
2.006000000000000671e+00,3.507081044912817303e-02,2.139366936038146483e-02
2.008000000000000451e+00,3.507055654728413741e-02,2.139604462420699113e-02
2.010000000000000231e+00,3.507030250706789226e-02,2.130985583199004538e-02
2.012000000000000011e+00,3.507004876909107505e-02,2.135169193485429023e-02
2.013999999999999790e+00,3.506979492067253262e-02,2.129788256941567842e-02
2.015999999999999570e+00,3.506954136822024864e-02,2.136616115894964321e-02
2.017999999999999350e+00,3.506928772190743421e-02,2.133352898202729372e-02
2.019999999999999130e+00,3.506903391484007121e-02,2.121753483921667155e-02
2.021999999999998909e+00,3.506878049627373817e-02,2.123471759115899693e-02
2.023999999999998689e+00,3.506852735649289288e-02,2.136130729477207432e-02
2.025999999999998469e+00,3.506806851898131017e-02,2.220586919044813257e-02
2.027999999999998249e+00,3.506744400848200993e-02,2.363499566165161436e-02
2.029999999999998028e+00,3.506668720748525037e-02,2.553565116299267440e-02
2.031999999999997808e+00,3.506582593639889778e-02,2.781211884275566759e-02
2.033999999999997588e+00,3.506488335755737068e-02,3.038341524724723006e-02
2.035999999999997367e+00,3.506387873189450999e-02,3.318109935594666660e-02
2.037999999999997147e+00,3.506282805238818134e-02,3.614741406981088895e-02
2.039999999999996927e+00,3.506174457443599762e-02,3.923370821411802795e-02
2.041999999999996707e+00,3.506063926001779657e-02,4.239909543626593780e-02
2.043999999999996486e+00,3.505952114973757278e-02,4.560931334267231962e-02
2.045999999999996266e+00,3.505839767452705730e-02,4.883575204957623511e-02
2.047999999999996046e+00,3.505727491686168318e-02,5.205462620625798953e-02
2.049999999999995826e+00,3.505615782972486272e-02,5.524626864165821383e-02
2.051999999999995605e+00,3.505505042020699846e-02,5.839452721666674173e-02
2.053999999999995385e+00,3.505395590349751761e-02,6.148624934305024076e-02
2.055999999999995165e+00,3.505287683208538341e-02,6.451084104673934783e-02
2.057999999999994944e+00,3.505181543266189248e-02,6.745905977684116261e-02
2.059999999999994724e+00,3.505077420901964169e-02,7.032083732606012050e-02
2.061999999999994504e+00,3.504975510124213461e-02,7.308835010142734900e-02
2.063999999999994284e+00,3.504875956729552877e-02,7.575571368462399868e-02
2.065999999999994063e+00,3.504778865390631437e-02,7.831871345885399460e-02
2.067999999999993843e+00,3.504684305814111805e-02,8.077456717043345058e-02
2.069999999999993623e+00,3.504592318090802433e-02,8.312171578676184891e-02
2.071999999999993403e+00,3.504510580974269651e-02,8.516925249409343368e-02
2.073999999999993182e+00,3.504437615355183305e-02,8.695267691677766031e-02
2.075999999999992962e+00,3.504372157019121359e-02,8.850321945149362823e-02
2.077999999999992742e+00,3.504313124903882942e-02,8.984837722990621223e-02
2.079999999999992522e+00,3.504259594146375001e-02,9.101237848052613766e-02
2.081999999999992301e+00,3.504210773181019867e-02,9.201658556652443643e-02
2.083999999999992081e+00,3.504165984267570977e-02,9.287984539301785691e-02
2.085999999999991861e+00,3.504124646923622438e-02,9.361879455366196867e-02
2.087999999999991640e+00,3.504086263818977087e-02,9.424812547751168501e-02
2.089999999999991420e+00,3.504050408757918011e-02,9.478081890631211148e-02
2.091999999999991200e+00,3.504016716433396711e-02,9.522834724946689644e-02
2.093999999999990980e+00,3.503984873685978690e-02,9.560085270406966373e-02
2.095999999999990759e+00,3.503954612041510625e-02,9.590730347007682399e-02
2.097999999999990539e+00,3.503925701336176729e-02,9.615563091904039128e-02
2.099999999999990319e+00,3.503897944266856634e-02,9.635285017482680958e-02
2.101999999999990099e+00,3.503871171729403683e-02,9.650516622482618878e-02
2.103999999999989878e+00,3.503845238828321579e-02,9.661806739068645733e-02
2.105999999999989658e+00,3.503820021458942113e-02,9.669640774062390753e-02
2.107999999999989438e+00,3.503795413378119755e-02,9.674447981415937314e-02
2.109999999999989218e+00,3.503771323692061318e-02,9.676607884921099856e-02
2.111999999999988997e+00,3.503747674700595505e-02,9.676455954616032529e-02
2.113999999999988777e+00,3.503724400046227122e-02,9.674288626992720574e-02
2.115999999999988557e+00,3.503701443123986153e-02,9.670367747598489216e-02
2.117999999999988336e+00,3.503678755714591947e-02,9.664924504687438800e-02
2.119999999999988116e+00,3.503656296808960874e-02,9.658162913982898390e-02
2.121999999999987896e+00,3.503634031596785520e-02,9.650262907166121118e-02
2.123999999999987676e+00,3.503611930595885299e-02,9.641383070243235431e-02
2.125999999999987455e+00,3.503589968902426355e-02,9.631663072324646302e-02
2.127999999999987235e+00,3.503568125544982009e-02,9.621225820458680078e-02
2.129999999999987015e+00,3.503546386100825361e-02,9.610170630064969466e-02
2.131999999999986795e+00,3.503524738881238360e-02,9.598584149482004835e-02
2.133999999999986574e+00,3.503503174060425274e-02,9.586543129521683804e-02
2.135999999999986354e+00,3.503481683412928288e-02,9.574115498076825326e-02
2.137999999999986134e+00,3.503460260086884576e-02,9.561361321085858067e-02
2.139999999999985913e+00,3.503438898408185037e-02,9.548333661676754180e-02
2.141999999999985693e+00,3.503417593711297129e-02,9.535079348097943996e-02
2.143999999999985473e+00,3.503396342193102614e-02,9.521639659954160562e-02
2.145999999999985253e+00,3.503375140786611774e-02,9.508050941283072155e-02
2.147999999999985032e+00,3.503353987051859714e-02,9.494345148128746636e-02
2.149999999999984812e+00,3.503332881397786674e-02,9.480543972983311585e-02
2.151999999999984592e+00,3.503311824433584520e-02,9.466666365484588397e-02
2.153999999999984372e+00,3.503290816702275129e-02,9.452729461106924858e-02
2.155999999999984151e+00,3.503269858691861194e-02,9.438748728387560960e-02
2.157999999999983931e+00,3.503248950844196907e-02,9.424738107740700255e-02
2.159999999999983711e+00,3.503228093562003181e-02,9.410710141607855905e-02
2.161999999999983491e+00,3.503207287214372273e-02,9.396676095906325576e-02
2.163999999999983270e+00,3.503186532141054632e-02,9.382646072897359024e-02
2.165999999999983050e+00,3.503165828655761121e-02,9.368629115712107103e-02
2.167999999999982830e+00,3.503145177048682529e-02,9.354633304855708431e-02
2.169999999999982609e+00,3.503124577588385274e-02,9.340665847065952876e-02
2.171999999999982389e+00,3.503104030523213758e-02,9.326733156938160629e-02
2.173999999999982169e+00,3.503083536082312460e-02,9.312840931746699247e-02
2.175999999999981949e+00,3.503063094476354528e-02,9.298994219900914848e-02
2.177999999999981728e+00,3.503042705898046227e-02,9.285197483470500335e-02
2.179999999999981508e+00,3.503022370522466261e-02,9.271454655206357032e-02
2.181999999999981288e+00,3.503002088507290585e-02,9.257769190468657927e-02
2.183999999999981068e+00,3.502981859992933267e-02,9.244144114456731565e-02
2.185999999999980847e+00,3.502961685102636696e-02,9.230582065115261470e-02
2.187999999999980627e+00,3.502941563942534725e-02,9.217085332070089343e-02
2.189999999999980407e+00,3.502921496601703322e-02,9.203655891925599519e-02
2.191999999999980187e+00,3.502901483152215389e-02,9.190295440233252344e-02
2.193999999999979966e+00,3.502881523649206685e-02,9.177005420419727388e-02
2.195999999999979746e+00,3.502861618130965332e-02,9.163787049941905793e-02
2.197999999999979526e+00,3.502841766619041453e-02,9.150641343915547066e-02
2.199999999999979305e+00,3.502821969118390111e-02,9.137569136445876372e-02
2.201999999999979085e+00,3.502802225617541315e-02,9.124571099869030477e-02
2.203999999999978865e+00,3.502782536088802634e-02,9.111647762097091485e-02
2.205999999999978645e+00,3.502762900488490261e-02,9.098799522242838334e-02
2.207999999999978424e+00,3.502743318757191304e-02,9.086026664685416254e-02
2.209999999999978204e+00,3.502723790820055222e-02,9.073329371724098147e-02
2.211999999999977984e+00,3.502704316587109540e-02,9.060707734954537296e-02
2.213999999999977764e+00,3.502684895953600552e-02,9.048161765490034258e-02
2.215999999999977543e+00,3.502665528800359002e-02,9.035691403138723654e-02
2.217999999999977323e+00,3.502646214994183799e-02,9.023296524638624305e-02
2.219999999999977103e+00,3.502627064744975177e-02,9.015105850894176986e-02
2.221999999999976882e+00,3.502608112604730511e-02,9.010191868903022483e-02
2.223999999999976662e+00,3.502589378449578322e-02,9.007785388692357564e-02
2.225999999999976442e+00,3.502570866339357186e-02,9.007220046986813555e-02
2.227999999999976222e+00,3.502552573930027557e-02,9.007954996196547437e-02
2.229999999999976001e+00,3.502534494239574470e-02,9.009553831118491396e-02
2.231999999999975781e+00,3.502516617050153297e-02,9.011666873936610700e-02
2.233999999999975561e+00,3.502498930011949119e-02,9.014016294738130819e-02
2.235999999999975341e+00,3.502481419503342130e-02,9.016383625638359212e-02
2.237999999999975120e+00,3.502464071292835796e-02,9.018599294899316832e-02
2.239999999999974900e+00,3.502446871040468951e-02,9.020533865122759565e-02
2.241999999999974680e+00,3.502429804669965341e-02,9.022090708362390243e-02
2.243999999999974460e+00,3.502412858637416609e-02,9.023199892232076913e-02
2.245999999999974239e+00,3.502396020117747727e-02,9.023813085961214508e-02
2.247999999999974019e+00,3.502379277126391188e-02,9.023899324857520554e-02
2.249999999999973799e+00,3.502362618590428023e-02,9.023441496610239143e-02
2.251999999999973578e+00,3.502346034380792589e-02,9.022433434007072484e-02
2.253999999999973358e+00,3.502329515314953762e-02,9.020877516536142393e-02
2.255999999999973138e+00,3.502313053137653259e-02,9.018782698499777650e-02
2.257999999999972918e+00,3.502296640485776102e-02,9.016162894099490066e-02
2.259999999999972697e+00,3.502280270842197951e-02,9.013035660818288775e-02
2.261999999999972477e+00,3.502263938482425704e-02,9.009421131627461110e-02
2.263999999999972257e+00,3.502247638417013004e-02,9.005341154334403631e-02
2.265999999999972037e+00,3.502231366332061308e-02,9.000818602981473793e-02
2.267999999999971816e+00,3.502215118529561355e-02,8.995876831785179495e-02
2.269999999999971596e+00,3.502198891868880254e-02,8.990539246824649777e-02
2.271999999999971376e+00,3.502182683710346883e-02,8.984828974679011371e-02
2.273999999999971156e+00,3.502166491861601061e-02,8.978768610586440602e-02
2.275999999999970935e+00,3.502150314527148478e-02,8.972380031546009493e-02
2.277999999999970715e+00,3.502134150261380224e-02,8.965684262188391984e-02
2.279999999999970495e+00,3.502117997925185966e-02,8.958701383269822294e-02
2.281999999999970274e+00,3.502101856646181594e-02,8.951450474352513897e-02
2.283999999999970054e+00,3.502085725782488890e-02,8.943949583673456438e-02
2.285999999999969834e+00,3.502069604889958970e-02,8.936215719414300485e-02
2.287999999999969614e+00,3.502053493692677127e-02,8.928264857600093363e-02
2.289999999999969393e+00,3.502037392056566584e-02,8.920111962707706621e-02
2.291999999999969173e+00,3.502021299965894091e-02,8.911771017778451209e-02
2.293999999999968953e+00,3.502005217502463658e-02,8.903255061425596750e-02
2.295999999999968733e+00,3.501989144827288847e-02,8.894576229625482389e-02
2.297999999999968512e+00,3.501973082164534790e-02,8.885745800595369615e-02
2.299999999999968292e+00,3.501957029787523823e-02,8.876774241404809807e-02
2.301999999999968072e+00,3.501941136822551287e-02,8.887439862740589835e-02
2.303999999999967851e+00,3.501925382257493891e-02,8.914081533307588456e-02
2.305999999999967631e+00,3.501909747181307375e-02,8.953556513894814217e-02
2.307999999999967411e+00,3.501894066863696364e-02,8.983414449415227931e-02
2.309999999999967191e+00,3.501878347161840876e-02,9.005025291861182279e-02
2.311999999999966970e+00,3.501862593596329759e-02,9.019582062418587953e-02
2.313999999999966750e+00,3.501846811336871423e-02,9.028122944618824364e-02
2.315999999999966530e+00,3.501831005197058450e-02,9.031550614243974429e-02
2.317999999999966310e+00,3.501815329329385079e-02,9.050406960943976897e-02
2.319999999999966089e+00,3.501799766293052507e-02,9.081704337991561293e-02
2.321999999999965869e+00,3.501784151374347231e-02,9.103131336781983274e-02
2.323999999999965649e+00,3.501768491913738457e-02,9.116167459087613778e-02
2.325999999999965429e+00,3.501752794702660265e-02,9.122097604104474622e-02
2.327999999999965208e+00,3.501737065994840054e-02,9.122036473757037800e-02
2.329999999999964988e+00,3.501721462158889631e-02,9.136700899955370325e-02
2.331999999999964768e+00,3.501705966619993865e-02,9.163259962763060928e-02
2.333999999999964547e+00,3.501690414487021452e-02,9.179542592920747479e-02
2.335999999999964327e+00,3.501674814066538244e-02,9.187140482102013062e-02
2.337999999999964107e+00,3.501659172985382290e-02,9.187433423943427990e-02
2.339999999999963887e+00,3.501643649435474959e-02,9.201360579170735077e-02
2.341999999999963666e+00,3.501628227799451210e-02,9.226289233800688550e-02
2.343999999999963446e+00,3.501612743460347926e-02,9.240224974787454582e-02
2.345999999999963226e+00,3.501597205681521163e-02,9.244904399473656553e-02
2.347999999999963006e+00,3.501581622935894672e-02,9.241831260001609483e-02
2.349999999999962785e+00,3.501566154777456530e-02,9.252044308831332275e-02
2.351999999999962565e+00,3.501550786071733201e-02,9.273001865677603373e-02
2.353999999999962345e+00,3.501535352013125657e-02,9.282792681323935591e-02
2.355999999999962125e+00,3.501519862433963987e-02,9.283217199766082006e-02
2.357999999999961904e+00,3.501504326297493613e-02,9.275832702647694716e-02
2.359999999999961684e+00,3.501488904210003916e-02,9.281716580867498123e-02
2.361999999999961464e+00,3.501473581214737535e-02,9.298365147235916617e-02
2.363999999999961243e+00,3.501458192033157085e-02,9.303904249617706013e-02
2.365999999999961023e+00,3.501442746826558677e-02,9.300158530082260067e-02
2.367999999999960803e+00,3.501427407529533048e-02,9.308431259527649715e-02
2.369999999999960583e+00,3.501412160125614431e-02,9.326420415378135209e-02
2.371999999999960362e+00,3.501396839955091961e-02,9.332431893188314342e-02
2.373999999999960142e+00,3.501381470974172794e-02,9.328414390775187359e-02
2.375999999999959922e+00,3.501366046747713540e-02,9.316121299745951101e-02
2.377999999999959702e+00,3.501350730788623661e-02,9.316723016166369997e-02
2.379999999999959481e+00,3.501335509111580535e-02,9.327824228778643090e-02
2.381999999999959261e+00,3.501320369169199503e-02,9.347368897035064628e-02
2.383999999999959041e+00,3.501305188707067029e-02,9.353862932071366210e-02
2.385999999999958820e+00,3.501289927531629764e-02,9.349535509292809798e-02
2.387999999999958600e+00,3.501274598028005641e-02,9.336264763719961945e-02
2.389999999999958380e+00,3.501259367803044587e-02,9.335282591436758204e-02
2.391999999999958160e+00,3.501244224307634156e-02,9.344313274858200014e-02
2.393999999999957939e+00,3.501229000732267171e-02,9.341780472248530087e-02
2.395999999999957719e+00,3.501213865827933897e-02,9.349276866982955680e-02
2.397999999999957499e+00,3.501198651798288763e-02,9.345257654446609275e-02
2.399999999999957279e+00,3.501183370634577269e-02,9.331722022987033738e-02
2.401999999999957058e+00,3.501168191601458646e-02,9.329941123599380659e-02
2.403999999999956838e+00,3.501153101490258462e-02,9.337740219388694640e-02
2.405999999999956618e+00,3.501138088493129658e-02,9.353252223365397799e-02
2.407999999999956398e+00,3.501122984993802062e-02,9.355318081019385612e-02
2.409999999999956177e+00,3.501107804148655828e-02,9.346230121874166130e-02
2.411999999999955957e+00,3.501092557864046717e-02,9.327963893017264529e-02
2.413999999999955737e+00,3.501077417367485373e-02,9.321701783931556073e-02
2.415999999999955516e+00,3.501062368919159035e-02,9.325260776316700306e-02
2.417999999999955296e+00,3.501047400276383059e-02,9.336765158158885636e-02
2.419999999999955076e+00,3.501032341405779791e-02,9.335113789822584163e-02
2.421999999999954856e+00,3.501017205614840450e-02,9.322577605332646455e-02
2.423999999999954635e+00,3.501002166350180439e-02,9.320553847446537421e-02
2.425999999999954415e+00,3.500987210874018096e-02,9.327088915586716211e-02
2.427999999999954195e+00,3.500972167303095794e-02,9.321058412646804348e-02
2.429999999999953975e+00,3.500957048876730121e-02,9.304663852506565858e-02
2.431999999999953754e+00,3.500942030348267592e-02,9.299196322094649414e-02
2.433999999999953534e+00,3.500927098569243945e-02,9.302656648782851867e-02
2.435999999999953314e+00,3.500912241873880421e-02,9.313327588485288688e-02
2.437999999999953094e+00,3.500897288368912813e-02,9.310332591509777600e-02
2.439999999999952873e+00,3.500882252371879250e-02,9.296043726614298952e-02
2.441999999999952653e+00,3.500867146762999538e-02,9.272503275621768459e-02
2.443999999999952433e+00,3.500852148051138146e-02,9.260794620292937818e-02
2.445999999999952212e+00,3.500837242250550568e-02,9.258808793538052251e-02
2.447999999999951992e+00,3.500822416968638745e-02,9.264731949320725857e-02
2.449999999999951772e+00,3.500807661244084018e-02,9.277007379784733831e-02
2.451999999999951552e+00,3.500792802118501273e-02,9.274962984727899706e-02
2.453999999999951331e+00,3.500777854849773663e-02,9.261079100164414102e-02
2.455999999999951111e+00,3.500762833131371154e-02,9.237491397832460482e-02
2.457999999999950891e+00,3.500747915913198643e-02,9.225297776350255274e-02
2.459999999999950671e+00,3.500733089472872483e-02,9.222470288302508923e-02
2.461999999999950450e+00,3.500718341677406392e-02,9.227264672644497345e-02
2.463999999999950230e+00,3.500703661815828677e-02,9.238183841879486768e-02
2.465999999999950010e+00,3.500688875381057635e-02,9.234673560546352578e-02
2.467999999999949789e+00,3.500673998217942312e-02,9.219245321368854662e-02
2.469999999999949569e+00,3.500659044509345230e-02,9.194061063947994716e-02
2.471999999999949349e+00,3.500644195397110969e-02,9.180174043158394193e-02
2.473999999999949129e+00,3.500629437134023664e-02,9.175586883122238691e-02
2.475999999999948908e+00,3.500614757587174053e-02,9.178581070860490632e-02
2.477999999999948688e+00,3.500600146062560203e-02,9.187681084113807906e-02
2.479999999999948468e+00,3.500585426271972389e-02,9.182417755917565705e-02
2.481999999999948248e+00,3.500570614470492614e-02,9.165305011115983114e-02
2.483999999999948027e+00,3.500555725170533677e-02,9.138506232821698438e-02
2.485999999999947807e+00,3.500540941571159831e-02,9.123008706663615630e-02
2.487999999999947587e+00,3.500526249763778047e-02,9.116827242414708710e-02
2.489999999999947367e+00,3.500511637494043565e-02,9.118253262818004634e-02
2.491999999999947146e+00,3.500497093976980001e-02,9.125819243686597582e-02
2.493999999999946926e+00,3.500482441050157406e-02,9.119129125996904006e-02
2.495999999999946706e+00,3.500467695296616971e-02,9.100689380763113401e-02
2.497999999999946485e+00,3.500453042451431851e-02,9.091743807202988525e-02
2.499999999999946265e+00,3.500438470149117021e-02,9.090573738537108262e-02
2.501999999999946045e+00,3.500423797327693876e-02,9.076610492325161428e-02
2.503999999999945825e+00,3.500409211015782091e-02,9.071226030837040155e-02
2.505999999999945604e+00,3.500394528683570261e-02,9.053766566217053002e-02
2.507999999999945384e+00,3.500379937639239158e-02,9.045481949824753232e-02
2.509999999999945164e+00,3.500365425702352956e-02,9.044704798323223438e-02
2.511999999999944944e+00,3.500350982176177184e-02,9.050002441367573092e-02
2.513999999999944723e+00,3.500336426725487310e-02,9.041098024525828780e-02
2.515999999999944503e+00,3.500321776490326192e-02,9.020506034600271617e-02
2.517999999999944283e+00,3.500307046692419793e-02,8.990389035037935073e-02
2.519999999999944063e+00,3.500292425140945352e-02,8.971576921166682372e-02
2.521999999999943842e+00,3.500277897548344924e-02,8.962110215329312235e-02
2.523999999999943622e+00,3.500263451373883394e-02,8.960301371298139139e-02
2.525999999999943402e+00,3.500249075616980454e-02,8.964699856839075665e-02
2.527999999999943181e+00,3.500234760636191517e-02,8.974061622626464119e-02
2.529999999999942961e+00,3.500220325556623047e-02,8.968339087390503339e-02
2.531999999999942741e+00,3.500205788640023408e-02,8.950177441028438208e-02
2.533999999999942521e+00,3.500191166075378169e-02,8.921852715833772374e-02
2.535999999999942300e+00,3.500176648017087194e-02,8.904227463133401743e-02
2.537999999999942080e+00,3.500162220615143233e-02,8.895439308312211302e-02
2.539999999999941860e+00,3.500147871734991811e-02,8.893884727183717920e-02
2.541999999999941640e+00,3.500133590750288681e-02,8.898185781270703809e-02
2.543999999999941419e+00,3.500119194030140712e-02,8.888245363525576481e-02
2.545999999999941199e+00,3.500104699501378758e-02,8.866593319570222065e-02
2.547999999999940979e+00,3.500090299607342553e-02,8.854270636559645469e-02
2.549999999999940758e+00,3.500075981713640649e-02,8.849614507959981113e-02
2.551999999999940538e+00,3.500061734767035554e-02,8.851194921428302831e-02
2.553999999999940318e+00,3.500047373594746686e-02,8.838914086648270996e-02
2.555999999999940098e+00,3.500032916055124260e-02,8.815253169256613563e-02
2.557999999999939877e+00,3.500018555672270576e-02,8.801165873887346891e-02
2.559999999999939657e+00,3.500004279481058744e-02,8.794960321983431861e-02
2.561999999999939437e+00,3.499990076148294660e-02,8.795180897605592296e-02
2.563999999999939217e+00,3.499975935771102581e-02,8.800577837161575878e-02
2.565999999999938996e+00,3.499961673354886477e-02,8.791253827917361319e-02
2.567999999999938776e+00,3.499947307797746793e-02,8.769818442236017308e-02
2.569999999999938556e+00,3.499932855778284391e-02,8.738515808881577862e-02
2.571999999999938336e+00,3.499918511619040662e-02,8.718027320825333382e-02
2.573999999999938115e+00,3.499904261052994014e-02,8.706490629570998174e-02
2.575999999999937895e+00,3.499890091538524622e-02,8.702303852177854793e-02
2.577999999999937675e+00,3.499875992125258545e-02,8.704089546748107475e-02
2.579999999999937454e+00,3.499861953255356539e-02,8.710665811554631210e-02
2.581999999999937234e+00,3.499847788670895632e-02,8.702260024781259540e-02
2.583999999999937014e+00,3.499833517862442622e-02,8.681520685628058009e-02
2.585999999999936794e+00,3.499819337186847040e-02,8.669468551824698055e-02
2.587999999999936573e+00,3.499805234702138557e-02,8.664548629615229092e-02
2.589999999999936353e+00,3.499791021295499405e-02,8.646684069909398029e-02
2.591999999999936133e+00,3.499776893838912883e-02,8.636975498860224865e-02
2.593999999999935913e+00,3.499762840926956553e-02,8.633943397924752350e-02
2.595999999999935692e+00,3.499748673992236075e-02,8.617582242490176569e-02
2.597999999999935472e+00,3.499734590223167741e-02,8.609043027133507497e-02
2.599999999999935252e+00,3.499720399805513610e-02,8.588165675807180044e-02
2.601999999999935032e+00,3.499706299231534340e-02,8.575957493188549052e-02
2.603999999999934811e+00,3.499692276622318188e-02,8.570868147214352750e-02
2.605999999999934591e+00,3.499678321579521856e-02,8.571565010180588751e-02
2.607999999999934371e+00,3.499664246574944043e-02,8.558181648287203902e-02
2.609999999999934150e+00,3.499650070504224664e-02,8.533246599104289676e-02
2.611999999999933930e+00,3.499635989312212953e-02,8.517650127362283441e-02
2.613999999999933710e+00,3.499621990500749458e-02,8.509750364095536312e-02
2.615999999999933490e+00,3.499608063127353924e-02,8.508134816152276847e-02
2.617999999999933269e+00,3.499594019088524133e-02,8.492877258723245670e-02
2.619999999999933049e+00,3.499580055869306455e-02,8.485154128835820098e-02
2.621999999999932829e+00,3.499565984020907433e-02,8.464870729477232125e-02
2.623999999999932609e+00,3.499552000248046246e-02,8.453047743033204053e-02
2.625999999999932388e+00,3.499538092904328629e-02,8.448168568906802567e-02
2.627999999999932168e+00,3.499524251796028163e-02,8.448929716288348934e-02
2.629999999999931948e+00,3.499510289631337784e-02,8.435510871212036077e-02
2.631999999999931728e+00,3.499496225469585914e-02,8.410458302375077577e-02
2.633999999999931507e+00,3.499482255340232578e-02,8.394656592376660564e-02
2.635999999999931287e+00,3.499468366862486940e-02,8.386480860083478373e-02
2.637999999999931067e+00,3.499454549197809211e-02,8.384533157157242345e-02
2.639999999999930846e+00,3.499440614388707460e-02,8.368920531620598069e-02
2.641999999999930626e+00,3.499426759952860289e-02,8.360805286507408396e-02
2.643999999999930406e+00,3.499412796563919348e-02,8.340123042000967268e-02
2.645999999999930186e+00,3.499398920938670554e-02,8.327877902447680669e-02
2.647999999999929965e+00,3.499385121481067562e-02,8.322560609768762940e-02
2.649999999999929745e+00,3.499371388042173819e-02,8.322873844652109443e-02
2.651999999999929525e+00,3.499357533423280014e-02,8.309023126126502401e-02
2.653999999999929305e+00,3.499343576725548466e-02,8.283555152490282292e-02
2.655999999999929084e+00,3.499329713956976506e-02,8.267334127748675321e-02
2.657999999999928864e+00,3.499315932758097908e-02,8.258739075051740874e-02
2.659999999999928644e+00,3.499302222309631089e-02,8.256375257573791981e-02
2.661999999999928423e+00,3.499288394726043916e-02,8.240372857836752996e-02
2.663999999999928203e+00,3.499274647491026902e-02,8.231871973583997082e-02
2.665999999999927983e+00,3.499260791344351029e-02,8.210830892410744819e-02
2.667999999999927763e+00,3.499247022961545633e-02,8.198231251228023375e-02
2.669999999999927542e+00,3.499233330751924664e-02,8.192565722530575911e-02
2.671999999999927322e+00,3.499219704571700923e-02,8.192538522503980958e-02
2.673999999999927102e+00,3.499205957283635371e-02,8.178376698296496716e-02
2.675999999999926882e+00,3.499192107999397894e-02,8.152624069114940142e-02
2.677999999999926661e+00,3.499178352674310599e-02,8.136122000010419242e-02
2.679999999999926441e+00,3.499164678947053186e-02,8.127250984194260564e-02
2.681999999999926221e+00,3.499151075997294219e-02,8.124617449457841034e-02
2.683999999999926001e+00,3.499137355997971460e-02,8.108372654244552780e-02
2.685999999999925780e+00,3.499123716377810361e-02,8.099633481443355154e-02
2.687999999999925560e+00,3.499110146474748717e-02,8.097027228184028314e-02
2.689999999999925340e+00,3.499096458673886523e-02,8.080728550577992442e-02
2.691999999999925119e+00,3.499082671712771403e-02,8.053219898311848868e-02
2.693999999999924899e+00,3.499068981232824477e-02,8.035274465647225528e-02
2.695999999999924679e+00,3.499055374554115028e-02,8.025228889904167939e-02
2.697999999999924459e+00,3.499041840576583989e-02,8.021651375123305117e-02
2.699999999999924238e+00,3.499028369586807546e-02,8.023311903444357851e-02
2.701999999999924018e+00,3.499014774967956765e-02,8.010519964345888533e-02
2.703999999999923798e+00,3.499001076150207168e-02,7.985864472771649070e-02
2.705999999999923578e+00,3.498987469225020575e-02,7.970200902920661357e-02
2.707999999999923357e+00,3.498973942089537992e-02,7.961948582741441849e-02
2.709999999999923137e+00,3.498960962251488477e-02,7.961032380014476662e-02
2.711999999999922917e+00,3.498948529731316093e-02,7.948194641091689550e-02
2.713999999999922697e+00,3.498936565910384933e-02,7.925755362857009323e-02
2.715999999999922476e+00,3.498924840078786180e-02,7.913244372212661915e-02
2.717999999999922256e+00,3.498913297082694579e-02,7.908886917065852118e-02
2.719999999999922036e+00,3.498901891703064260e-02,7.911160174194659112e-02
2.721999999999921815e+00,3.498890914831410265e-02,7.902027955263721259e-02
2.723999999999921595e+00,3.498880053747594615e-02,7.882429287732191370e-02
2.725999999999921375e+00,3.498869161470702371e-02,7.872152034417581601e-02
2.727999999999921155e+00,3.498858229893730271e-02,7.869518471737647902e-02
2.729999999999920934e+00,3.498847370449000710e-02,7.855296968528423240e-02
2.731999999999920714e+00,3.498836440652457885e-02,7.849408282171757567e-02
2.733999999999920494e+00,3.498825561427600095e-02,7.832539163337608190e-02
2.735999999999920274e+00,3.498814591579735983e-02,7.824505947545121187e-02
2.737999999999920053e+00,3.498803536198413777e-02,7.823697400528810408e-02
2.739999999999919833e+00,3.498792525767061012e-02,7.810978693766762460e-02
2.741999999999919613e+00,3.498781543984560982e-02,7.788533199369911120e-02
2.743999999999919392e+00,3.498770448566265040e-02,7.775964431176568548e-02
2.745999999999919172e+00,3.498759250505350388e-02,7.771511493276971050e-02
2.747999999999918952e+00,3.498747960067160462e-02,7.773662532311137463e-02
2.749999999999918732e+00,3.498736719984340410e-02,7.763407813017565717e-02
2.751999999999918511e+00,3.498725380711383698e-02,7.760702338506715592e-02
2.753999999999918291e+00,3.498714090060965620e-02,7.746423028920265685e-02
2.755999999999918071e+00,3.498702834242974069e-02,7.722704505086604165e-02
2.757999999999917851e+00,3.498691461627365107e-02,7.709053305293775415e-02
2.759999999999917630e+00,3.498679987088202520e-02,7.703683335180408487e-02
2.761999999999917410e+00,3.498668424010686201e-02,7.705060727739194981e-02
2.763999999999917190e+00,3.498656784401889264e-02,7.711870960152918120e-02
2.765999999999916970e+00,3.498645225089963562e-02,7.705336756509854890e-02
2.767999999999916749e+00,3.498633729542296317e-02,7.687845839046676677e-02
2.769999999999916529e+00,3.498622283469317307e-02,7.661447702333952503e-02
2.771999999999916309e+00,3.498611013799935582e-02,7.647006147925967945e-02
2.773999999999916088e+00,3.498599584519843791e-02,7.640874787790888356e-02
2.775999999999915868e+00,3.498588021008965793e-02,7.641529399074509232e-02
2.777999999999915648e+00,3.498576500915187570e-02,7.630056167397203382e-02
2.779999999999915428e+00,3.498564926435430295e-02,7.626615359528551852e-02
2.781999999999915207e+00,3.498553393633577896e-02,7.611757462981894040e-02
2.783999999999914987e+00,3.498541735033751376e-02,7.605182904095200702e-02
2.785999999999914767e+00,3.498530132459496539e-02,7.587793314691003432e-02
2.787999999999914547e+00,3.498518416411454390e-02,7.579196740258323239e-02
2.789999999999914326e+00,3.498506607624950887e-02,7.577802300225358612e-02
2.791999999999914106e+00,3.498494883399404232e-02,7.564665126117128824e-02
2.793999999999913886e+00,3.498483070096312930e-02,7.559518487126311304e-02
2.795999999999913666e+00,3.498471344181763865e-02,7.543309521636758219e-02
2.797999999999913445e+00,3.498459531649901477e-02,7.535670729025441272e-02
2.799999999999913225e+00,3.498447649339868348e-02,7.535041324342466040e-02
2.801999999999913005e+00,3.498435871170330752e-02,7.522510832192370878e-02
2.803999999999912784e+00,3.498424179588114497e-02,7.500257767420416555e-02
2.805999999999912564e+00,3.498412400799168209e-02,7.487716725892326619e-02
2.807999999999912344e+00,3.498400551566653582e-02,7.483162223153874693e-02
2.809999999999912124e+00,3.498388646512221728e-02,7.485112396610563157e-02
2.811999999999911903e+00,3.498376857596311590e-02,7.474733315283862978e-02
2.813999999999911683e+00,3.498365165596332288e-02,7.454262247012044540e-02
2.815999999999911463e+00,3.498353395305304342e-02,7.443177454013955030e-02
2.817999999999911243e+00,3.498341562234106444e-02,7.439799616089803891e-02
2.819999999999911022e+00,3.498329838891930943e-02,7.425129756926301949e-02
2.821999999999910802e+00,3.498318048304175504e-02,7.418809531633197007e-02
2.823999999999910582e+00,3.498306363381081113e-02,7.401752230665230303e-02
2.825999999999910361e+00,3.498294607810890217e-02,7.393516409861253247e-02
2.827999999999910141e+00,3.498282796107506781e-02,7.392500675207602789e-02
2.829999999999909921e+00,3.498271099873410950e-02,7.379781440770442902e-02
2.831999999999909701e+00,3.498259499943303513e-02,7.357503181094213196e-02
2.833999999999909480e+00,3.498247821480593434e-02,7.345049658956749605e-02
2.835999999999909260e+00,3.498236080010472260e-02,7.340674549765582868e-02
2.837999999999909040e+00,3.498224289099293588e-02,7.342878198470706441e-02
2.839999999999908820e+00,3.498212619483785646e-02,7.332833065408946027e-02
2.841999999999908599e+00,3.498201051237742609e-02,7.312759453592813930e-02
2.843999999999908379e+00,3.498189408868248446e-02,7.302099745810566866e-02
2.845999999999908159e+00,3.498177707307217887e-02,7.299166481381971772e-02
2.847999999999907939e+00,3.498165959595194580e-02,7.302511188222156335e-02
2.849999999999907718e+00,3.498154335979765384e-02,7.293358216849299414e-02
2.851999999999907498e+00,3.498142816120305976e-02,7.273965083332646631e-02
2.853999999999907278e+00,3.498131382322588329e-02,7.246268839567163167e-02
2.855999999999907057e+00,3.498119861495784660e-02,7.229455817435367915e-02
2.857999999999906837e+00,3.498108270252264784e-02,7.221626286899232583e-02
2.859999999999906617e+00,3.498096623135828892e-02,7.221147350551779254e-02
2.861999999999906397e+00,3.498084932830493321e-02,7.226618259302645952e-02
2.863999999999906176e+00,3.498073369120329595e-02,7.219315531081063608e-02
2.865999999999905956e+00,3.498061911394156204e-02,7.201531255923158958e-02
2.867999999999905736e+00,3.498050383708837391e-02,7.192752590764277254e-02
2.869999999999905516e+00,3.498038800432349410e-02,7.191349972476973607e-02
2.871999999999905295e+00,3.498027332602372808e-02,7.178407153970221832e-02
2.873999999999905075e+00,3.498015961047372391e-02,7.156041605355828450e-02
2.875999999999904855e+00,3.498004511371737013e-02,7.143582289009446640e-02
2.877999999999904635e+00,3.497992999019743088e-02,7.139268880077660751e-02
2.879999999999904414e+00,3.497981437491810147e-02,7.141589693962703544e-02
2.881999999999904194e+00,3.497969997034865164e-02,7.131738270899994070e-02
2.883999999999903974e+00,3.497958657761897350e-02,7.111920146606072468e-02
2.885999999999903753e+00,3.497947244642297948e-02,7.101533803706483461e-02
2.887999999999903533e+00,3.497935772556377138e-02,7.098886950087764103e-02
2.889999999999903313e+00,3.497924254500890673e-02,7.102527039657850760e-02
2.891999999999903093e+00,3.497912860263483609e-02,7.093706134877507397e-02
2.893999999999902872e+00,3.497901569551435663e-02,7.074673014701801654e-02
2.895999999999902652e+00,3.497890364710763700e-02,7.047357337630266727e-02
2.897999999999902432e+00,3.497879073095555569e-02,7.030908230979919515e-02
2.899999999999902212e+00,3.497867711269158492e-02,7.023426588531830883e-02
2.901999999999901991e+00,3.497856293732572175e-02,7.023280150487720697e-02
2.903999999999901771e+00,3.497844833132363052e-02,7.029068813562004692e-02
2.905999999999901551e+00,3.497833498814684888e-02,7.022100515945167709e-02
2.907999999999901330e+00,3.497822270214786394e-02,7.004662178879221546e-02
2.909999999999901110e+00,3.497810971826188775e-02,6.996205960732750084e-02
2.911999999999900890e+00,3.497799617975731745e-02,6.995104486974160207e-02
2.913999999999900670e+00,3.497788379269901882e-02,6.982474048178068105e-02
2.915999999999900449e+00,3.497777236577997995e-02,6.960428108427547944e-02
2.917999999999900229e+00,3.497766015926669775e-02,6.948261819993775679e-02
2.919999999999900009e+00,3.497754732717724135e-02,6.944217846713270081e-02
2.921999999999899789e+00,3.497743400414287523e-02,6.946787146849056627e-02
2.923999999999899568e+00,3.497732188846402329e-02,6.937195922758573885e-02
2.925999999999899348e+00,3.497721078168210956e-02,6.917646052016505898e-02
2.927999999999899128e+00,3.497709893761172251e-02,6.907502733318666988e-02
2.929999999999898908e+00,3.497698650466574827e-02,6.905076838188713151e-02
2.931999999999898687e+00,3.497687519107813697e-02,6.891443968328282710e-02
2.933999999999898467e+00,3.497676323529143316e-02,6.886140901852054463e-02
2.935999999999898247e+00,3.497665235092290575e-02,6.870160161202061577e-02
2.937999999999898026e+00,3.497654078389267340e-02,6.862960001070350646e-02
2.939999999999897806e+00,3.497642867571114367e-02,6.862939477498787577e-02
2.941999999999897586e+00,3.497631772848463355e-02,6.851257719720460493e-02
2.943999999999897366e+00,3.497620774985305686e-02,6.830044595787573836e-02
2.945999999999897145e+00,3.497609700140216077e-02,6.818589928634573305e-02
2.947999999999896925e+00,3.497598563584861792e-02,6.815152720457053059e-02
2.949999999999896705e+00,3.497587378665203278e-02,6.818238179148718159e-02
2.951999999999896485e+00,3.497576314878717008e-02,6.809104560791930105e-02
2.953999999999896264e+00,3.497565352324649018e-02,6.789960866586902677e-02
2.955999999999896044e+00,3.497554473690739352e-02,6.762702451119316505e-02
2.957999999999895824e+00,3.497543507209659869e-02,6.746406343664583527e-02
2.959999999999895604e+00,3.497532469591078941e-02,6.739156098955775831e-02
2.961999999999895383e+00,3.497521375464256177e-02,6.739304560836573144e-02
2.963999999999895163e+00,3.497510237587712900e-02,6.745438859054203595e-02
2.965999999999894943e+00,3.497499224836226467e-02,6.738898289367610539e-02
2.967999999999894722e+00,3.497488316837088496e-02,6.721952484630649982e-02
2.969999999999894502e+00,3.497477338805021763e-02,6.713996754443041226e-02
2.971999999999894282e+00,3.497466305101929601e-02,6.713399181887118317e-02
2.973999999999894062e+00,3.497455385811701345e-02,6.701314268353177062e-02
2.975999999999893841e+00,3.497444561930981161e-02,6.679844435981580064e-02
2.977999999999893621e+00,3.497433660135399608e-02,6.668233679239259082e-02
2.979999999999893401e+00,3.497422695817085231e-02,6.664724744577267546e-02
2.981999999999893181e+00,3.497411682429287655e-02,6.667808812481133829e-02
2.983999999999892960e+00,3.497400789257355813e-02,6.658754062576932586e-02
2.985999999999892740e+00,3.497389996543763535e-02,6.639754939128625355e-02
2.987999999999892520e+00,3.497379130268777475e-02,6.630128926751006901e-02
2.989999999999892299e+00,3.497368205239625993e-02,6.628189573349865804e-02
2.991999999999892079e+00,3.497357391727797665e-02,6.615056287748437291e-02
2.993999999999891859e+00,3.497346992184316439e-02,6.593091192272262924e-02
2.995999999999891639e+00,3.497336443633922154e-02,6.581122196635608157e-02
2.997999999999891418e+00,3.497325773511869573e-02,6.577372251498946054e-02
2.999999999999891198e+00,3.497315005418631662e-02,6.580315061632178997e-02
