t,h,roll_deg
2.000000000000000042e-03,1.199607599999999996e-01,3.881065985476106744e-18
4.000000000000000083e-03,1.198822799999999938e-01,6.580669388138936065e-18
6.000000000000000125e-03,1.197645599999999921e-01,1.042911558133169066e-17
8.000000000000000167e-03,1.196075999999999945e-01,1.578884715822720942e-17
1.000000000000000021e-02,1.194114000000000009e-01,2.187880925131469521e-17
1.200000000000000025e-02,1.191759599999999975e-01,2.789649440814268791e-17
1.400000000000000029e-02,1.189012799999999981e-01,3.568569831030021408e-17
1.600000000000000033e-02,1.185873600000000028e-01,4.389547470092856069e-17
1.800000000000000211e-02,1.182341999999999976e-01,5.371276834174088578e-17
2.000000000000000389e-02,1.178417999999999966e-01,6.431995185172812180e-17
2.200000000000000566e-02,1.174101599999999995e-01,7.582825511699487390e-17
2.400000000000000744e-02,1.169392799999999927e-01,9.000690792167519072e-17
2.600000000000000921e-02,1.165538614880784335e-01,1.691122747546707324e-05
2.800000000000001099e-02,1.162432972351160193e-01,4.662660522194565668e-05
3.000000000000001277e-02,1.159968157054855203e-01,8.534071393986670444e-05
3.200000000000001454e-02,1.158038058392478614e-01,1.299552925430699400e-04
3.400000000000001632e-02,1.156555498380880814e-01,3.320086012318180309e-04
3.600000000000001810e-02,1.155442513181068193e-01,6.239530643107956288e-04
3.800000000000001987e-02,1.154633235482934867e-01,9.546459084536528580e-04
4.000000000000002165e-02,1.154072108840564909e-01,1.285942830963897072e-03
4.200000000000002343e-02,1.153716943662242977e-01,1.522824514479135388e-03
4.400000000000002520e-02,1.153522099581233834e-01,1.718015440357932447e-03
4.600000000000002698e-02,1.153454593419600827e-01,1.875657447099643308e-03
4.800000000000002875e-02,1.153486808476228836e-01,1.999540235809187886e-03
5.000000000000003053e-02,1.153595691792486111e-01,2.093128215781679506e-03
5.200000000000003231e-02,1.153762066795334940e-01,2.159585932203186495e-03
5.400000000000003408e-02,1.153970045092969354e-01,2.201802020420911155e-03
5.600000000000003586e-02,1.154206523444602228e-01,2.222411666646197971e-03
5.800000000000003764e-02,1.154466638020403557e-01,2.178981826296749313e-03
6.000000000000003941e-02,1.154740234514240044e-01,1.996697951496304892e-03
6.200000000000004119e-02,1.155021975252877586e-01,2.012374027710935910e-03
6.400000000000004297e-02,1.155305505150309442e-01,2.138297602527160050e-03
6.600000000000004474e-02,1.155585484137616747e-01,2.375935899412401787e-03
6.800000000000004652e-02,1.155857732401995297e-01,2.725875579996093253e-03
7.000000000000004829e-02,1.156119035434242520e-01,3.187929591325412617e-03
7.200000000000005007e-02,1.156366966548881409e-01,3.761460033223496327e-03
7.400000000000005185e-02,1.156599656027096912e-01,4.446246572330499885e-03
7.600000000000005362e-02,1.156815649752299252e-01,5.242362198457123541e-03
7.800000000000005540e-02,1.157013860854639725e-01,6.150109796483578702e-03
8.000000000000005718e-02,1.157193530479357080e-01,7.165846365628896104e-03
8.200000000000005895e-02,1.157354160645056862e-01,8.092848778804404355e-03
8.400000000000006073e-02,1.157495504910039663e-01,8.938546256806742876e-03
8.600000000000006251e-02,1.157617531216955375e-01,9.710474461295970361e-03
8.800000000000006428e-02,1.157720394461438373e-01,1.041605311354751491e-02
9.000000000000006606e-02,1.157804410746519214e-01,1.106241725243612209e-02
9.200000000000006783e-02,1.157870033318094682e-01,1.165629426316651222e-02
9.400000000000006961e-02,1.157917830203810533e-01,1.220391929242762609e-02
9.600000000000007139e-02,1.157948463578793441e-01,1.271098231468191508e-02
9.800000000000007316e-02,1.157965256708128193e-01,1.316791085422815318e-02
1.000000000000000749e-01,1.157968582452188339e-01,1.360253442943957884e-02
1.020000000000000767e-01,1.157958950590957797e-01,1.403834318478628350e-02
1.040000000000000785e-01,1.157936975007509001e-01,1.449487913996128606e-02
1.060000000000000803e-01,1.157903338598316179e-01,1.498831595073795743e-02
1.080000000000000820e-01,1.157858765005725793e-01,1.553197705716606591e-02
1.100000000000000838e-01,1.157802594668765200e-01,1.608676071072021388e-02
1.120000000000000856e-01,1.157732453200355088e-01,1.649250845816431499e-02
1.140000000000000874e-01,1.157651991323137980e-01,1.668349049860247749e-02
1.160000000000000892e-01,1.157562306072490305e-01,1.668732528628949496e-02
1.180000000000000909e-01,1.157464396879721996e-01,1.652675848563830985e-02
1.200000000000000927e-01,1.157359154056582934e-01,1.621794802924996295e-02
1.220000000000000945e-01,1.157248340101092315e-01,1.578807243507098987e-02
1.240000000000000963e-01,1.157132544982805433e-01,1.525789169911669074e-02
1.260000000000000842e-01,1.157012041627027005e-01,1.458747531602683049e-02
1.280000000000000859e-01,1.156887360843997237e-01,1.379244961451704665e-02
1.300000000000000877e-01,1.156761342267791370e-01,1.312196674343192246e-02
1.320000000000000895e-01,1.156633769057852784e-01,1.258110411164067334e-02
1.340000000000000913e-01,1.156504560774549301e-01,1.217083221771226784e-02
1.360000000000000930e-01,1.156373639550527938e-01,1.188829657306304452e-02
1.380000000000000948e-01,1.156240976334946824e-01,1.172850366197175469e-02
1.400000000000000966e-01,1.156106580479866475e-01,1.168493133104655905e-02
1.420000000000000984e-01,1.155970491556669172e-01,1.174995352456672561e-02
1.440000000000001001e-01,1.155832772481361348e-01,1.191518398926616311e-02
1.460000000000001019e-01,1.155694898828274891e-01,1.219289234680486292e-02
1.480000000000001037e-01,1.155555680591311279e-01,1.253946858526701347e-02
1.500000000000001055e-01,1.155415197559136326e-01,1.295230285830467794e-02
1.520000000000001072e-01,1.155271641496701529e-01,1.321916622392697686e-02
1.540000000000001090e-01,1.155127554199538997e-01,1.355765891185490429e-02
1.560000000000001108e-01,1.154982945242500614e-01,1.396571747021008343e-02
1.580000000000001126e-01,1.154837840199607890e-01,1.444066515700326292e-02
1.600000000000001144e-01,1.154690333000645830e-01,1.475305414469935475e-02
1.620000000000001161e-01,1.154542959757834664e-01,1.513759775436681644e-02
1.640000000000001179e-01,1.154395676384574465e-01,1.559179204795294385e-02
1.660000000000001197e-01,1.154249454660937618e-01,1.613900759795848516e-02
1.680000000000001215e-01,1.154103432050529870e-01,1.672763987118153564e-02
1.700000000000001232e-01,1.153957515110932974e-01,1.735861906993857451e-02
1.720000000000001250e-01,1.153811635898352728e-01,1.803211835562802678e-02
1.740000000000001268e-01,1.153665698886643942e-01,1.874658998315234179e-02
1.760000000000001286e-01,1.153519679212687277e-01,1.950119777824240938e-02
1.780000000000001303e-01,1.153373564933272699e-01,2.029476624283542419e-02
1.800000000000001321e-01,1.153227354188346709e-01,2.112586815072372073e-02
1.820000000000001339e-01,1.153079230638198172e-01,2.175421530083209570e-02
1.840000000000001357e-01,1.152931564646013235e-01,2.242909750449342474e-02
1.860000000000001374e-01,1.152784271551315909e-01,2.314971476977136997e-02
1.880000000000001392e-01,1.152637284317541283e-01,2.391479752258871688e-02
1.900000000000001410e-01,1.152490550435024685e-01,2.472272540876930061e-02
1.920000000000001428e-01,1.152344029265224140e-01,2.557162419975479023e-02
1.940000000000001446e-01,1.152197689769641903e-01,2.645944440826539582e-02
1.960000000000001463e-01,1.152051508573712080e-01,2.738402466825649514e-02
1.980000000000001481e-01,1.151901363777111109e-01,2.805315841603310892e-02
2.000000000000001499e-01,1.151747777439923182e-01,2.845610550316375609e-02
2.020000000000001517e-01,1.151591221534557646e-01,2.858597244344242283e-02
2.040000000000001534e-01,1.151432122421746501e-01,2.843902735487608552e-02
2.060000000000001552e-01,1.151270864994400622e-01,2.801412866629540005e-02
2.080000000000001570e-01,1.151107796488199941e-01,2.731224911746477080e-02
2.100000000000001588e-01,1.150948610847307013e-01,2.673619170145012658e-02
2.120000000000001605e-01,1.150792797530853923e-01,2.628266303812420643e-02
2.140000000000001623e-01,1.150639940978594594e-01,2.594946675717260676e-02
2.160000000000001641e-01,1.150487614234226297e-01,2.551861844805289325e-02
2.180000000000001659e-01,1.150335941777505255e-01,2.497910757448379773e-02
2.200000000000001676e-01,1.150185018379008134e-01,2.432287881911744318e-02
2.220000000000001694e-01,1.150032988540725248e-01,2.349083537673998801e-02
2.240000000000001712e-01,1.149879968501893029e-01,2.247579319136859197e-02
2.260000000000001730e-01,1.149726010375600321e-01,2.127130930230482914e-02
2.280000000000001747e-01,1.149571229232951436e-01,1.987435366636976924e-02
2.300000000000001765e-01,1.149415795513744343e-01,1.828502666200432919e-02
2.320000000000001783e-01,1.149264857951605434e-01,1.687874166264925410e-02
2.340000000000001801e-01,1.149117724660945333e-01,1.564998420446506514e-02
2.360000000000001819e-01,1.148973777886357350e-01,1.458933371481288890e-02
2.380000000000001836e-01,1.148832497380993661e-01,1.368908009353460471e-02
2.400000000000001854e-01,1.148693431690410299e-01,1.294086555290716208e-02
2.420000000000001872e-01,1.148552148355150709e-01,1.204202520557183867e-02
2.440000000000001890e-01,1.148408912121755138e-01,1.098199747919059548e-02
2.460000000000001907e-01,1.148263964315567320e-01,9.753385844167107577e-03
2.480000000000001925e-01,1.148117524339305612e-01,8.351430243608157916e-03
2.500000000000001665e-01,1.147974414674156479e-01,7.113203241791233103e-03
2.520000000000001683e-01,1.147831830602314002e-01,5.794687393150030515e-03
2.540000000000001701e-01,1.147692166123702173e-01,4.642208304967513147e-03
2.560000000000001719e-01,1.147551007746871049e-01,3.365531332606095175e-03
2.580000000000001736e-01,1.147408503349883480e-01,1.956223239625985277e-03
2.600000000000001754e-01,1.147264789650656314e-01,4.084200283670734433e-04
2.620000000000001772e-01,1.147119992579880843e-01,-1.281592930097221915e-03
2.640000000000001790e-01,1.146974227725153783e-01,-3.115734615022751255e-03
2.660000000000001807e-01,1.146828010045878588e-01,-4.497401994181197266e-03
2.680000000000001825e-01,1.146681281122795965e-01,-5.458388418340950204e-03
2.700000000000001843e-01,1.146533990343766435e-01,-6.026853817082442055e-03
2.720000000000001861e-01,1.146382221018768105e-01,-6.498356032981746078e-03
2.740000000000001878e-01,1.146226624196981514e-01,-6.890403243067706393e-03
2.760000000000001896e-01,1.146067780259621277e-01,-7.217643693227347203e-03
2.780000000000001914e-01,1.145909060634704713e-01,-7.501231811885515979e-03
2.800000000000001932e-01,1.145748223415863493e-01,-7.710854874111791254e-03
2.820000000000001950e-01,1.145585603123194518e-01,-7.859139898403219235e-03
2.840000000000001967e-01,1.145421500377080959e-01,-7.956827362786316263e-03
2.860000000000001985e-01,1.145256185120764741e-01,-8.013057666693754535e-03
2.880000000000002003e-01,1.145092608780198112e-01,-8.054255952559185791e-03
2.900000000000002021e-01,1.144930734023311275e-01,-8.097432574270386346e-03
2.920000000000002038e-01,1.144768666268924096e-01,-8.053007622662521417e-03
2.940000000000002056e-01,1.144606421312539396e-01,-7.934194834989333200e-03
2.960000000000002074e-01,1.144449065942741706e-01,-8.019432878945013943e-03
2.980000000000002092e-01,1.144295751292315338e-01,-8.302123541279205279e-03
3.000000000000002109e-01,1.144145741109844350e-01,-8.775128421465999348e-03
3.020000000000002127e-01,1.143998397748217793e-01,-9.430891266747693652e-03
3.040000000000002145e-01,1.143853169772694606e-01,-1.026154693778155366e-02
3.060000000000002163e-01,1.143705416425732646e-01,-1.104442755053062705e-02
3.080000000000002180e-01,1.143555459510495753e-01,-1.178467895341714540e-02
3.100000000000002198e-01,1.143403584319788030e-01,-1.248553578471076411e-02
3.120000000000002216e-01,1.143250045295561568e-01,-1.315013555432876027e-02
3.140000000000002234e-01,1.143095068880508602e-01,-1.378148018087659021e-02
3.160000000000002252e-01,1.142938856096068767e-01,-1.438240900851761421e-02
3.180000000000002269e-01,1.142781584869666106e-01,-1.495558107107932896e-02
3.200000000000002287e-01,1.142623412133449562e-01,-1.550346474394624641e-02
3.220000000000002305e-01,1.142464475715840866e-01,-1.602833323944663491e-02
3.240000000000002323e-01,1.142304896045956697e-01,-1.653226466723253102e-02
3.260000000000002340e-01,1.142144777689582530e-01,-1.701714560496470421e-02
3.280000000000002358e-01,1.141984210733912458e-01,-1.748467731277545886e-02
3.300000000000002376e-01,1.141823272036797815e-01,-1.793638388289598568e-02
3.320000000000002394e-01,1.141662026354807180e-01,-1.837362174811909415e-02
3.340000000000002411e-01,1.141500527363019379e-01,-1.879759008335490922e-02
3.360000000000002429e-01,1.141338818578170877e-01,-1.920934172678858548e-02
3.380000000000002447e-01,1.141176934195566040e-01,-1.960979432389224619e-02
3.400000000000002465e-01,1.141014899849042280e-01,-1.999974146123655733e-02
3.420000000000002482e-01,1.140852733302259447e-01,-2.037986360971506469e-02
3.440000000000002500e-01,1.140690445078656468e-01,-2.075073874021029011e-02
3.460000000000002518e-01,1.140528039036580732e-01,-2.111285251035890237e-02
3.480000000000002536e-01,1.140365512895344796e-01,-2.146660795017695661e-02
3.500000000000002554e-01,1.140202858717292156e-01,-2.181233459794449173e-02
3.520000000000002571e-01,1.140040063350357818e-01,-2.215029705681713715e-02
3.540000000000002589e-01,1.139877108267050021e-01,-2.248047434251587359e-02
3.560000000000002607e-01,1.139713970579859653e-01,-2.280222946081140664e-02
3.580000000000002625e-01,1.139550623114854305e-01,-2.311485785482990385e-02
3.600000000000002642e-01,1.139387035188292180e-01,-2.341770935458837438e-02
3.620000000000002660e-01,1.139223172859428063e-01,-2.371018175387930998e-02
3.640000000000002678e-01,1.139058999167864294e-01,-2.399171564408253757e-02
3.660000000000002696e-01,1.138894474356321879e-01,-2.426179025834216546e-02
3.680000000000002713e-01,1.138729556079655092e-01,-2.451992012321422068e-02
3.700000000000002731e-01,1.138564199600887172e-01,-2.476565235143890834e-02
3.720000000000002749e-01,1.138398357971664721e-01,-2.499858080637906710e-02
3.740000000000002767e-01,1.138231982059396130e-01,-2.521906249728901594e-02
3.760000000000002784e-01,1.138065020915726006e-01,-2.542742396716523440e-02
3.780000000000002802e-01,1.137894058146539239e-01,-2.565299189413554684e-02
3.800000000000002820e-01,1.137715566943800632e-01,-2.569809642523527421e-02
3.820000000000002838e-01,1.137529309828586715e-01,-2.556766547977375528e-02
3.840000000000002855e-01,1.137331086964608329e-01,-2.554745708848535010e-02
3.860000000000002873e-01,1.137125720849881255e-01,-2.535410185090650192e-02
3.880000000000002891e-01,1.136913251780733020e-01,-2.499498107863018515e-02
3.900000000000002909e-01,1.136703726302496636e-01,-2.464678831601282982e-02
3.920000000000002927e-01,1.136496891312210600e-01,-2.430607711134382190e-02
3.940000000000002944e-01,1.136292497731977991e-01,-2.397024283032898190e-02
3.960000000000002962e-01,1.136090300644025386e-01,-2.363733823089649716e-02
3.980000000000002980e-01,1.135890059436929500e-01,-2.330592781875838113e-02
4.000000000000002998e-01,1.135691537952322333e-01,-2.297497303252099554e-02
4.020000000000003015e-01,1.135494504016761746e-01,-2.264317012222431119e-02
4.040000000000003033e-01,1.135298727276947278e-01,-2.230944345741862900e-02
4.060000000000003051e-01,1.135102346500056064e-01,-2.181783927004260840e-02
4.080000000000003069e-01,1.134902090655396378e-01,-2.143218782137340170e-02
4.100000000000003086e-01,1.134698189956358655e-01,-2.115473683933525792e-02
4.120000000000003104e-01,1.134490858212410663e-01,-2.098772999922135854e-02
4.140000000000003122e-01,1.134275315683105634e-01,-2.096958491423586007e-02
4.160000000000003140e-01,1.134051693721171844e-01,-2.108446735923730220e-02
4.180000000000003157e-01,1.133820195792100138e-01,-2.131821456863704917e-02
4.200000000000003175e-01,1.133585115631886991e-01,-2.139030340127490160e-02
4.220000000000003193e-01,1.133350126816311670e-01,-2.144434372810744005e-02
4.240000000000003211e-01,1.133118649940167422e-01,-2.148500494357526505e-02
4.260000000000003229e-01,1.132890309601626011e-01,-2.151191374676426904e-02
4.280000000000003246e-01,1.132664738087791750e-01,-2.152511135051706978e-02
4.300000000000003264e-01,1.132438903440766836e-01,-2.156998725252482277e-02
4.320000000000003282e-01,1.132212468461125110e-01,-2.163535999004938953e-02
4.340000000000003300e-01,1.131982509386942892e-01,-2.149419525888600357e-02
4.360000000000003317e-01,1.131744939943455930e-01,-2.143908624056946322e-02
4.380000000000003335e-01,1.131505238583679351e-01,-2.144201697463022152e-02
4.400000000000003353e-01,1.131263617474756872e-01,-2.150184190759256431e-02
4.420000000000003371e-01,1.131020250730694621e-01,-2.161916974184952336e-02
4.440000000000003388e-01,1.130770882749110307e-01,-2.184922036323817818e-02
4.460000000000003406e-01,1.130515612831449745e-01,-2.218204653192042825e-02
4.480000000000003424e-01,1.130254589742108740e-01,-2.260869065720477397e-02
4.500000000000003442e-01,1.129988001679234078e-01,-2.312111405899763827e-02
4.520000000000003459e-01,1.129725746103943801e-01,-2.358404545161920524e-02
4.540000000000003477e-01,1.129467349004874416e-01,-2.400148827416477906e-02
4.560000000000003495e-01,1.129210469877941769e-01,-2.446763750259965328e-02
4.580000000000003513e-01,1.128948931385638788e-01,-2.501474492564221067e-02
4.600000000000003531e-01,1.128682693862693154e-01,-2.563504036454171062e-02
4.620000000000003548e-01,1.128411774367963222e-01,-2.632190995173413345e-02
4.640000000000003566e-01,1.128136236309075641e-01,-2.706972865782954554e-02
4.660000000000003584e-01,1.127856180399654518e-01,-2.787371733032722315e-02
4.680000000000003602e-01,1.127577940363578002e-01,-2.839399194989289388e-02
4.700000000000003619e-01,1.127296125590101089e-01,-2.901475161139708062e-02
4.720000000000003637e-01,1.127010684431273557e-01,-2.972738145925852421e-02
4.740000000000003655e-01,1.126721610459751055e-01,-3.052426701008060031e-02
4.760000000000003673e-01,1.126428934170441154e-01,-3.139867711754031759e-02
4.780000000000003690e-01,1.126132715704404180e-01,-3.234466199213504450e-02
4.800000000000003708e-01,1.125833038492379395e-01,-3.335696382072777383e-02
4.820000000000003726e-01,1.125530003723860806e-01,-3.443093803260859065e-02
4.840000000000003744e-01,1.125229403091698027e-01,-3.553015404251150255e-02
4.860000000000003761e-01,1.124930841393895903e-01,-3.665432208856209823e-02
4.880000000000003779e-01,1.124629104858978351e-01,-3.780238422543626131e-02
4.900000000000003797e-01,1.124324226742341865e-01,-3.897418040023506447e-02
4.920000000000003815e-01,1.124024899814090872e-01,-4.000602406719595827e-02
4.940000000000003832e-01,1.123730315395366219e-01,-4.087925007881103995e-02
4.960000000000003850e-01,1.123439749958037581e-01,-4.157793190827998447e-02
4.980000000000003868e-01,1.123146086489534151e-01,-4.234461142454758187e-02
5.000000000000003331e-01,1.122849138779805356e-01,-4.318144137917262482e-02
5.020000000000003348e-01,1.122552651967700516e-01,-4.393970635168700095e-02
5.040000000000003366e-01,1.122256077032356414e-01,-4.460678759254897013e-02
5.060000000000003384e-01,1.121958937296323733e-01,-4.517111980870226751e-02
5.080000000000003402e-01,1.121657611625040407e-01,-4.573931605321897992e-02
5.100000000000003419e-01,1.121352006228150955e-01,-4.629450555352118690e-02
5.120000000000003437e-01,1.121042058242340683e-01,-4.682129663969794575e-02
5.140000000000003455e-01,1.120735631665494281e-01,-4.714880249368851722e-02
5.160000000000003473e-01,1.120431648040842998e-01,-4.731339965587564450e-02
5.180000000000003491e-01,1.120129161535692169e-01,-4.734532434025934267e-02
5.200000000000003508e-01,1.119827340330886573e-01,-4.726972964098433844e-02
5.220000000000003526e-01,1.119521592489965828e-01,-4.704341382660363197e-02
5.240000000000003544e-01,1.119211548375102644e-01,-4.667143755631562169e-02
5.260000000000003562e-01,1.118896913895208178e-01,-4.615861563178148830e-02
5.280000000000003579e-01,1.118577459169351890e-01,-4.550968687744826741e-02
5.300000000000003597e-01,1.118244750900635881e-01,-4.482321545101292104e-02
5.320000000000003615e-01,1.117899065943795955e-01,-4.410126190190094553e-02
5.340000000000003633e-01,1.117540725468015306e-01,-4.334623141192262691e-02
5.360000000000003650e-01,1.117171651886993827e-01,-4.271242825225968903e-02
5.380000000000003668e-01,1.116791913420557836e-01,-4.222167936671974986e-02
5.400000000000003686e-01,1.116401646492769101e-01,-4.189174748962583295e-02
5.420000000000003704e-01,1.116001045453420132e-01,-4.173704593768171045e-02
5.440000000000003721e-01,1.115590353320304595e-01,-4.176922680820104039e-02
5.460000000000003739e-01,1.115169853487537610e-01,-4.199766458022691218e-02
5.480000000000003757e-01,1.114739862338636617e-01,-4.242985335634255617e-02
5.500000000000003775e-01,1.114300722699112373e-01,-4.307173285607920205e-02
5.520000000000003793e-01,1.113852798061564231e-01,-4.392795567212975233e-02
5.540000000000003810e-01,1.113396467516327010e-01,-4.500210614071633447e-02
5.560000000000003828e-01,1.112932121322176560e-01,-4.629687938439599332e-02
5.580000000000003846e-01,1.112460155480817642e-01,-4.781084657631902435e-02
5.600000000000003864e-01,1.111980970428180365e-01,-4.954254895251639090e-02
5.620000000000003881e-01,1.111494968168313807e-01,-5.149076235018375941e-02
5.640000000000003899e-01,1.111002549685489310e-01,-5.365444846749522351e-02
5.660000000000003917e-01,1.110504112748097044e-01,-5.603271227217216516e-02
5.680000000000003935e-01,1.110000050053993464e-01,-5.862476476203251630e-02
5.700000000000003952e-01,1.109490747672478156e-01,-6.142989039203285845e-02
5.720000000000003970e-01,1.108977781874733171e-01,-6.424387102862001708e-02
5.740000000000003988e-01,1.108460396469585080e-01,-6.693505560710041880e-02
5.760000000000004006e-01,1.107939169526794970e-01,-6.945284675877957947e-02
5.780000000000004023e-01,1.107414616872506169e-01,-7.175662265579349497e-02
5.800000000000004041e-01,1.106887200856399023e-01,-7.381398511673528673e-02
5.820000000000004059e-01,1.106357325663199498e-01,-7.561848762710288163e-02
5.840000000000004077e-01,1.105826770505891482e-01,-7.731487161764426241e-02
5.860000000000004095e-01,1.105295706905603387e-01,-7.889225495095446294e-02
5.880000000000004112e-01,1.104762904214639102e-01,-8.021894638713768233e-02
5.900000000000004130e-01,1.104228673280739093e-01,-8.129632141614927254e-02
5.920000000000004148e-01,1.103693298842236131e-01,-8.212537465026868710e-02
5.940000000000004166e-01,1.103157041275490829e-01,-8.270679051715247587e-02
5.960000000000004183e-01,1.102620138169408681e-01,-8.304100830441106529e-02
5.980000000000004201e-01,1.102082805737394089e-01,-8.312828178893170994e-02
6.000000000000004219e-01,1.101546192947957109e-01,-8.312296969566380922e-02
6.020000000000004237e-01,1.101011424781246223e-01,-8.307827660606345588e-02
6.040000000000004254e-01,1.100478144674603420e-01,-8.302802024870720166e-02
6.060000000000004272e-01,1.099946069112353042e-01,-8.300904767388116168e-02
6.080000000000004290e-01,1.099417229954007535e-01,-8.284149070533369796e-02
6.100000000000004308e-01,1.098891080515232432e-01,-8.252659536359152614e-02
6.120000000000004325e-01,1.098367621537276045e-01,-8.212167289052337005e-02
6.140000000000004343e-01,1.097846354312613792e-01,-8.165928048585996413e-02
6.160000000000004361e-01,1.097326870022509171e-01,-8.116709684032287486e-02
6.180000000000004379e-01,1.096808833305718267e-01,-8.066852329039961300e-02
6.200000000000004396e-01,1.096291970074472905e-01,-8.018332306898380557e-02
6.220000000000004414e-01,1.095776056893669054e-01,-7.972816536032791002e-02
6.240000000000004432e-01,1.095260911735254084e-01,-7.931708858888335267e-02
6.260000000000004450e-01,1.094746385940788685e-01,-7.896189511726660337e-02
6.280000000000004468e-01,1.094232357243755532e-01,-7.867248764258684413e-02
6.300000000000004485e-01,1.093718723719769997e-01,-7.845715599880330460e-02
6.320000000000004503e-01,1.093205396671782237e-01,-7.831811723274309522e-02
6.340000000000004521e-01,1.092692296947400526e-01,-7.825636930506274513e-02
6.360000000000004539e-01,1.092179351526362668e-01,-7.827282600426455073e-02
6.380000000000004556e-01,1.091666490380656940e-01,-7.836831433405537506e-02
6.400000000000004574e-01,1.091153643734272399e-01,-7.854357587960478226e-02
6.420000000000004592e-01,1.090638804709044840e-01,-7.869327659962413457e-02
6.440000000000004610e-01,1.090119913221642284e-01,-7.884005328617818553e-02
6.460000000000004627e-01,1.089597595649579587e-01,-7.898447479039924501e-02
6.480000000000004645e-01,1.089072371179464760e-01,-7.912692291325981730e-02
6.500000000000004663e-01,1.088544664092119946e-01,-7.926762772829423764e-02
6.520000000000004681e-01,1.088014814442988115e-01,-7.940669602958748408e-02
6.540000000000004698e-01,1.087483087330776699e-01,-7.954413430045700895e-02
6.560000000000004716e-01,1.086949680926319189e-01,-7.967986730717664667e-02
6.580000000000004734e-01,1.086414733414136358e-01,-7.981375319166365834e-02
6.600000000000004752e-01,1.085878328981337015e-01,-7.994559575480543467e-02
6.620000000000004770e-01,1.085340502972350352e-01,-8.007515447808226383e-02
6.640000000000004787e-01,1.084801246313512740e-01,-8.020215271742613117e-02
6.660000000000004805e-01,1.084260509298644454e-01,-8.032628441353045767e-02
6.680000000000004823e-01,1.083718204815345976e-01,-8.044721959208037121e-02
6.700000000000004841e-01,1.083174255869077535e-01,-8.057078157228175774e-02
6.720000000000004858e-01,1.082628497268195850e-01,-8.069611478373027447e-02
6.740000000000004876e-01,1.082080735415079514e-01,-8.082243763723048757e-02
6.760000000000004894e-01,1.081530749653558110e-01,-8.094903503304180792e-02
6.780000000000004912e-01,1.080978293358265535e-01,-8.107525182129259045e-02
6.800000000000004929e-01,1.080423094797460931e-01,-8.120048705995211447e-02
6.820000000000004947e-01,1.079864213559487141e-01,-8.157292409489563800e-02
6.840000000000004965e-01,1.079301449554605774e-01,-8.218073280922708057e-02
6.860000000000004983e-01,1.078734560937672504e-01,-8.301347278549453534e-02
6.880000000000005000e-01,1.078163266384230407e-01,-8.406189840480998710e-02
6.900000000000005018e-01,1.077586775657499302e-01,-8.506419371074384894e-02
6.920000000000005036e-01,1.077005926449236400e-01,-8.571949354952115852e-02
6.940000000000005054e-01,1.076420198632681707e-01,-8.604764903937783815e-02
6.960000000000005071e-01,1.075830154180835579e-01,-8.631460153125661283e-02
6.980000000000005089e-01,1.075235053453285905e-01,-8.652101293538845550e-02
7.000000000000005107e-01,1.074634169289606089e-01,-8.666747004701033652e-02
7.020000000000005125e-01,1.074026954424836533e-01,-8.678954637755570412e-02
7.040000000000005143e-01,1.073412875153457041e-01,-8.695760686742473600e-02
7.060000000000005160e-01,1.072791162464148129e-01,-8.716888411182119323e-02
7.080000000000005178e-01,1.072161052194755687e-01,-8.742304473439567458e-02
7.100000000000005196e-01,1.071521785029017071e-01,-8.771777685064549579e-02
7.120000000000005214e-01,1.070873078066109235e-01,-8.795736953586205664e-02
7.140000000000005231e-01,1.070214078470346775e-01,-8.813926293298356140e-02
7.160000000000005249e-01,1.069544270545243619e-01,-8.830000379689610657e-02
7.180000000000005267e-01,1.068862746105460892e-01,-8.843957859980149105e-02
7.200000000000005285e-01,1.068168597921596713e-01,-8.855794491472067376e-02
7.220000000000005302e-01,1.067460914829246738e-01,-8.865502961475690835e-02
7.240000000000005320e-01,1.066738777284659684e-01,-8.873072787992165866e-02
7.260000000000005338e-01,1.066001532586054318e-01,-8.875582303203968793e-02
7.280000000000005356e-01,1.065248355409126740e-01,-8.875010278206660330e-02
7.300000000000005373e-01,1.064478219100863099e-01,-8.871390515562545265e-02
7.320000000000005391e-01,1.063690083893407828e-01,-8.864743292162471922e-02
7.340000000000005409e-01,1.062882892841453819e-01,-8.855076482829957185e-02
7.360000000000005427e-01,1.062055969813355399e-01,-8.844563470183965104e-02
7.380000000000005445e-01,1.061208480602723742e-01,-8.831298513871591038e-02
7.400000000000005462e-01,1.060339199920286857e-01,-8.815184057343500301e-02
7.420000000000005480e-01,1.059446888243615603e-01,-8.796125513289675124e-02
7.440000000000005498e-01,1.058530975677543229e-01,-8.765635141884856041e-02
7.460000000000005516e-01,1.057590921720027305e-01,-8.734097847582486529e-02
7.480000000000005533e-01,1.056625296417488813e-01,-8.701231614755040866e-02
7.500000000000005551e-01,1.055632656409524056e-01,-8.666788437898567676e-02
7.520000000000005569e-01,1.054612049628609050e-01,-8.624927866959608558e-02
7.540000000000005587e-01,1.053561919203571534e-01,-8.575894075788588478e-02
7.560000000000005604e-01,1.052481439181849332e-01,-8.528257426452515166e-02
7.580000000000005622e-01,1.051368258765208730e-01,-8.482327102355494142e-02
7.600000000000005640e-01,1.050220047020169467e-01,-8.433635383006694852e-02
7.620000000000005658e-01,1.049034209213440677e-01,-8.382012037311935282e-02
7.640000000000005675e-01,1.047808261835413701e-01,-8.327292605626790412e-02
7.660000000000005693e-01,1.046541117119651337e-01,-8.273194512595012651e-02
7.680000000000005711e-01,1.045230826111629291e-01,-8.222624145129676931e-02
7.700000000000005729e-01,1.043875781816592935e-01,-8.174381017113195591e-02
7.720000000000005747e-01,1.042476168669771858e-01,-8.125723120654623766e-02
7.740000000000005764e-01,1.041029457769217653e-01,-8.075734097703579639e-02
7.760000000000005782e-01,1.039533149811006363e-01,-8.023939847517112811e-02
7.780000000000005800e-01,1.037984804808226164e-01,-7.969914380945815335e-02
7.800000000000005818e-01,1.036383324334100159e-01,-7.928840517864078896e-02
7.820000000000005835e-01,1.034727587914244934e-01,-7.881340930067488870e-02
7.840000000000005853e-01,1.033015147073122336e-01,-7.826287282418034619e-02
7.860000000000005871e-01,1.031243515391724874e-01,-7.763753293261528576e-02
7.880000000000005889e-01,1.029411723157270392e-01,-7.695653794055516694e-02
7.900000000000005906e-01,1.027517119173702725e-01,-7.622295717066701615e-02
7.920000000000005924e-01,1.025559127637763746e-01,-7.543348919687598020e-02
7.940000000000005942e-01,1.023534863138658296e-01,-7.458614098408603010e-02
7.960000000000005960e-01,1.021442115299298764e-01,-7.377182908672684503e-02
7.980000000000005977e-01,1.019278695226191883e-01,-7.287377145640548670e-02
8.000000000000005995e-01,1.016941457913467656e-01,-6.067552868095367480e-02
8.020000000000006013e-01,1.014462394605610274e-01,-6.131711361290612117e-02
8.040000000000006031e-01,1.011936580409008440e-01,-6.234814130263897913e-02
8.060000000000006048e-01,1.009363567635852138e-01,-6.295039894884192633e-02
8.080000000000006066e-01,1.006734070560064420e-01,-6.317419569875790120e-02
8.100000000000006084e-01,1.004037711159867508e-01,-6.312795316668717849e-02
8.120000000000006102e-01,1.001267582328254635e-01,-6.284076841731708885e-02
8.140000000000006120e-01,9.984172973317484434e-02,-6.233701298509947836e-02
8.160000000000006137e-01,9.953868873917208482e-02,-4.896478323628433715e-02
8.180000000000006155e-01,9.922032932271863948e-02,-4.996378264890657256e-02
8.200000000000006173e-01,9.889522192726479810e-02,-5.106129998603704118e-02
8.220000000000006191e-01,9.856294170406737498e-02,-5.162333584204283066e-02
8.240000000000006208e-01,9.822270436714146402e-02,-5.176970300879296660e-02
8.260000000000006226e-01,9.787356818029964434e-02,-5.154839682399257883e-02
8.280000000000006244e-01,9.748289797212644769e-02,-5.131831044141452886e-02
8.300000000000006262e-01,9.708807987621190239e-02,-5.081515592246864388e-02
8.320000000000006279e-01,9.668741581736720048e-02,-4.989648256718948183e-02
8.340000000000006297e-01,9.627958469314967793e-02,-4.862369046800980865e-02
8.360000000000006315e-01,9.586313302961659011e-02,-4.702424735976403619e-02
8.380000000000006333e-01,9.543702353950776762e-02,-4.513738204905049650e-02
8.400000000000006350e-01,9.500004669929305867e-02,-4.298059886142354541e-02
8.420000000000006368e-01,9.455143683596818616e-02,-4.056682610433093999e-02
8.440000000000006386e-01,9.408281118781516850e-02,-2.299464141005818155e-02
8.460000000000006404e-01,9.357271073546388762e-02,-4.898712322830007897e-03
8.480000000000006422e-01,9.305536349910305260e-02,1.131362078204306565e-02
8.500000000000006439e-01,9.252883376858914155e-02,2.595142542938525670e-02
8.520000000000006457e-01,9.199119509407301110e-02,3.849984993812263778e-02
8.540000000000006475e-01,9.143422376983328936e-02,3.308595474541677767e-02
8.560000000000006493e-01,9.086362922893770344e-02,2.660520006801100207e-02
8.580000000000006510e-01,9.027177047121724696e-02,2.194087914735575861e-03
8.600000000000006528e-01,8.966412547208367501e-02,-1.876559505513073975e-02
8.620000000000006546e-01,8.903340739787145297e-02,-2.043906004593660022e-02
8.640000000000006564e-01,8.838161172999332849e-02,-2.053504017834769085e-03
8.660000000000006581e-01,8.768849668406399067e-02,1.705407774532382431e-02
8.680000000000006599e-01,8.698451039292037779e-02,3.450149222660754689e-02
8.700000000000006617e-01,8.626730287613290638e-02,5.039074647943333346e-02
8.720000000000006635e-01,8.553453665798615990e-02,6.176653651207329732e-02
8.740000000000006652e-01,8.478341144033395282e-02,7.285410620019841521e-02
8.760000000000006670e-01,8.399120711509944215e-02,8.434774214325464758e-02
8.780000000000006688e-01,8.317524347311459898e-02,7.085941053720594407e-02
8.800000000000006706e-01,8.234317331537140128e-02,5.706016570833043200e-02
8.820000000000006724e-01,8.149329147578342203e-02,4.832064929928334834e-02
8.840000000000006741e-01,8.061741282562888411e-02,6.448144868863683876e-02
8.860000000000006759e-01,7.971500245380008787e-02,1.062646321827476897e-01
8.880000000000006777e-01,7.877175983713162466e-02,1.507817092155122607e-01
8.900000000000006795e-01,7.780383096337546711e-02,1.639278729479499153e-01
8.920000000000006812e-01,7.681793430036266968e-02,1.779938466854123769e-01
8.940000000000006830e-01,7.581037414170262168e-02,1.931401418531935588e-01
8.960000000000006848e-01,7.477591883207708456e-02,1.785339497991285940e-01
8.980000000000006866e-01,7.370094489780647240e-02,1.623896157668785478e-01
9.000000000000006883e-01,7.259892402315501481e-02,1.834861328977341333e-01
9.020000000000006901e-01,7.146857558653098297e-02,2.426093141146653809e-01
9.040000000000006919e-01,7.031106894295678644e-02,2.635202039058289758e-01
9.060000000000006937e-01,6.912408584361640074e-02,2.469388835514271241e-01
9.080000000000006954e-01,6.789688371561067304e-02,2.279869239576942652e-01
9.100000000000006972e-01,6.664261441898111649e-02,2.593173910108617086e-01
9.120000000000006990e-01,6.536256621529316913e-02,2.942967273940895190e-01
9.140000000000007008e-01,6.405527134692477753e-02,3.383999944261241732e-01
9.160000000000007025e-01,6.271573443063248321e-02,4.322034800425553769e-01
9.180000000000007043e-01,6.152667148751193860e-02,4.731028302768311988e-01
9.200000000000007061e-01,6.053367923835925590e-02,4.914732081419315168e-01
9.220000000000007079e-01,5.970471665992922727e-02,4.887850723649120877e-01
9.240000000000007097e-01,5.901272078666278814e-02,4.619681377884458096e-01
9.260000000000007114e-01,5.843493152853789646e-02,4.096335770951639033e-01
9.280000000000007132e-01,5.795232481583974943e-02,3.670629186406525468e-01
9.300000000000007150e-01,5.753845602324852981e-02,1.896970533070457265e-01
9.320000000000007168e-01,5.718119934667578036e-02,-1.183782696366111747e-01
9.340000000000007185e-01,5.683733996655760540e-02,-4.097346816897657895e-01
9.360000000000007203e-01,5.653764019405936592e-02,-4.892645173629004418e-01
9.380000000000007221e-01,5.627327504320063511e-02,-3.709972729857636820e-01
9.400000000000007239e-01,5.604871546341228666e-02,-2.913356985045195691e-01
9.420000000000007256e-01,5.585440579144315687e-02,-2.463514463347359351e-01
9.440000000000007274e-01,5.568364667315303662e-02,-2.677690835981686446e-01
9.460000000000007292e-01,5.552017573902482545e-02,-4.131944989963788895e-01
9.480000000000007310e-01,5.533866771906985338e-02,-5.093885207719934805e-01
9.500000000000007327e-01,5.517619718486263536e-02,-5.811455452686785650e-01
9.520000000000007345e-01,5.503077163600706562e-02,-6.042831697900086230e-01
9.540000000000007363e-01,5.489867205422187257e-02,-5.902355895017025178e-01
9.560000000000007381e-01,5.477691893536511258e-02,-5.497605388298880680e-01
9.580000000000007399e-01,5.466301438494160919e-02,-4.908510685785228422e-01
9.600000000000007416e-01,5.455346120195420090e-02,-3.935175704807554187e-01
9.620000000000007434e-01,5.441962966742944913e-02,-3.177662300969796294e-01
9.640000000000007452e-01,5.429163563301472178e-02,-2.840352272771782260e-01
9.660000000000007470e-01,5.417011120815250214e-02,-2.568714767688319855e-01
9.680000000000007487e-01,5.405376090610326811e-02,-2.355209749824251630e-01
9.700000000000007505e-01,5.393973320444825359e-02,-2.415747215172181772e-01
9.720000000000007523e-01,5.382747373490505416e-02,-2.703018465181118435e-01
9.740000000000007541e-01,5.369226002855652380e-02,-3.010485668600548226e-01
9.760000000000007558e-01,5.356285121153007978e-02,-2.969736634626076732e-01
9.780000000000007576e-01,5.343951725078879139e-02,-2.815157373433637700e-01
9.800000000000007594e-01,5.332110447782738294e-02,-2.680169048836620882e-01
9.820000000000007612e-01,5.320530110756168524e-02,-2.370645798982725372e-01
9.840000000000007629e-01,5.309066638072767325e-02,-2.033237132035545236e-01
9.860000000000007647e-01,5.297650568807792115e-02,-1.672569398652946349e-01
9.880000000000007665e-01,5.286189357220091173e-02,-1.110394186194378074e-01
9.900000000000007683e-01,5.274641564458076859e-02,-3.542946703853297463e-02
9.920000000000007701e-01,5.262300464346652412e-02,-6.647405134278067118e-02
9.940000000000007718e-01,5.249751065002998540e-02,-9.196525336886374191e-02
9.960000000000007736e-01,5.237152121284905509e-02,-7.542047816785239778e-02
9.980000000000007754e-01,5.223710884301102642e-02,9.583931792621042112e-02
1.000000000000000666e+00,5.208897525786940902e-02,2.393663360608212498e-01
1.002000000000000668e+00,5.192221859830360026e-02,2.824137889706834215e-01
1.004000000000000670e+00,5.174307293157257015e-02,2.307373118534480627e-01
1.006000000000000671e+00,5.155103846883827418e-02,1.090787970301622806e-01
1.008000000000000673e+00,5.134524989423780439e-02,-7.134778388927698334e-02
1.010000000000000675e+00,5.112503604390724460e-02,-2.999380724083777761e-01
1.012000000000000677e+00,5.091490881308084748e-02,-5.151110631928236261e-01
1.014000000000000679e+00,5.071703391808362466e-02,-7.460122857665438811e-01
1.016000000000000680e+00,5.053919813756878321e-02,-9.028370625047724696e-01
1.018000000000000682e+00,5.038613488902171644e-02,-1.029839119175521622e+00
1.020000000000000684e+00,5.025263728291499976e-02,-1.118171436769107352e+00
1.022000000000000686e+00,5.013550951033198672e-02,-1.173252389723082656e+00
1.024000000000000687e+00,5.002524176431211861e-02,-1.267604979210182892e+00
1.026000000000000689e+00,4.992615900917386079e-02,-1.343431489104397469e+00
1.028000000000000691e+00,4.983771368031638532e-02,-1.391936185059374109e+00
1.030000000000000693e+00,4.975986979083118350e-02,-1.431350012990395104e+00
1.032000000000000695e+00,4.969112578480139319e-02,-1.462428999870256208e+00
1.034000000000000696e+00,4.962947442502759626e-02,-1.496997015151233290e+00
1.036000000000000698e+00,4.956981336223104107e-02,-1.586867364831746618e+00
1.038000000000000700e+00,4.951764468083064141e-02,-1.654873659849419587e+00
1.040000000000000702e+00,4.947158736539789686e-02,-1.703005795871582739e+00
1.042000000000000703e+00,4.943082726985632142e-02,-1.735399387626125556e+00
1.044000000000000705e+00,4.939459087712690794e-02,-1.756088960870263449e+00
1.046000000000000707e+00,4.936224388934312701e-02,-1.767346223989041398e+00
1.048000000000000709e+00,4.933325998664469386e-02,-1.771151484276779708e+00
1.050000000000000711e+00,4.930717806934006159e-02,-1.768880829904487806e+00
1.052000000000000712e+00,4.928339734453813376e-02,-1.762762029679030062e+00
1.054000000000000714e+00,4.926152333194893512e-02,-1.748859422795999707e+00
1.056000000000000716e+00,4.924178173350594878e-02,-1.736523532635472877e+00
1.058000000000000718e+00,4.922389265908727607e-02,-1.725560290075049741e+00
1.060000000000000719e+00,4.920767230149344224e-02,-1.713418963702277420e+00
1.062000000000000721e+00,4.919299093133670808e-02,-1.700235911697392854e+00
1.064000000000000723e+00,4.917955465223635553e-02,-1.689504525956403436e+00
1.066000000000000725e+00,4.916720928830045634e-02,-1.680805177746192314e+00
1.068000000000000727e+00,4.915582256517147391e-02,-1.673784581869341537e+00
1.070000000000000728e+00,4.914527902999723391e-02,-1.668155769129697097e+00
1.072000000000000730e+00,4.913526228695480613e-02,-1.662824850272300425e+00
1.074000000000000732e+00,4.912571123420781533e-02,-1.657717298674937334e+00
1.076000000000000734e+00,4.911657403217790929e-02,-1.652774509020298543e+00
1.078000000000000735e+00,4.910780667065774846e-02,-1.647950860879704216e+00
1.080000000000000737e+00,4.909937172825605545e-02,-1.643209906427106848e+00
1.082000000000000739e+00,4.909123737051750147e-02,-1.638523549460782158e+00
1.084000000000000741e+00,4.908337650280075737e-02,-1.633871219847829348e+00
1.086000000000000743e+00,4.907576603857683600e-02,-1.629238357645734547e+00
1.088000000000000744e+00,4.906838702588384171e-02,-1.624633240054377481e+00
1.090000000000000746e+00,4.906122174336540603e-02,-1.620028485860236733e+00
1.092000000000000748e+00,4.905425580993110629e-02,-1.615422103055114356e+00
1.094000000000000750e+00,4.904750010885354505e-02,-1.610636883048421453e+00
1.096000000000000751e+00,4.904093852487163147e-02,-1.605191447244722402e+00
1.098000000000000753e+00,4.903455892921838172e-02,-1.599203036465696837e+00
1.100000000000000755e+00,4.902835100100436105e-02,-1.592772440575065396e+00
1.102000000000000757e+00,4.902230628269156620e-02,-1.585911659251767247e+00
1.104000000000000759e+00,4.901641757971899466e-02,-1.578624714042569099e+00
1.106000000000000760e+00,4.901067856576749038e-02,-1.570918502227923508e+00
1.108000000000000762e+00,4.900508361033702881e-02,-1.562802219978609797e+00
1.110000000000000764e+00,4.899962763659801435e-02,-1.554286886874787221e+00
1.112000000000000766e+00,4.899448497383661338e-02,-1.544648200062770815e+00
1.114000000000000767e+00,4.898961542233905980e-02,-1.534154535235172201e+00
1.116000000000000769e+00,4.898498547841129841e-02,-1.523022809763417085e+00
1.118000000000000771e+00,4.898055002156236765e-02,-1.511435841121863355e+00
1.120000000000000773e+00,4.897624797464832785e-02,-1.499529777357996085e+00
1.122000000000000774e+00,4.897271141504704745e-02,-1.488382158260682875e+00
1.124000000000000776e+00,4.896940845536982417e-02,-1.477884931145023506e+00
1.126000000000000778e+00,4.896594620715535862e-02,-1.464070713421091297e+00
1.128000000000000780e+00,4.896226960306389320e-02,-1.447122856011439529e+00
1.130000000000000782e+00,4.895836823276559363e-02,-1.427269492554038788e+00
1.132000000000000783e+00,4.895419328299992212e-02,-1.404673640999738016e+00
1.134000000000000785e+00,4.894942273342719335e-02,-1.384199150361839159e+00
1.136000000000000787e+00,4.894412052328037110e-02,-1.365240770753946009e+00
1.138000000000000789e+00,4.893793777888513774e-02,-1.351451514786355501e+00
1.140000000000000790e+00,4.893100291442192828e-02,-1.341524620127234835e+00
1.142000000000000792e+00,4.892343931710604887e-02,-1.334601472634050490e+00
1.144000000000000794e+00,4.891534953186945506e-02,-1.329881612684899572e+00
1.146000000000000796e+00,4.890772412568031302e-02,-1.325737370522372505e+00
1.148000000000000798e+00,4.890048742589245961e-02,-1.315696120678444103e+00
1.150000000000000799e+00,4.889354439398277408e-02,-1.300831986806973095e+00
1.152000000000000801e+00,4.888681757739333361e-02,-1.281986015618006736e+00
1.154000000000000803e+00,4.888024409499475836e-02,-1.259837163834930607e+00
1.156000000000000805e+00,4.887377318345633576e-02,-1.234956507405433390e+00
1.158000000000000806e+00,4.886736423358666731e-02,-1.207824265182192880e+00
1.160000000000000808e+00,4.886098502855676373e-02,-1.178843640984031271e+00
1.162000000000000810e+00,4.885482317123296392e-02,-1.154872059999083156e+00
1.164000000000000812e+00,4.884882960122041706e-02,-1.135462946618235991e+00
1.166000000000000814e+00,4.884295747057953996e-02,-1.119873598446312846e+00
1.168000000000000815e+00,4.883716285344340269e-02,-1.107333430071141711e+00
1.170000000000000817e+00,4.883141685636310791e-02,-1.097349392453326411e+00
1.172000000000000819e+00,4.882569679091466192e-02,-1.089507052916336205e+00
1.174000000000000821e+00,4.881998515354180057e-02,-1.083464663787207849e+00
1.176000000000000822e+00,4.881429060664751324e-02,-1.078137136396007056e+00
1.178000000000000824e+00,4.880859910514377675e-02,-1.073451454078057088e+00
1.180000000000000826e+00,4.880290003723749409e-02,-1.069322615853537828e+00
1.182000000000000828e+00,4.879718540886782141e-02,-1.065676978092110483e+00
1.184000000000000830e+00,4.879144933022767222e-02,-1.062450628019920851e+00
1.186000000000000831e+00,4.878568759548349010e-02,-1.059588014146856105e+00
1.188000000000000833e+00,4.877989733934448568e-02,-1.057040789062395625e+00
1.190000000000000835e+00,4.877407675695649703e-02,-1.054766828320731209e+00
1.192000000000000837e+00,4.876822487593503175e-02,-1.052729395803606360e+00
1.194000000000000838e+00,4.876234137128996476e-02,-1.050896431332735803e+00
1.196000000000000840e+00,4.875642641559940066e-02,-1.049239940658267978e+00
1.198000000000000842e+00,4.875048055811945918e-02,-1.047735471478042468e+00
1.200000000000000844e+00,4.874450462761737574e-02,-1.046361662006444204e+00
1.202000000000000846e+00,4.873849965462628137e-02,-1.045099850941223707e+00
1.204000000000000847e+00,4.873246680957415283e-02,-1.043933739574802289e+00
1.206000000000000849e+00,4.872640735386320893e-02,-1.042849098347007564e+00
1.208000000000000851e+00,4.872032260149200544e-02,-1.041833511405074297e+00
1.210000000000000853e+00,4.871421388923904278e-02,-1.040876153778043323e+00
1.212000000000000854e+00,4.870808555858138766e-02,-1.039967467298895665e+00
1.214000000000000856e+00,4.870194162840169039e-02,-1.039099156078051589e+00
1.216000000000000858e+00,4.869578572762419538e-02,-1.038264032801520687e+00
1.218000000000000860e+00,4.868961802624250518e-02,-1.037384110591037079e+00
1.220000000000000862e+00,4.868344188857168242e-02,-1.036468395150925925e+00
1.222000000000000863e+00,4.867726034140017893e-02,-1.035524440648381006e+00
1.224000000000000865e+00,4.867106112052700662e-02,-1.038581680637827853e+00
1.226000000000000867e+00,4.866483935014021683e-02,-1.045284981329597240e+00
1.228000000000000869e+00,4.865862163618275837e-02,-1.050600988150984350e+00
1.230000000000000870e+00,4.865241133646400901e-02,-1.054767119101543527e+00
1.232000000000000872e+00,4.864621062290804682e-02,-1.057987699590497765e+00
1.234000000000000874e+00,4.863993016057571034e-02,-1.058987404932211884e+00
1.236000000000000876e+00,4.863368309449059984e-02,-1.059573478794464174e+00
1.238000000000000878e+00,4.862746692306022661e-02,-1.059827313564212670e+00
1.240000000000000879e+00,4.862128223069171751e-02,-1.059786559829517527e+00
1.242000000000000881e+00,4.861512687119793480e-02,-1.059510336050099921e+00
1.244000000000000883e+00,4.860899902964150449e-02,-1.059046701020774250e+00
1.246000000000000885e+00,4.860289697949863458e-02,-1.058433776451001007e+00
1.248000000000000886e+00,4.859681863191379209e-02,-1.057699521160420097e+00
1.250000000000000888e+00,4.859076538054115518e-02,-1.056842767859361265e+00
1.252000000000000890e+00,4.858473537451038493e-02,-1.055887706414748495e+00
1.254000000000000892e+00,4.857872707273339086e-02,-1.054854499841069382e+00
1.256000000000000894e+00,4.857273024753995527e-02,-1.057532016443471390e+00
1.258000000000000895e+00,4.856673467287592888e-02,-1.063590705938280534e+00
1.260000000000000897e+00,4.856076110004574342e-02,-1.068280598218163790e+00
1.262000000000000899e+00,4.855480952345730267e-02,-1.071847154488487330e+00
1.264000000000000901e+00,4.854895060544753282e-02,-1.073987464684281079e+00
1.266000000000000902e+00,4.854318726772530179e-02,-1.074952010256381874e+00
1.268000000000000904e+00,4.853744872964560475e-02,-1.075424631580082169e+00
1.270000000000000906e+00,4.853173039789166615e-02,-1.075502674017747573e+00
1.272000000000000908e+00,4.852602856491598782e-02,-1.075265486674302773e+00
1.274000000000000909e+00,4.852034551458062756e-02,-1.074761564827947158e+00
1.276000000000000911e+00,4.851452759182915686e-02,-1.074651534434623024e+00
1.278000000000000913e+00,4.850859380343856136e-02,-1.074793668045852080e+00
1.280000000000000915e+00,4.850258090877886119e-02,-1.074907049195641395e+00
1.282000000000000917e+00,4.849658839499620261e-02,-1.074788655400921167e+00
1.284000000000000918e+00,4.849061069645718702e-02,-1.073418547183702554e+00
1.286000000000000920e+00,4.848464704248162116e-02,-1.071026881211642356e+00
1.288000000000000922e+00,4.847869693972871319e-02,-1.067809334361808471e+00
1.290000000000000924e+00,4.847277114167716783e-02,-1.067948765722216864e+00
1.292000000000000925e+00,4.846685878256905278e-02,-1.071188305601888935e+00
1.294000000000000927e+00,4.846095636850283189e-02,-1.072689265982902374e+00
1.296000000000000929e+00,4.845506562738593342e-02,-1.072783852209858946e+00
1.298000000000000931e+00,4.844918795993546912e-02,-1.071747412348629913e+00
1.300000000000000933e+00,4.844333056673636589e-02,-1.069854833707673425e+00
1.302000000000000934e+00,4.843767971758364960e-02,-1.067605587475119577e+00
1.304000000000000936e+00,4.843221413985529522e-02,-1.064708426996313628e+00
1.306000000000000938e+00,4.842690132076465231e-02,-1.061270032526076879e+00
1.308000000000000940e+00,4.842171420518887048e-02,-1.057382751509759133e+00
1.310000000000000941e+00,4.841663029329187212e-02,-1.053126400563744847e+00
1.312000000000000943e+00,4.841163084939692496e-02,-1.048522354803554268e+00
1.314000000000000945e+00,4.840670026164044931e-02,-1.043524213617145646e+00
1.316000000000000947e+00,4.840170183575974450e-02,-1.041552747185727545e+00
1.318000000000000949e+00,4.839664076212597810e-02,-1.042429581623332879e+00
1.320000000000000950e+00,4.839167275659870399e-02,-1.042217335431853797e+00
1.322000000000000952e+00,4.838678003269954869e-02,-1.041098345655977031e+00
1.324000000000000954e+00,4.838194788359022336e-02,-1.039226748722357874e+00
1.326000000000000956e+00,4.837716417084658715e-02,-1.036732846515872275e+00
1.328000000000000957e+00,4.837241885174975442e-02,-1.033669433016508155e+00
1.330000000000000959e+00,4.836770362530713047e-02,-1.030022107238734108e+00
1.332000000000000961e+00,4.836301169091904162e-02,-1.025785055068932916e+00
1.334000000000000963e+00,4.835833749897689576e-02,-1.020959424571354024e+00
1.336000000000000965e+00,4.835367654245046470e-02,-1.015551973410573128e+00
1.338000000000000966e+00,4.834891073403383560e-02,-1.013023591493203313e+00
1.340000000000000968e+00,4.834405184566049202e-02,-1.013222682160109134e+00
1.342000000000000970e+00,4.833925094910823672e-02,-1.012559356216077067e+00
1.344000000000000972e+00,4.833427525965192095e-02,-1.006901191792928696e+00
1.346000000000000973e+00,4.832914802006286342e-02,-9.963979290998874472e-01
1.348000000000000975e+00,4.832413259968059566e-02,-9.854008355535972541e-01
1.350000000000000977e+00,4.831909465576517126e-02,-9.763766932752597771e-01
1.352000000000000979e+00,4.831403375840172959e-02,-9.689856594517334276e-01
1.354000000000000981e+00,4.830894905185561389e-02,-9.629503151456048071e-01
1.356000000000000982e+00,4.830396194287495809e-02,-9.535607820930799283e-01
1.358000000000000984e+00,4.829905137851259883e-02,-9.409585401265939675e-01
1.360000000000000986e+00,4.829420015871213612e-02,-9.252878671877790007e-01
1.362000000000000988e+00,4.828939428450827742e-02,-9.066943416708143078e-01
1.364000000000000989e+00,4.828464289710854979e-02,-8.902549727227458964e-01
1.366000000000000991e+00,4.827993355820914961e-02,-8.757849382542350902e-01
1.368000000000000993e+00,4.827525604374761220e-02,-8.631203850789103127e-01
1.370000000000000995e+00,4.827060200602626555e-02,-8.521155364939715371e-01
1.372000000000000997e+00,4.826596478734537787e-02,-8.426435621165090373e-01
1.374000000000000998e+00,4.826133922614311150e-02,-8.345005737828982140e-01
1.376000000000001000e+00,4.825672126435551906e-02,-8.274539798381222999e-01
1.378000000000001002e+00,4.825210773967188865e-02,-8.213120981278915211e-01
1.380000000000001004e+00,4.824749623401879128e-02,-8.159169505816039614e-01
1.382000000000001005e+00,4.824288494496401652e-02,-8.111383301094513554e-01
1.384000000000001007e+00,4.823827257677933134e-02,-8.068689142683652671e-01
1.386000000000001009e+00,4.823364747538905900e-02,-7.989742624242431868e-01
1.388000000000001011e+00,4.822900968384176423e-02,-7.876580588515941228e-01
1.390000000000001013e+00,4.822437963473164696e-02,-7.779889647383203544e-01
1.392000000000001014e+00,4.821975521468534892e-02,-7.697524119163174916e-01
1.394000000000001016e+00,4.821513482606629153e-02,-7.626974450309569331e-01
1.396000000000001018e+00,4.821051728845430345e-02,-7.566170421268644253e-01
1.398000000000001020e+00,4.820590176468970284e-02,-7.513404082409191886e-01
1.400000000000001021e+00,4.820127169341690415e-02,-7.424930776327283155e-01
1.402000000000001023e+00,4.819664890844121974e-02,-7.349650432468165517e-01
1.404000000000001025e+00,4.819203206592732880e-02,-7.285241036075376098e-01
1.406000000000001027e+00,4.818742015627195535e-02,-7.229786895619735310e-01
1.408000000000001029e+00,4.818279465084900764e-02,-7.138884229657188607e-01
1.410000000000001030e+00,4.817817933985091283e-02,-7.061862264857513560e-01
1.412000000000001032e+00,4.817357270106469025e-02,-6.996267189849013635e-01
1.414000000000001034e+00,4.816897355404950454e-02,-6.940074841326618893e-01
1.416000000000001036e+00,4.816438100178278142e-02,-6.891615531995552990e-01
1.418000000000001037e+00,4.815979438092624770e-02,-6.849512080956434712e-01
1.420000000000001039e+00,4.815521321955869988e-02,-6.812628714717575695e-01
1.422000000000001041e+00,4.815063720136514985e-02,-6.780028921532581521e-01
1.424000000000001043e+00,4.814606613539803431e-02,-6.750940682062420706e-01
1.426000000000001044e+00,4.814149993063706473e-02,-6.724727778841799175e-01
1.428000000000001046e+00,4.813693857467245957e-02,-6.700866116644713655e-01
1.430000000000001048e+00,4.813238211592291149e-02,-6.678924174557584470e-01
1.432000000000001050e+00,4.812783064887595635e-02,-6.658546865717188679e-01
1.434000000000001052e+00,4.812328430190583595e-02,-6.639442208269537016e-01
1.436000000000001053e+00,4.811874322728322551e-02,-6.621370316076650164e-01
1.438000000000001055e+00,4.811420731604051926e-02,-6.604130332742641496e-01
1.440000000000001057e+00,4.810967640717265376e-02,-6.587556319537430927e-01
1.442000000000001059e+00,4.810515038726326242e-02,-6.571512567355972667e-01
1.444000000000001060e+00,4.810062918200866400e-02,-6.555888301776552352e-01
1.446000000000001062e+00,4.809611274913434126e-02,-6.540593305917170586e-01
1.448000000000001064e+00,4.809160107966366227e-02,-6.525551266788174321e-01
1.450000000000001066e+00,4.808709419437237620e-02,-6.510696853202819767e-01
1.452000000000001068e+00,4.808259213114125102e-02,-6.495977390585069289e-01
1.454000000000001069e+00,4.807809494088444852e-02,-6.481350653122172067e-01
1.456000000000001071e+00,4.807360268425354966e-02,-6.466783030038000257e-01
1.458000000000001073e+00,4.806911541852335046e-02,-6.452249522682174110e-01
1.460000000000001075e+00,4.806463293778089063e-02,-6.437727236971869660e-01
1.462000000000001076e+00,4.806015487239536504e-02,-6.423194795684418201e-01
1.464000000000001078e+00,4.805568090941460951e-02,-6.408635603820415083e-01
1.466000000000001080e+00,4.805121078613542457e-02,-6.394037040726416876e-01
1.468000000000001082e+00,4.804674428451440743e-02,-6.379389779058517451e-01
1.470000000000001084e+00,4.804228122628188130e-02,-6.364687210985546795e-01
1.472000000000001085e+00,4.803786660757455168e-02,-6.356963740870783530e-01
1.474000000000001087e+00,4.803349092069239545e-02,-6.355077456097849575e-01
1.476000000000001089e+00,4.802914581922183845e-02,-6.358059847720806124e-01
1.478000000000001091e+00,4.802482408777306033e-02,-6.365096663749798545e-01
1.480000000000001092e+00,4.802051974846187343e-02,-6.375493877220398398e-01
1.482000000000001094e+00,4.801622794658619298e-02,-6.388638024698140017e-01
1.484000000000001096e+00,4.801194455546046319e-02,-6.404040908749830674e-01
1.486000000000001098e+00,4.800766627081248100e-02,-6.421406190599375785e-01
1.488000000000001100e+00,4.800339041230117232e-02,-6.440775184372258266e-01
1.490000000000001101e+00,4.799911481994662693e-02,-6.462157203321251542e-01
1.492000000000001103e+00,4.799489160107577729e-02,-6.486072689505407718e-01
1.494000000000001105e+00,4.799071471012138212e-02,-6.512390757641015604e-01
1.496000000000001107e+00,4.798657859247391216e-02,-6.540977276003051566e-01
1.498000000000001108e+00,4.798247814501870046e-02,-6.571696341542223596e-01
1.500000000000001110e+00,4.797840868142372317e-02,-6.604411510141745545e-01
1.502000000000001112e+00,4.797436590134208922e-02,-6.638986818336067852e-01
1.504000000000001114e+00,4.797034585938449169e-02,-6.675287409385578519e-01
1.506000000000001116e+00,4.796634493560301971e-02,-6.713179849211635686e-01
1.508000000000001117e+00,4.796235982312506418e-02,-6.752533137723376599e-01
1.510000000000001119e+00,4.795838750702476755e-02,-6.793219201245123129e-01
1.512000000000001121e+00,4.795442524489100522e-02,-6.835113285269021066e-01
1.514000000000001123e+00,4.795047054884764987e-02,-6.878094262427982830e-01
1.516000000000001124e+00,4.794652116882963666e-02,-6.922044868441563636e-01
1.518000000000001126e+00,4.794257470730228787e-02,-6.966848373261798066e-01
1.520000000000001128e+00,4.793862882145997345e-02,-7.012390362579908887e-01
1.522000000000001130e+00,4.793471519917702484e-02,-7.048058837193273973e-01
1.524000000000001132e+00,4.793082357788789466e-02,-7.075493240690429175e-01
1.526000000000001133e+00,4.792694567216397583e-02,-7.095980774044435835e-01
1.528000000000001135e+00,4.792307463051203448e-02,-7.110612465865568943e-01
1.530000000000001137e+00,4.791920480229680535e-02,-7.120313247258438505e-01
1.532000000000001139e+00,4.791533154409672451e-02,-7.125867329066087885e-01
1.534000000000001140e+00,4.791145105858976572e-02,-7.127939631275661547e-01
1.536000000000001142e+00,4.790755985597787425e-02,-7.127096657695918269e-01
1.538000000000001144e+00,4.790365450313822243e-02,-7.123822356900700870e-01
1.540000000000001146e+00,4.789973212183151752e-02,-7.118526565641695170e-01
1.542000000000001148e+00,4.789579030882384209e-02,-7.111556186568556148e-01
1.544000000000001149e+00,4.789182706882608165e-02,-7.103204659143504962e-01
1.546000000000001151e+00,4.788784075804581458e-02,-7.093719990175741952e-01
1.548000000000001153e+00,4.788383003653639419e-02,-7.083311567862848879e-01
1.550000000000001155e+00,4.787979382784796761e-02,-7.072155947616628469e-01
1.552000000000001156e+00,4.787573128474810480e-02,-7.060401768120421195e-01
1.554000000000001158e+00,4.787164175999564231e-02,-7.048173931059156239e-01
1.556000000000001160e+00,4.786760001921325919e-02,-7.034803083889462627e-01
1.558000000000001162e+00,4.786360103897789597e-02,-7.020546335872042132e-01
1.560000000000001164e+00,4.785963992014104912e-02,-7.005619224163969205e-01
1.562000000000001165e+00,4.785571189697288702e-02,-6.990201857125569740e-01
1.564000000000001167e+00,4.785181234466230615e-02,-6.974444174424533349e-01
1.566000000000001169e+00,4.784793678534329103e-02,-6.958470450787987982e-01
1.568000000000001171e+00,4.784408089280166310e-02,-6.942383151809222719e-01
1.570000000000001172e+00,4.784024049010765500e-02,-6.926262347207687853e-01
1.572000000000001174e+00,4.783641155061166966e-02,-6.910167249743760509e-01
1.574000000000001176e+00,4.783259021188959736e-02,-6.894146437630763735e-01
1.576000000000001178e+00,4.782869802251504127e-02,-6.848513819420728455e-01
1.578000000000001180e+00,4.782471262800110784e-02,-6.750422716684703062e-01
1.580000000000001181e+00,4.782064080473167472e-02,-6.603334549312606105e-01
1.582000000000001183e+00,4.781648132928247030e-02,-6.411159147026299632e-01
1.584000000000001185e+00,4.781222718011201439e-02,-6.177866968298477701e-01
1.586000000000001187e+00,4.780803196538421784e-02,-5.969875388415681883e-01
1.588000000000001188e+00,4.780388224941219122e-02,-5.786077047351708691e-01
1.590000000000001190e+00,4.779976690280800938e-02,-5.625553771455372720e-01
1.592000000000001192e+00,4.779567651333330169e-02,-5.487285885396196994e-01
1.594000000000001194e+00,4.779160334297356122e-02,-5.370208333963721881e-01
1.596000000000001195e+00,4.778751304223573942e-02,-5.294409726500471924e-01
1.598000000000001197e+00,4.778339958735094289e-02,-5.257167171155510133e-01
1.600000000000001199e+00,4.777925780459259947e-02,-5.255981730571553934e-01
1.602000000000001201e+00,4.777508326641504571e-02,-5.288547451011488265e-01
1.604000000000001203e+00,4.777087220021580122e-02,-5.352725671590254919e-01
1.606000000000001204e+00,4.776662140820743530e-02,-5.446523672730944066e-01
1.608000000000001206e+00,4.776232819706804911e-02,-5.568076894549780498e-01
1.610000000000001208e+00,4.775799031619723523e-02,-5.715634095371293633e-01
1.612000000000001210e+00,4.775358709564998111e-02,-5.831582553839416150e-01
1.614000000000001211e+00,4.774913751159502728e-02,-5.886941468501459829e-01
1.616000000000001213e+00,4.774463400623196047e-02,-5.885430351126386128e-01
1.618000000000001215e+00,4.774007034618028833e-02,-5.830525521709245540e-01
1.620000000000001217e+00,4.773544165451408527e-02,-5.725488223082301209e-01
1.622000000000001219e+00,4.773074418655492979e-02,-5.573385667392166676e-01
1.624000000000001220e+00,4.772599184820335017e-02,-5.435517347758545004e-01
1.626000000000001222e+00,4.772118170955457622e-02,-5.310789941312646922e-01
1.628000000000001224e+00,4.771631162203476828e-02,-5.198222967842550668e-01
1.630000000000001226e+00,4.771141969091517027e-02,-5.104001516285537887e-01
1.632000000000001227e+00,4.770649990386313655e-02,-5.024951440821093795e-01
1.634000000000001229e+00,4.770154732187675828e-02,-4.958448598183333722e-01
1.636000000000001231e+00,4.769655792463502186e-02,-4.902322833116122824e-01
1.638000000000001233e+00,4.769152847694848457e-02,-4.854778881856476325e-01
1.640000000000001235e+00,4.768645641355152148e-02,-4.814331185642486965e-01
1.642000000000001236e+00,4.768133973982762591e-02,-4.779750145638924086e-01
1.644000000000001238e+00,4.767617694636428621e-02,-4.750017792495269675e-01
1.646000000000001240e+00,4.767096693550029046e-02,-4.724291205826532947e-01
1.648000000000001242e+00,4.766570895826148513e-02,-4.701872315767803290e-01
1.650000000000001243e+00,4.766040256028547528e-02,-4.682182962250734937e-01
1.652000000000001245e+00,4.765504753551496470e-02,-4.664744287458831296e-01
1.654000000000001247e+00,4.764962607761044633e-02,-4.650187266316542778e-01
1.656000000000001249e+00,4.764414079561328508e-02,-4.637982716672799377e-01
1.658000000000001251e+00,4.763859413266263026e-02,-4.627691752438680139e-01
1.660000000000001252e+00,4.763298838214152092e-02,-4.618950646135022708e-01
1.662000000000001254e+00,4.762732575202363594e-02,-4.611441242372897875e-01
1.664000000000001256e+00,4.762160818267437840e-02,-4.604932894275775013e-01
1.666000000000001258e+00,4.761583757841256898e-02,-4.599217951907517143e-01
1.668000000000001259e+00,4.761001574638824840e-02,-4.594125389824742500e-01
1.670000000000001261e+00,4.760414440518058454e-02,-4.589514702178264516e-01
1.672000000000001263e+00,4.759822519256484696e-02,-4.585270809920776736e-01
1.674000000000001265e+00,4.759225967252823236e-02,-4.581299809893352726e-01
1.676000000000001267e+00,4.758624934160616410e-02,-4.577525424726758274e-01
1.678000000000001268e+00,4.758019652365626240e-02,-4.573885508952668100e-01
1.680000000000001270e+00,4.757410791909811448e-02,-4.570327464318689747e-01
1.682000000000001272e+00,4.756798905677897538e-02,-4.566809419796144520e-01
1.684000000000001274e+00,4.756184451343752756e-02,-4.563298391885683980e-01
1.686000000000001275e+00,4.755567809141981322e-02,-4.559768746730636368e-01
1.688000000000001277e+00,4.754949296260952557e-02,-4.556200914237383826e-01
1.690000000000001279e+00,4.754329178501875974e-02,-4.552580312822987474e-01
1.692000000000001281e+00,4.753707679725707042e-02,-4.548896450363911770e-01
1.694000000000001283e+00,4.753084989510168723e-02,-4.545142172671076120e-01
1.696000000000001284e+00,4.752461269358589091e-02,-4.541313035578558588e-01
1.698000000000001286e+00,4.751836727717643344e-02,-4.537407084875860752e-01
1.700000000000001288e+00,4.751211553297179924e-02,-4.533424165542787598e-01
1.702000000000001290e+00,4.750583862013520869e-02,-4.534146470981555987e-01
1.704000000000001291e+00,4.749954196956915342e-02,-4.538661283110287381e-01
1.706000000000001293e+00,4.749323016608224257e-02,-4.546192764928248531e-01
1.708000000000001295e+00,4.748690709097875412e-02,-4.556083295506014874e-01
1.710000000000001297e+00,4.748057603984353475e-02,-4.567777234556530952e-01
1.712000000000001299e+00,4.747423981986109709e-02,-4.580806809597510187e-01
1.714000000000001300e+00,4.746790083025029250e-02,-4.594779856459614287e-01
1.716000000000001302e+00,4.746156112876968175e-02,-4.609369177153343489e-01
1.718000000000001304e+00,4.745535561529534707e-02,-4.591848787938169196e-01
1.720000000000001306e+00,4.744925553549005776e-02,-4.542839417471426500e-01
1.722000000000001307e+00,4.744323713894188499e-02,-4.463134379231425419e-01
1.724000000000001309e+00,4.743728001169725261e-02,-4.353778953483823932e-01
1.726000000000001311e+00,4.743136685755293402e-02,-4.215959724638870254e-01
1.728000000000001313e+00,4.742548379455289315e-02,-4.050845833759365022e-01
1.730000000000001315e+00,4.741962085623649403e-02,-3.859159342902533374e-01
1.732000000000001316e+00,4.741377061763975970e-02,-3.642575618880081745e-01
1.734000000000001318e+00,4.740787151887345535e-02,-3.458213104969928842e-01
1.736000000000001320e+00,4.740193088216809736e-02,-3.303991113589100359e-01
1.738000000000001322e+00,4.739600007274263893e-02,-3.179413073041837401e-01
1.740000000000001323e+00,4.739007698324269879e-02,-3.079300953512561501e-01
1.742000000000001325e+00,4.738415838339733732e-02,-2.999440484292324460e-01
1.744000000000001327e+00,4.737824177842013540e-02,-2.936336295516380201e-01
1.746000000000001329e+00,4.737232531217137194e-02,-2.887082828149049041e-01
1.748000000000001330e+00,4.736640766989785173e-02,-2.849263984701312369e-01
1.750000000000001332e+00,4.736048797373482860e-02,-2.820874378031533181e-01
1.752000000000001334e+00,4.735456570397000853e-02,-2.800249075326649573e-01
1.754000000000001336e+00,4.734864063233949760e-02,-2.786005524393302402e-01
1.756000000000001338e+00,4.734271276562244252e-02,-2.776995522577832554e-01
1.758000000000001339e+00,4.733678229804543641e-02,-2.772265468270729283e-01
1.760000000000001341e+00,4.733095016236414654e-02,-2.742199924460752003e-01
1.762000000000001343e+00,4.732519426921954347e-02,-2.687575989202449223e-01
1.764000000000001345e+00,4.731949705016990498e-02,-2.609361369679391585e-01
1.766000000000001346e+00,4.731384593329936161e-02,-2.508929137696559453e-01
1.768000000000001348e+00,4.730823043612735618e-02,-2.387568914094346795e-01
1.770000000000001350e+00,4.730264022287249126e-02,-2.287895395264746834e-01
1.772000000000001352e+00,4.729707105897607011e-02,-2.206062207265948871e-01
1.774000000000001354e+00,4.729151942414439036e-02,-2.138891109173821081e-01
1.776000000000001355e+00,4.728598241809400110e-02,-2.083761412653794554e-01
1.778000000000001357e+00,4.728045766407208694e-02,-2.038512259267045990e-01
1.780000000000001359e+00,4.727494322642990243e-02,-2.001362100549008427e-01
1.782000000000001361e+00,4.726943752115195935e-02,-1.970849241147248077e-01
1.784000000000001362e+00,4.726393923186679447e-02,-1.945785745331999883e-01
1.786000000000001364e+00,4.725844731847073793e-02,-1.925190633677333063e-01
1.788000000000001366e+00,4.725296097014169278e-02,-1.908253877639620733e-01
1.790000000000001368e+00,4.724747956559663398e-02,-1.894306697232081282e-01
1.792000000000001370e+00,4.724200263952546552e-02,-1.882797050009299977e-01
1.794000000000001371e+00,4.723652985428737627e-02,-1.873269397096636590e-01
1.796000000000001373e+00,4.723106097608729959e-02,-1.865347994192916303e-01
1.798000000000001375e+00,4.722559585496322043e-02,-1.858723088700966475e-01
1.800000000000001377e+00,4.722013440801201001e-02,-1.853139513606709421e-01
1.802000000000001378e+00,4.721467660536470684e-02,-1.848387258697691549e-01
1.804000000000001380e+00,4.720922245849357157e-02,-1.844293673680838797e-01
1.806000000000001382e+00,4.720377201049440197e-02,-1.840717018590694587e-01
1.808000000000001384e+00,4.719832532804002501e-02,-1.837541126921667378e-01
1.810000000000001386e+00,4.719286680618339086e-02,-1.835937450892177469e-01
1.812000000000001387e+00,4.718739974043471147e-02,-1.835611483002647371e-01
1.814000000000001389e+00,4.718192666222199155e-02,-1.836264678773827930e-01
1.816000000000001391e+00,4.717644976456449729e-02,-1.837677900553375820e-01
1.818000000000001393e+00,4.717097086831553016e-02,-1.839672809447781554e-01
1.820000000000001394e+00,4.716549148440950245e-02,-1.842105068642208576e-01
1.822000000000001396e+00,4.716001285382938335e-02,-1.844854530711637075e-01
1.824000000000001398e+00,4.715453599388567257e-02,-1.847821525654662622e-01
1.826000000000001400e+00,4.714906173642175596e-02,-1.850923711677199546e-01
1.828000000000001402e+00,4.714359075937852445e-02,-1.854093402071582408e-01
1.830000000000001403e+00,4.713812361289296954e-02,-1.857275295211074373e-01
1.832000000000001405e+00,4.713266074089459551e-02,-1.860424546141798974e-01
1.834000000000001407e+00,4.712720249899089026e-02,-1.863505127869752032e-01
1.836000000000001409e+00,4.712174916929186275e-02,-1.866488438513769221e-01
1.838000000000001410e+00,4.711630097270804590e-02,-1.869352117279892145e-01
1.840000000000001412e+00,4.711085736300308496e-02,-1.866251927505570007e-01
1.842000000000001414e+00,4.710541855761527646e-02,-1.858230422686621974e-01
1.844000000000001416e+00,4.709998559957079972e-02,-1.852088883615421733e-01
1.846000000000001418e+00,4.709455849580074238e-02,-1.847526348937122420e-01
1.848000000000001419e+00,4.708913723662825485e-02,-1.844282782574674651e-01
1.850000000000001421e+00,4.708372179886231856e-02,-1.842133895284160938e-01
1.852000000000001423e+00,4.707831214830682925e-02,-1.840886592328538074e-01
1.854000000000001425e+00,4.707290824179945210e-02,-1.840374974808007269e-01
1.856000000000001426e+00,4.706751002887209212e-02,-1.840456830073645966e-01
1.858000000000001428e+00,4.706211745310683037e-02,-1.841010553769080182e-01
1.860000000000001430e+00,4.705671273353731476e-02,-1.840372913743371086e-01
1.862000000000001432e+00,4.705129389693340353e-02,-1.832089126274598356e-01
1.864000000000001434e+00,4.704587040452742203e-02,-1.824244373550696630e-01
1.866000000000001435e+00,4.704044439134613675e-02,-1.816810589866013348e-01
1.868000000000001437e+00,4.703501757629927754e-02,-1.809760260108743968e-01
1.870000000000001439e+00,4.702959133773611244e-02,-1.803066768309801449e-01
1.872000000000001441e+00,4.702416677537896855e-02,-1.796704634657868005e-01
1.874000000000001442e+00,4.701874476110546458e-02,-1.790649666725210309e-01
1.876000000000001444e+00,4.701332598059843049e-02,-1.784879045345909299e-01
1.878000000000001446e+00,4.700791096751342352e-02,-1.779371361314497080e-01
1.880000000000001448e+00,4.700250013151302531e-02,-1.774106615637114082e-01
1.882000000000001450e+00,4.699709378127146092e-02,-1.769066193310426527e-01
1.884000000000001451e+00,4.699169214335296302e-02,-1.764232818398486502e-01
1.886000000000001453e+00,4.698629537770356718e-02,-1.759590496417982042e-01
1.888000000000001455e+00,4.698090359036245778e-02,-1.755124448643405888e-01
1.890000000000001457e+00,4.697551684388965448e-02,-1.750821041834768055e-01
1.892000000000001458e+00,4.697013516591753285e-02,-1.746667716015576077e-01
1.894000000000001460e+00,4.696475855616048106e-02,-1.742652912241353103e-01
1.896000000000001462e+00,4.695938699215713302e-02,-1.738766001761665181e-01
1.898000000000001464e+00,4.695403524777338328e-02,-1.762314651027435120e-01
1.900000000000001465e+00,4.694869878882575870e-02,-1.811487563579012583e-01
1.902000000000001467e+00,4.694337376057743788e-02,-1.884669735827931292e-01
1.904000000000001469e+00,4.693805686094181667e-02,-1.980438019961885954e-01
1.906000000000001471e+00,4.693274579757271414e-02,-2.093940758177640360e-01
1.908000000000001473e+00,4.692743833919760243e-02,-2.224644522435290372e-01
1.910000000000001474e+00,4.692213262475656427e-02,-2.371973447657871326e-01
1.912000000000001476e+00,4.691682711055655819e-02,-2.535318946092769421e-01
1.914000000000001478e+00,4.691159047337756932e-02,-2.671248065615905998e-01
1.916000000000001480e+00,4.690640990568928359e-02,-2.782475959033125501e-01
1.918000000000001481e+00,4.690127558356550069e-02,-2.873294634433867234e-01
1.920000000000001483e+00,4.689617920160832343e-02,-2.947225992349762347e-01
1.922000000000001485e+00,4.689111372184916887e-02,-3.007173247671992566e-01
1.924000000000001487e+00,4.688607318723905792e-02,-3.055531492189579867e-01
1.926000000000001489e+00,4.688105261084569986e-02,-3.094304742706145417e-01
1.928000000000001490e+00,4.687604779790433690e-02,-3.125152309010663654e-01
1.930000000000001492e+00,4.687101435141238781e-02,-3.127732110364379037e-01
1.932000000000001494e+00,4.686595596613764986e-02,-3.102991460164710724e-01
1.934000000000001496e+00,4.686087541137585327e-02,-3.051953189914196063e-01
1.936000000000001497e+00,4.685577476428154364e-02,-2.975689448627016898e-01
1.938000000000001499e+00,4.685065558970571975e-02,-2.875301246300321911e-01
1.940000000000001501e+00,4.684551907798385761e-02,-2.751902579486582567e-01
1.942000000000001503e+00,4.684036614978659419e-02,-2.606608203287537062e-01
1.944000000000001505e+00,4.683519753527098928e-02,-2.440524297565029033e-01
1.946000000000001506e+00,4.682999389877197383e-02,-2.255613375165570478e-01
1.948000000000001508e+00,4.682475977399786632e-02,-2.052678674644565215e-01
1.950000000000001510e+00,4.681949890420457339e-02,-1.832540985928213517e-01
1.952000000000001512e+00,4.681421439702544013e-02,-1.596029928275354004e-01
1.954000000000001513e+00,4.680890884864051527e-02,-1.343976988903128889e-01
1.956000000000001515e+00,4.680363264270164664e-02,-1.124949636009141968e-01
1.958000000000001517e+00,4.679835198684523245e-02,-9.585649920247424349e-02
1.960000000000001519e+00,4.679307123242913702e-02,-8.357616650942428782e-02
1.962000000000001521e+00,4.678779336377382470e-02,-7.490891915578234972e-02
1.964000000000001522e+00,4.678251744337475621e-02,-6.966191649744761516e-02
1.966000000000001524e+00,4.677724239799798539e-02,-6.765088724164794454e-02
1.968000000000001526e+00,4.677196710809974206e-02,-6.869991922923386618e-02
1.970000000000001528e+00,4.676669047037085997e-02,-7.264117577557505090e-02
1.972000000000001529e+00,4.676127445485502715e-02,-7.820073259069681981e-02
1.974000000000001531e+00,4.675574520231139120e-02,-8.518479716211775632e-02
1.976000000000001533e+00,4.675012965335686999e-02,-9.298338862706788388e-02
1.978000000000001535e+00,4.674444454449942776e-02,-1.015359122343920673e-01
1.980000000000001537e+00,4.673870365531546112e-02,-1.107854543912132894e-01
1.982000000000001538e+00,4.673291831971124882e-02,-1.206785921381392235e-01
1.984000000000001540e+00,4.672709784966194713e-02,-1.311651930029496538e-01
1.986000000000001542e+00,4.672124988631473630e-02,-1.421982122559094230e-01
1.988000000000001544e+00,4.671538069082634831e-02,-1.537334926659458811e-01
1.990000000000001545e+00,4.670949076871210720e-02,-1.661852255734760364e-01
1.992000000000001547e+00,4.670345486313753902e-02,-1.764812103015306610e-01
1.994000000000001549e+00,4.669730087374606570e-02,-1.850129007681799720e-01
1.996000000000001551e+00,4.669105197941324226e-02,-1.920999789931149837e-01
1.998000000000001553e+00,4.668472740081622968e-02,-1.980034234345862953e-01
2.000000000000001332e+00,4.667834304308261101e-02,-2.029362161799783126e-01
2.002000000000001112e+00,4.667191203696582219e-02,-2.070721130637947494e-01
2.004000000000000892e+00,4.666544519423076326e-02,-2.105528250492987585e-01
2.006000000000000671e+00,4.665895139056586149e-02,-2.134938968824412198e-01
2.008000000000000451e+00,4.665243788731541358e-02,-2.159895177750879580e-01
2.010000000000000231e+00,4.664591060160109409e-02,-2.181164567566523937e-01
2.012000000000000011e+00,4.663937433293309509e-02,-2.199372807380631234e-01
2.013999999999999790e+00,4.663279586491194534e-02,-2.200441359008922237e-01
2.015999999999999570e+00,4.662619533484330114e-02,-2.199655580246243081e-01
2.017999999999999350e+00,4.661957940758176128e-02,-2.197433076914610262e-01
2.019999999999999130e+00,4.661277041268824944e-02,-2.261116567753548023e-01
2.021999999999998909e+00,4.660592042404011759e-02,-2.373084576486248209e-01
2.023999999999998689e+00,4.659903617275124726e-02,-2.526315447177687190e-01
2.025999999999998469e+00,4.659212388378020098e-02,-2.714807889127072715e-01
2.027999999999998249e+00,4.658529177440618591e-02,-2.858552434868392722e-01
2.029999999999998028e+00,4.657853155416542823e-02,-2.955937236190889772e-01
2.031999999999997808e+00,4.657181555808834889e-02,-3.009566694101274420e-01
2.033999999999997588e+00,4.656516828283659148e-02,-3.009724476295805862e-01
2.035999999999997367e+00,4.655855979853177479e-02,-2.961013166812188624e-01
2.037999999999997147e+00,4.655218146210428343e-02,-2.920945520537849283e-01
2.039999999999996927e+00,4.654598874952296100e-02,-2.890882686667248791e-01
2.041999999999996707e+00,4.653994465928622953e-02,-2.871819400798235611e-01
2.043999999999996486e+00,4.653401849475995861e-02,-2.863575582750944593e-01
2.045999999999996266e+00,4.652816811764585309e-02,-2.861300054297808426e-01
2.047999999999996046e+00,4.651764941210519144e-02,-2.524974182251457644e-01
2.049999999999995826e+00,4.650810667807901699e-02,-2.259551881245096816e-01
2.051999999999995605e+00,4.649936961114568834e-02,-2.056407648023645396e-01
2.053999999999995385e+00,4.649125174539465305e-02,-1.927051561180703754e-01
2.055999999999995165e+00,4.648364041039897837e-02,-1.861339281697848846e-01
2.057999999999994944e+00,4.647644192876544678e-02,-1.850594991650120757e-01
2.059999999999994724e+00,4.646957849980134364e-02,-1.887386077749222124e-01
2.061999999999994504e+00,4.646298559619076174e-02,-1.965333391398909335e-01
2.063999999999994284e+00,4.645660952377066860e-02,-2.078896785655025836e-01
2.065999999999994063e+00,4.645040578144257054e-02,-2.223271076834663351e-01
2.067999999999993843e+00,4.644433765603948883e-02,-2.394281345342175737e-01
2.069999999999993623e+00,4.643837472082850554e-02,-2.586770012243704286e-01
2.071999999999993403e+00,4.643254987371870507e-02,-2.767256875558984919e-01
2.073999999999993182e+00,4.642683248868670343e-02,-2.936456057601626868e-01
2.075999999999992962e+00,4.642110393711390559e-02,-3.050349994247757990e-01
2.077999999999992742e+00,4.641534527565552293e-02,-3.113018822495575710e-01
2.079999999999992522e+00,4.640954175749211624e-02,-3.128126572908236369e-01
2.081999999999992301e+00,4.640368213184607044e-02,-3.098981535428905199e-01
2.083999999999992081e+00,4.639792879680757626e-02,-3.085904487359664716e-01
2.085999999999991861e+00,4.639225718109767777e-02,-3.086873223351937479e-01
2.087999999999991640e+00,4.638663446579328886e-02,-3.097287719199465772e-01
2.089999999999991420e+00,4.638104694576940940e-02,-3.115231643860882360e-01
2.091999999999991200e+00,4.637548342874555501e-02,-3.139129798987463915e-01
2.093999999999990980e+00,4.636993484635124063e-02,-3.167679092749935421e-01
2.095999999999990759e+00,4.635966637398116624e-02,-2.861019997740777421e-01
2.097999999999990539e+00,4.635035110771901223e-02,-2.620328395355376871e-01
2.099999999999990319e+00,4.634182188916691897e-02,-2.438073782912957288e-01
2.101999999999990099e+00,4.633389358974903532e-02,-2.329980108807131745e-01
2.103999999999989878e+00,4.632645652109336487e-02,-2.285572065547347986e-01
2.105999999999989658e+00,4.631941954825762042e-02,-2.295904111902423994e-01
2.107999999999989438e+00,4.631270689600969909e-02,-2.353296555413467439e-01
2.109999999999989218e+00,4.630625644003006497e-02,-2.451239573239750724e-01
2.111999999999988997e+00,4.630001700095911360e-02,-2.584169151079140359e-01
2.113999999999988777e+00,4.629394614538447084e-02,-2.747275825382570202e-01
2.115999999999988557e+00,4.628792475973105003e-02,-2.870704143982572565e-01
2.117999999999988336e+00,4.628192439535232239e-02,-2.955498377269152877e-01
2.119999999999988116e+00,4.627596891781834282e-02,-2.990216985911136049e-01
2.121999999999987896e+00,4.627003121657011220e-02,-2.978440377764868252e-01
2.123999999999987676e+00,4.626425788972635122e-02,-2.981085988885668892e-01
2.125999999999987455e+00,4.625861367087640702e-02,-2.998127683304182556e-01
2.127999999999987235e+00,4.625306937208224778e-02,-3.027848357315416905e-01
2.129999999999987015e+00,4.624759310643255378e-02,-3.066385138174879676e-01
2.131999999999986795e+00,4.624216707373122320e-02,-3.111697822375547595e-01
2.133999999999986574e+00,4.623677671992630633e-02,-3.162108383305367587e-01
2.135999999999986354e+00,4.623141020550518981e-02,-3.216239312962672625e-01
2.137999999999986134e+00,4.622605795801507100e-02,-3.272962591644058006e-01
2.139999999999985913e+00,4.622071229546303311e-02,-3.331357416467164989e-01
2.141999999999985693e+00,4.621536710945764459e-02,-3.390675152999848008e-01
2.143999999999985473e+00,4.621016902830359097e-02,-3.433019265338758674e-01
2.145999999999985253e+00,4.620508619149724105e-02,-3.460750582824032584e-01
2.147999999999985032e+00,4.619521436381355400e-02,-3.151891048844691068e-01
2.149999999999984812e+00,4.618636867623449049e-02,-2.892113365682719150e-01
2.151999999999984592e+00,4.617822092676548279e-02,-2.691718268343762377e-01
2.153999999999984372e+00,4.617072592385045721e-02,-2.586502619192092012e-01
2.155999999999984151e+00,4.616376396031977164e-02,-2.562901502146334720e-01
2.157999999999983931e+00,4.615723564292804199e-02,-2.608864116412813461e-01
2.159999999999983711e+00,4.615124240639831288e-02,-2.695915584385980002e-01
2.161999999999983491e+00,4.614568380900545969e-02,-2.817998627169540637e-01
2.163999999999983270e+00,4.614047467040503780e-02,-2.969805276097574054e-01
2.165999999999983050e+00,4.613553389266847327e-02,-3.146183857567380615e-01
2.167999999999982830e+00,4.613079588024177058e-02,-3.342804862955058853e-01
2.169999999999982609e+00,4.612628893848781664e-02,-3.528697473949146679e-01
2.171999999999982389e+00,4.612196387992759106e-02,-3.704457911838827666e-01
2.173999999999982169e+00,4.611777843153357093e-02,-3.870425111973851973e-01
2.175999999999981949e+00,4.611369966771979717e-02,-4.027176381967534913e-01
2.177999999999981728e+00,4.610970051433137262e-02,-4.175241382014521774e-01
2.179999999999981508e+00,4.610575879822495504e-02,-4.315109741199432136e-01
2.181999999999981288e+00,4.610185644534861571e-02,-4.447237084633183235e-01
2.183999999999981068e+00,4.609797880451885210e-02,-4.572049799245134771e-01
2.185999999999980847e+00,4.609411407757540297e-02,-4.689948801281700330e-01
2.187999999999980627e+00,4.609025283954190644e-02,-4.801312516255006879e-01
2.189999999999980407e+00,4.608638763491697266e-02,-4.906499239879776875e-01
2.191999999999980187e+00,4.608251263833573752e-02,-5.005849014505844297e-01
2.193999999999979966e+00,4.607411635000199790e-02,-4.824892324975485480e-01
2.195999999999979746e+00,4.606658703979778918e-02,-4.686496612515959614e-01
2.197999999999979526e+00,4.605977588312752669e-02,-4.586651902016815052e-01
2.199999999999979305e+00,4.605355725377149184e-02,-4.521383680448818887e-01
2.201999999999979085e+00,4.604782374116922483e-02,-4.486746682417591114e-01
2.203999999999978865e+00,4.604244029063176563e-02,-4.503405966226969315e-01
2.205999999999978645e+00,4.603733961292229282e-02,-4.563353162455280887e-01
2.207999999999978424e+00,4.603246005022920001e-02,-4.659420709566866603e-01
2.209999999999978204e+00,4.602774590952363881e-02,-4.785231297421742025e-01
2.211999999999977984e+00,4.602315291074033504e-02,-4.935437197621907468e-01
2.213999999999977764e+00,4.601872590341706676e-02,-5.082612322556319118e-01
2.215999999999977543e+00,4.601442806452952367e-02,-5.223522624056312624e-01
2.217999999999977323e+00,4.601023006313476743e-02,-5.358330522161760534e-01
2.219999999999977103e+00,4.600610771913168223e-02,-5.487189834591363891e-01
2.221999999999976882e+00,4.600204116843813890e-02,-5.610250874577211722e-01
2.223999999999976662e+00,4.599801415930140219e-02,-5.727663894546050072e-01
2.225999999999976442e+00,4.599401345932226104e-02,-5.839581270860866313e-01
2.227999999999976222e+00,4.599002835597512662e-02,-5.946158742831099131e-01
2.229999999999976001e+00,4.598605023609373538e-02,-6.047555952908569843e-01
2.231999999999975781e+00,4.598207223205206390e-02,-6.143936481588787579e-01
2.233999999999975561e+00,4.597808892427311667e-02,-6.235467527676636923e-01
2.235999999999975341e+00,4.597409609130284625e-02,-6.322319350293208462e-01
2.237999999999975120e+00,4.597009047127983278e-02,-6.404789132682893182e-01
2.239999999999974900e+00,4.596606970435312273e-02,-6.482888691933231806e-01
2.241999999999974680e+00,4.596203210003545203e-02,-6.556778570602647127e-01
2.243999999999974460e+00,4.595797649916417982e-02,-6.626620765988103789e-01
2.245999999999974239e+00,4.595390217213039807e-02,-6.692577967095468816e-01
2.247999999999974019e+00,4.594530311444957466e-02,-6.481826698695192235e-01
2.249999999999973799e+00,4.593757972578148968e-02,-6.313536755925620580e-01
2.251999999999973578e+00,4.593057943221532519e-02,-6.183780137989954850e-01
2.253999999999973358e+00,4.592417371771011225e-02,-6.088649639269314573e-01
2.255999999999973138e+00,4.591825525833103522e-02,-6.024403327204701508e-01
2.257999999999972918e+00,4.591267647780172823e-02,-6.005410777115594012e-01
2.259999999999972697e+00,4.590737278470097271e-02,-6.024004797520838839e-01
2.261999999999972477e+00,4.590229078722039141e-02,-6.073688430735959543e-01
2.263999999999972257e+00,4.589738642511219380e-02,-6.148956424731061299e-01
2.265999999999972037e+00,4.589262341014770097e-02,-6.245144409563034849e-01
2.267999999999971816e+00,4.588803399241871139e-02,-6.344069937699970962e-01
2.269999999999971596e+00,4.588358275459965968e-02,-6.444422677768998353e-01
2.271999999999971376e+00,4.587924029854762581e-02,-6.545120506295958318e-01
2.273999999999971156e+00,4.587498228277081536e-02,-6.645274954570418169e-01
2.275999999999970935e+00,4.587078861024977000e-02,-6.744161886496196079e-01
2.277999999999970715e+00,4.586664274320073620e-02,-6.841196588568829728e-01
2.279999999999970495e+00,4.586253112506640667e-02,-6.935912584556175320e-01
2.281999999999970274e+00,4.585844269311165067e-02,-7.027943597739282344e-01
2.283999999999970054e+00,4.585436846759491369e-02,-7.117008176027985744e-01
2.285999999999969834e+00,4.585030120566503664e-02,-7.202896572731914970e-01
2.287999999999969614e+00,4.584623510996757578e-02,-7.285459540642822418e-01
2.289999999999969393e+00,4.584216558349057946e-02,-7.364598751399652476e-01
2.291999999999969173e+00,4.583808902348486536e-02,-7.440258597576578925e-01
2.293999999999968953e+00,4.583400264839580796e-02,-7.512419173001095851e-01
2.295999999999968733e+00,4.582990435267566415e-02,-7.581090258685493355e-01
2.297999999999968512e+00,4.582579258513360537e-02,-7.646306168460283992e-01
2.299999999999968292e+00,4.582166624714790332e-02,-7.708121330782990999e-01
2.301999999999968072e+00,4.581744754394109082e-02,-7.776683766117343799e-01
2.303999999999967851e+00,4.581314953232658305e-02,-7.850510869769100619e-01
2.305999999999967631e+00,4.580878340883275807e-02,-7.928318386261379302e-01
2.307999999999967411e+00,4.579995406600612801e-02,-7.725734565041031399e-01
2.309999999999967191e+00,4.579197460761814248e-02,-7.569890112923747250e-01
2.311999999999966970e+00,4.578469564414313492e-02,-7.456275461235450930e-01
2.313999999999966750e+00,4.577799231870897240e-02,-7.380537042200175923e-01
2.315999999999966530e+00,4.577176037503934841e-02,-7.338523315998848329e-01
2.317999999999966310e+00,4.576591286476755505e-02,-7.326278254980503890e-01
2.319999999999966089e+00,4.576037749936881505e-02,-7.338909330371932160e-01
2.321999999999965869e+00,4.575509421042901759e-02,-7.372256934501008052e-01
2.323999999999965649e+00,4.574969413957415132e-02,-7.454155261919757081e-01
2.325999999999965429e+00,4.574450758389823207e-02,-7.544051234590448685e-01
2.327999999999965208e+00,4.573949297953216336e-02,-7.640323630896642682e-01
2.329999999999964988e+00,4.573461581890377742e-02,-7.741596295566829378e-01
2.331999999999964768e+00,4.572984751580014273e-02,-7.846701316751207855e-01
2.333999999999964547e+00,4.572516444903333005e-02,-7.954647886881236474e-01
2.335999999999964327e+00,4.572054715664135988e-02,-8.064595948206303433e-01
2.337999999999964107e+00,4.571597965704964767e-02,-8.175833868810300498e-01
2.339999999999963887e+00,4.571144887736085238e-02,-8.287759516101024237e-01
2.341999999999963666e+00,4.570694417206756094e-02,-8.399864196189574805e-01
2.343999999999963446e+00,4.570245691810113919e-02,-8.511719012513520033e-01
2.345999999999963226e+00,4.569798017432803727e-02,-8.622963268220106281e-01
2.347999999999963006e+00,4.569350839545331666e-02,-8.733294596477645388e-01
2.349999999999962785e+00,4.568903719184799067e-02,-8.842460552904922721e-01
2.351999999999962565e+00,4.568456312812949754e-02,-8.950251446273695954e-01
2.353999999999962345e+00,4.568008355627400235e-02,-9.056476899245360368e-01
2.355999999999962125e+00,4.567559651244737506e-02,-9.160611876333280001e-01
2.357999999999961904e+00,4.567086555297669020e-02,-9.235648394778356307e-01
2.359999999999961684e+00,4.566588921856258587e-02,-9.284504864338453123e-01
2.361999999999961464e+00,4.566096819079171892e-02,-9.334765448211335137e-01
2.363999999999961243e+00,4.565616745478105754e-02,-9.334678065891662824e-01
2.365999999999961023e+00,4.565146376907807529e-02,-9.292273263521122484e-01
2.367999999999960803e+00,4.564664569737490046e-02,-9.179261606576052390e-01
2.369999999999960583e+00,4.564178368574849098e-02,-9.029733514325646304e-01
2.371999999999960362e+00,4.563688060471252084e-02,-8.846245125364642359e-01
2.373999999999960142e+00,4.563193612939620003e-02,-8.631325800826038508e-01
2.375999999999959922e+00,4.562694287245813024e-02,-8.387748693392546029e-01
2.377999999999959702e+00,4.562189546339145280e-02,-8.118107427567949896e-01
2.379999999999959481e+00,4.561679028547487025e-02,-7.824744083261117034e-01
2.381999999999959261e+00,4.561165182594512785e-02,-7.513464863455924236e-01
2.383999999999959041e+00,4.560647641576322242e-02,-7.185774568808350748e-01
2.385999999999958820e+00,4.560126152946858413e-02,-6.843048999179043301e-01
2.387999999999958600e+00,4.559615886881788344e-02,-6.547757663041300358e-01
2.389999999999958380e+00,4.559115010519825678e-02,-6.296320484836328557e-01
2.391999999999958160e+00,4.558621959331937701e-02,-6.085442689904306812e-01
2.393999999999957939e+00,4.558135401884368804e-02,-5.912088948877697314e-01
2.395999999999957719e+00,4.557654208588075850e-02,-5.773459645150531561e-01
2.397999999999957499e+00,4.557177424095226748e-02,-5.666969172247625641e-01
2.399999999999957279e+00,4.556704243012056621e-02,-5.590226159128661720e-01
2.401999999999957058e+00,4.556234001146202556e-02,-5.541051806709395011e-01
2.403999999999956838e+00,4.555766153881221636e-02,-5.517440539911255826e-01
2.405999999999956618e+00,4.555300116211305483e-02,-5.515457100454191908e-01
2.407999999999956398e+00,4.554840799067728235e-02,-5.480462905482190727e-01
2.409999999999956177e+00,4.554386648934698190e-02,-5.417526751911974081e-01
2.411999999999955957e+00,4.553936478138015387e-02,-5.331021431061400140e-01
2.413999999999955737e+00,4.553485440347296992e-02,-5.274629876725600575e-01
2.415999999999955516e+00,4.553033440860064507e-02,-5.244081158229598749e-01
2.417999999999955296e+00,4.552580360852245822e-02,-5.235579408504178467e-01
2.419999999999955076e+00,4.552126166120455675e-02,-5.245852907568396839e-01
2.421999999999954856e+00,4.551670856068838755e-02,-5.272037157441799016e-01
2.423999999999954635e+00,4.551214455355615668e-02,-5.311623545045310868e-01
2.425999999999954415e+00,4.550757007138666460e-02,-5.362415124885880902e-01
2.427999999999954195e+00,4.550298567643180914e-02,-5.422488425716177618e-01
2.429999999999953975e+00,4.549839152581827695e-02,-5.490160575798508358e-01
2.431999999999953754e+00,4.549378697458871662e-02,-5.563960750414352896e-01
2.433999999999953534e+00,4.548921877990887153e-02,-5.599373170707528935e-01
2.435999999999953314e+00,4.548467551237875273e-02,-5.601804480706735756e-01
2.437999999999953094e+00,4.548011078328460799e-02,-5.619345962174420173e-01
2.439999999999952873e+00,4.547552461843253069e-02,-5.649876838323991679e-01
2.441999999999952653e+00,4.547091713635509347e-02,-5.691494694893111106e-01
2.443999999999952433e+00,4.546628851533233290e-02,-5.742496232927253308e-01
2.445999999999952212e+00,4.546163896795107906e-02,-5.801359522135790536e-01
2.447999999999951992e+00,4.545696872175991610e-02,-5.866727659681213458e-01
2.449999999999951772e+00,4.545232319441377261e-02,-5.894711587869106983e-01
2.451999999999951552e+00,4.544765235482952498e-02,-5.933342123997692452e-01
2.453999999999951331e+00,4.544295663922721246e-02,-5.981024118042138626e-01
2.455999999999951111e+00,4.543823649719222479e-02,-6.036324911340695820e-01
2.457999999999950891e+00,4.543353614022050541e-02,-6.055325736145636961e-01
2.459999999999950671e+00,4.542880743581297065e-02,-6.085928866131531390e-01
2.461999999999950450e+00,4.542391242038273241e-02,-6.068282712375541177e-01
2.463999999999950230e+00,4.541886417855591634e-02,-6.010759503353988453e-01
2.465999999999950010e+00,4.541367617910100490e-02,-5.920342284113121467e-01
2.467999999999949789e+00,4.540836183716440155e-02,-5.802854522590780162e-01
2.469999999999949569e+00,4.540293420265017338e-02,-5.663151948547270331e-01
2.471999999999949349e+00,4.539740574506665599e-02,-5.505282846987987755e-01
2.473999999999949129e+00,4.539178821178796452e-02,-5.332621989141111962e-01
2.475999999999948908e+00,4.538609254184916564e-02,-5.147982524804646243e-01
2.477999999999948688e+00,4.538032882142099822e-02,-4.953709446845988573e-01
2.479999999999948468e+00,4.537450627024209454e-02,-4.751757645451748502e-01
2.481999999999948248e+00,4.536725150760059083e-02,-4.456104091532375744e-01
2.483999999999948027e+00,4.535869785761974943e-02,-4.078845166319031157e-01
2.485999999999947807e+00,4.534941420128174583e-02,-3.662524020881133269e-01
2.487999999999947587e+00,4.533990859332840545e-02,-3.240598091548229087e-01
2.489999999999947367e+00,4.533108113358955138e-02,-2.907988889080247996e-01
2.491999999999947146e+00,4.532282594855813890e-02,-2.653824837041985907e-01
2.493999999999946926e+00,4.531505317198394195e-02,-2.468579240934713481e-01
2.495999999999946706e+00,4.530768647825848122e-02,-2.343890433596243772e-01
2.497999999999946485e+00,4.530071014298329285e-02,-2.302931726086182296e-01
2.499999999999946265e+00,4.529404895537271492e-02,-2.332584033325095230e-01
2.501999999999946045e+00,4.528764069829050581e-02,-2.421678961156843168e-01
2.503999999999945825e+00,4.528143383766569663e-02,-2.560928109471346525e-01
2.505999999999945604e+00,4.527538592341483897e-02,-2.742274891569588258e-01
2.507999999999945384e+00,4.526947000249445519e-02,-2.956371103600209937e-01
2.509999999999945164e+00,4.526382641484844038e-02,-3.180541524840132528e-01
2.511999999999944944e+00,4.525839121732246756e-02,-3.412336864367312983e-01
2.513999999999944723e+00,4.525311324969909926e-02,-3.649544284968209706e-01
2.515999999999944503e+00,4.524795223263274047e-02,-3.840961450033102964e-01
2.517999999999944283e+00,4.524288189102235180e-02,-3.992655701361383369e-01
2.519999999999944063e+00,4.523788062910161223e-02,-4.110130858550585797e-01
2.521999999999943842e+00,4.523293075207048680e-02,-4.198165923584653569e-01
2.523999999999943622e+00,4.522801781175771196e-02,-4.260915131805138034e-01
2.525999999999943402e+00,4.522313005730198288e-02,-4.301993082641654698e-01
2.527999999999943181e+00,4.521825797438969868e-02,-4.324547336711981327e-01
2.529999999999942961e+00,4.521339389915076529e-02,-4.331320463276825405e-01
2.531999999999942741e+00,4.520853169497345003e-02,-4.324703190226126814e-01
2.533999999999942521e+00,4.520366648232101298e-02,-4.306780034854590378e-01
2.535999999999942300e+00,4.519879392564510323e-02,-4.279333685029852452e-01
2.537999999999942080e+00,4.519391060185255077e-02,-4.243919928629704130e-01
2.539999999999941860e+00,4.518901387477910342e-02,-4.201898807893742482e-01
2.541999999999941640e+00,4.518410174825467085e-02,-4.154458383995047188e-01
2.543999999999941419e+00,4.517901746444165367e-02,-4.076145627443132358e-01
2.545999999999941199e+00,4.517378490744250463e-02,-3.970392889292408412e-01
2.547999999999940979e+00,4.516842456531278138e-02,-3.840245007824166223e-01
2.549999999999940758e+00,4.516295400088127243e-02,-3.688409212944207538e-01
2.551999999999940538e+00,4.515738825861293632e-02,-3.517298200270375652e-01
2.553999999999940318e+00,4.515174021599600157e-02,-3.329067336108569863e-01
2.555999999999940098e+00,4.514602088686536091e-02,-3.125646816065872913e-01
2.557999999999939877e+00,4.514023968312334129e-02,-2.908769481849312610e-01
2.559999999999939657e+00,4.513440464047791673e-02,-2.679994899921846474e-01
2.561999999999939437e+00,4.512874116504707322e-02,-2.519485527545508030e-01
2.563999999999939217e+00,4.512321345863110761e-02,-2.418526817376599192e-01
2.565999999999938996e+00,4.511779171369170727e-02,-2.369579507592909362e-01
2.567999999999938776e+00,4.511241704517512247e-02,-2.327328732445586024e-01
2.569999999999938556e+00,4.510707618802689556e-02,-2.289973698824027126e-01
2.571999999999938336e+00,4.510175821965086568e-02,-2.256118242777318539e-01
2.573999999999938115e+00,4.509645418900769948e-02,-2.224690462577671446e-01
2.575999999999937895e+00,4.509115680113437441e-02,-2.194877416455347507e-01
2.577999999999937675e+00,4.508586014911870193e-02,-2.166072119710904242e-01
2.579999999999937454e+00,4.508055168843991961e-02,-2.135211028551708690e-01
2.581999999999937234e+00,4.507522906245883115e-02,-2.102362536599251541e-01
2.583999999999937014e+00,4.506989051376849437e-02,-2.067649569338598781e-01
2.585999999999936794e+00,4.506453477456853762e-02,-2.031232407830633468e-01
2.587999999999936573e+00,4.505916097473958160e-02,-1.993295222391747168e-01
2.589999999999936353e+00,4.505376856496099564e-02,-1.954035605867795733e-01
2.591999999999936133e+00,4.504835725259397766e-02,-1.913656526695504401e-01
2.593999999999935913e+00,4.504292694837905286e-02,-1.872360228729847975e-01
2.595999999999935692e+00,4.503747772227922191e-02,-1.830343692167225311e-01
2.597999999999935472e+00,4.503200976704301722e-02,-1.787795341357683587e-01
2.599999999999935252e+00,4.502652336827111385e-02,-1.744892743768788612e-01
2.601999999999935032e+00,4.502101887995003243e-02,-1.701801092199954346e-01
2.603999999999934811e+00,4.501549670457110491e-02,-1.658672301480475508e-01
2.605999999999934591e+00,4.500995727708544808e-02,-1.615644582894606440e-01
2.607999999999934371e+00,4.500440105205929381e-02,-1.572842385752000194e-01
2.609999999999934150e+00,4.499882849349135655e-02,-1.530376616918301402e-01
2.611999999999933930e+00,4.499324006683690785e-02,-1.488345066601982902e-01
2.613999999999933710e+00,4.498763623285431668e-02,-1.446832982966421155e-01
2.615999999999933490e+00,4.498201744295018956e-02,-1.405913749780885180e-01
2.617999999999933269e+00,4.497638413575088395e-02,-1.365649630813861315e-01
2.619999999999933049e+00,4.497073673467190391e-02,-1.326092552397082069e-01
2.621999999999932829e+00,4.496492957453435829e-02,-1.255859961674970215e-01
2.623999999999932609e+00,4.495913785837574866e-02,-1.191930107756794255e-01
2.625999999999932388e+00,4.495335722102493381e-02,-1.133482972539621575e-01
2.627999999999932168e+00,4.494758399686634570e-02,-1.079820606316727188e-01
2.629999999999931948e+00,4.494181511556847447e-02,-1.030347341009644618e-01
2.631999999999931728e+00,4.493589769204443113e-02,-9.516244727478576082e-02
2.633999999999931507e+00,4.493000906942386241e-02,-8.818999621335781025e-02
2.635999999999931287e+00,4.492414271012623583e-02,-8.199129845769609348e-02
2.637999999999931067e+00,4.491829310565995104e-02,-7.645898745513270145e-02
2.639999999999930846e+00,4.491245562474537739e-02,-7.150145614497259439e-02
2.641999999999930626e+00,4.490662638327222456e-02,-6.704039122565379205e-02
2.643999999999930406e+00,4.490080213301417961e-02,-6.300871374302963179e-02
2.645999999999930186e+00,4.489498016645004919e-02,-5.934885653972531844e-02
2.647999999999929965e+00,4.488915823540829547e-02,-5.601132131058997321e-02
2.649999999999929745e+00,4.488333448156932998e-02,-5.295346801815552229e-02
2.651999999999929525e+00,4.487750737713394611e-02,-5.013849763919992625e-02
2.653999999999929305e+00,4.487167567420269343e-02,-4.753459596701525153e-02
2.655999999999929084e+00,4.486568811842694265e-02,-4.186156886719546999e-02
2.657999999999928864e+00,4.485972297201857445e-02,-3.691555315237331214e-02
2.659999999999928644e+00,4.485377489655704986e-02,-3.258894738659704610e-02
2.661999999999928423e+00,4.484783940384881595e-02,-2.879014417261104367e-02
2.663999999999928203e+00,4.484191273043022785e-02,-2.544104336743565828e-02
2.665999999999927983e+00,4.483599173007352806e-02,-2.247497183747803468e-02
2.667999999999927763e+00,4.483007378176441515e-02,-1.983494054633009457e-02
2.669999999999927542e+00,4.482415671096915549e-02,-1.747218191924583552e-02
2.671999999999927322e+00,4.481808571782115030e-02,-1.204739617393936132e-02
2.673999999999927102e+00,4.481204147094667439e-02,-7.396643389868304795e-03
2.675999999999926882e+00,4.480601804439824504e-02,-3.401284963464890846e-03
2.677999999999926661e+00,4.480001045352231814e-02,3.950834054897805721e-05
2.679999999999926441e+00,4.479401451616110003e-02,3.011524775513529061e-03
2.681999999999926221e+00,4.478802673373654536e-02,5.587828784110443654e-03
2.683999999999926001e+00,4.478204418942300508e-02,7.830703572319921979e-03
2.685999999999925780e+00,4.477606446100107496e-02,9.793282268778614325e-03
2.687999999999925560e+00,4.477008554631830423e-02,1.152091983648709586e-02
2.689999999999925340e+00,4.476395159371675259e-02,1.634554839418205646e-02
2.691999999999925119e+00,4.475784466704571529e-02,2.043389398566844428e-02
2.693999999999924899e+00,4.475175895439609947e-02,2.390182996864147896e-02
2.695999999999924679e+00,4.474568956958487748e-02,2.684770475302688392e-02
2.697999999999924459e+00,4.473963241545372144e-02,2.935506561739148826e-02
2.699999999999924238e+00,4.473358406675305432e-02,3.149493963260816681e-02
2.701999999999924018e+00,4.472754166986005198e-02,3.332774672720514170e-02
2.703999999999923798e+00,4.472150285695924987e-02,3.490490679204333313e-02
2.705999999999923578e+00,4.471546567264263888e-02,3.627019194832008936e-02
2.707999999999923357e+00,4.470927322505337254e-02,4.075100977441315636e-02
2.709999999999923137e+00,4.470310876825508289e-02,4.451658613911897017e-02
2.711999999999922917e+00,4.469696651616320709e-02,4.768130672881432108e-02
2.713999999999922697e+00,4.469084160395938449e-02,5.034216047935658606e-02
2.715999999999922476e+00,4.468472995193301794e-02,5.258144636227257002e-02
2.717999999999922256e+00,4.467862814883537259e-02,5.446904032625588671e-02
2.719999999999922036e+00,4.467253335200474518e-02,5.606429684517227896e-02
2.721999999999921815e+00,4.466644320190021195e-02,5.741764649758712008e-02
2.723999999999921595e+00,4.466035574900834720e-02,5.857194031904067177e-02
2.725999999999921375e+00,4.465426939136971779e-02,5.956358289512696247e-02
2.727999999999921155e+00,4.464802676797265113e-02,6.369827087556913237e-02
2.729999999999920934e+00,4.464181219316579879e-02,6.715785400943462269e-02
2.731999999999920714e+00,4.463562009028810423e-02,7.005144458086748349e-02
2.733999999999920494e+00,4.462944576921148987e-02,7.247148755777761686e-02
2.735999999999920274e+00,4.462328529524224596e-02,7.449635746783446477e-02
2.737999999999920053e+00,4.461713537681440828e-02,7.619253326616631794e-02
2.739999999999919833e+00,4.461099326933501419e-02,7.761642260473132493e-02
2.741999999999919613e+00,4.460485669290589067e-02,7.881589442285785729e-02
2.743999999999919392e+00,4.459872376196136190e-02,7.983156853351609794e-02
2.745999999999919172e+00,4.459243572032482034e-02,8.398116929851222323e-02
2.747999999999918952e+00,4.458617793861879147e-02,8.743977660182628009e-02
2.749999999999918732e+00,4.457994464897596654e-02,9.031916453484781226e-02
2.751999999999918511e+00,4.457373099622447682e-02,9.271402412106613533e-02
2.753999999999918291e+00,4.456753290297738729e-02,9.470462555058227483e-02
2.755999999999918071e+00,4.456134695406276797e-02,9.635904782234980259e-02
2.757999999999917851e+00,4.455517029757628811e-02,9.773504898000043295e-02
2.759999999999917630e+00,4.454890641842214338e-02,9.587885218238512142e-02
2.761999999999917410e+00,4.454266538243495388e-02,9.434280850214159242e-02
2.763999999999917190e+00,4.453628511229569542e-02,9.621876071522801610e-02
2.765999999999916970e+00,4.452978718078079434e-02,1.011528550437399282e-01
2.767999999999916749e+00,4.452325972228698275e-02,1.024700068023758626e-01
2.769999999999916529e+00,4.451670729562368783e-02,1.005689129309630392e-01
2.771999999999916309e+00,4.451023210165571536e-02,9.899150230929505689e-02
2.773999999999916088e+00,4.450382043788803782e-02,9.769713393877876850e-02
2.775999999999915868e+00,4.449730053280094577e-02,9.982355557063635199e-02
2.777999999999915648e+00,4.449085270338034442e-02,1.016167759776504531e-01
2.779999999999915428e+00,4.448446411414443830e-02,1.031349072067390960e-01
2.781999999999915207e+00,4.447812397623077119e-02,1.044269348838233191e-01
2.783999999999914987e+00,4.447182323783586966e-02,1.055341487526296335e-01
2.785999999999914767e+00,4.446555432014279857e-02,1.064913408703818815e-01
2.787999999999914547e+00,4.445931089218668752e-02,1.073278108618407750e-01
2.789999999999914326e+00,4.445300112349922367e-02,1.068745255605333538e-01
2.791999999999914106e+00,4.444663630288603340e-02,1.053203356952947672e-01
2.793999999999913886e+00,4.444007668406687456e-02,1.054267219693144353e-01
2.795999999999913666e+00,4.443335672308443285e-02,1.069376852772462444e-01
2.797999999999913445e+00,4.442665784784989580e-02,1.071138841267099961e-01
2.799999999999913225e+00,4.441997711541479515e-02,1.061470785190822275e-01
2.801999999999913005e+00,4.441331199755080977e-02,1.042028751888941229e-01
2.803999999999912784e+00,4.440666032385436057e-02,1.014244038386814123e-01
2.805999999999912564e+00,4.439987037136694514e-02,1.006006781337121653e-01
2.807999999999912344e+00,4.439296710404747048e-02,1.014268869629350173e-01
2.809999999999912124e+00,4.438612351027061698e-02,1.010897388787533741e-01
2.811999999999911903e+00,4.437933038160211952e-02,9.974749030903279357e-02
2.813999999999911683e+00,4.437257985508036295e-02,9.753790437197469576e-02
2.815999999999911463e+00,4.436586508968443782e-02,9.458316822704700144e-02
2.817999999999911243e+00,4.435902970097028303e-02,9.369464786856458727e-02
2.819999999999911022e+00,4.435209535073186132e-02,9.454601975511742196e-02
2.821999999999910802e+00,4.434523221800296816e-02,9.428802619978145227e-02
2.823999999999910582e+00,4.433842891179214096e-02,9.306654063314526160e-02
2.825999999999910361e+00,4.433167573946174278e-02,9.100903938634212487e-02
2.827999999999910141e+00,4.432496446399965262e-02,8.822706103128527544e-02
2.829999999999909921e+00,4.431828786603603243e-02,8.482197189917467517e-02
2.831999999999909701e+00,4.431148929631972821e-02,8.363799474707291071e-02
2.833999999999909480e+00,4.430459021660836105e-02,8.432179085090996118e-02
2.835999999999909260e+00,4.429776103170094542e-02,8.396022119930372785e-02
2.837999999999909040e+00,4.429099027032232239e-02,8.268803145141127853e-02
2.839999999999908820e+00,4.428426819464175573e-02,8.062326934749652896e-02
2.841999999999908599e+00,4.427758644075923539e-02,7.787124636527059662e-02
2.843999999999908379e+00,4.427093770265864980e-02,7.452811525257646563e-02
2.845999999999908159e+00,4.426416514328547491e-02,7.346109851020821147e-02
2.847999999999907939e+00,4.425729030018312610e-02,7.430507170058482658e-02
2.849999999999907718e+00,4.425048420880826894e-02,7.411221500409005680e-02
2.851999999999907498e+00,4.424373541502134993e-02,7.301450255254668398e-02
2.853999999999907278e+00,4.423703420872491382e-02,7.112768872978221524e-02
2.855999999999907057e+00,4.423037201589861966e-02,6.855912107531711430e-02
2.857999999999906837e+00,4.422374160040247471e-02,6.540309654121455318e-02
2.859999999999906617e+00,4.421713691543811831e-02,6.174180788236702938e-02
2.861999999999906397e+00,4.421040240383179720e-02,6.047001357418419626e-02
2.863999999999906176e+00,4.420356042759665538e-02,6.120297748402367399e-02
2.865999999999905956e+00,4.419662992922016032e-02,6.360987617599400679e-02
2.867999999999905736e+00,4.418978073160351877e-02,6.480729454635765496e-02
2.869999999999905516e+00,4.418299932102297267e-02,6.494668311879243927e-02
2.871999999999905295e+00,4.417627423820733035e-02,6.416084285494023931e-02
2.873999999999905075e+00,4.416959545135397402e-02,6.257165872220357694e-02
2.875999999999904855e+00,4.416295438002201118e-02,6.028794439943140071e-02
2.877999999999904635e+00,4.415634385125077888e-02,5.740449280769564094e-02
2.879999999999904414e+00,4.414975788358275338e-02,5.400402098500855369e-02
2.881999999999904194e+00,4.414319150311896145e-02,5.015883147374589068e-02
2.883999999999903974e+00,4.413653013413039450e-02,5.274530830616280114e-02
2.885999999999903753e+00,4.412995813018923130e-02,5.624201289181878644e-02
2.887999999999903533e+00,4.412340615674262279e-02,5.848953180151455350e-02
2.889999999999903313e+00,4.411686992886516140e-02,5.968620624867090191e-02
2.891999999999903093e+00,4.411034590275171585e-02,6.000228105046227084e-02
2.893999999999902872e+00,4.410383109105693589e-02,5.955015848754547508e-02
2.895999999999902652e+00,4.409732303887147625e-02,5.841918589103708981e-02
2.897999999999902432e+00,4.409081975796041997e-02,5.668845290549415217e-02
2.899999999999902212e+00,4.408431964847601275e-02,5.442808841281711330e-02
2.901999999999901991e+00,4.407767032419997871e-02,5.440699752953907092e-02
2.903999999999901771e+00,4.407093319995809833e-02,6.044350464167230763e-02
2.905999999999901551e+00,4.406424411896148197e-02,6.481088823461618464e-02
2.907999999999901330e+00,4.405759460848765463e-02,6.777418214433447718e-02
2.909999999999901110e+00,4.405097752417777568e-02,6.955936249659917803e-02
2.911999999999900890e+00,4.404438685278875415e-02,7.035922717942738602e-02
2.913999999999900670e+00,4.403781752539453337e-02,7.032892820035151205e-02
2.915999999999900449e+00,4.403126522747522614e-02,6.956421423523617698e-02
2.917999999999900229e+00,4.402472637839265068e-02,6.814961958620292803e-02
2.919999999999900009e+00,4.401819801696280759e-02,6.615993844847474492e-02
2.921999999999899789e+00,4.401167770426956533e-02,6.366149341065718836e-02
2.923999999999899568e+00,4.400522214559563633e-02,6.299200333369203708e-02
2.925999999999899348e+00,4.399881497028329536e-02,6.384082708534463690e-02
2.927999999999899128e+00,4.399239457206316484e-02,6.391379535585528515e-02
2.929999999999898908e+00,4.398580999341406006e-02,6.589502149752429760e-02
2.931999999999898687e+00,4.397908968768721866e-02,6.945747746701698422e-02
2.933999999999898467e+00,4.397241271393511480e-02,7.176355757837084293e-02
2.935999999999898247e+00,4.396577141490935758e-02,7.299151375639105488e-02
2.937999999999898026e+00,4.395915931392867931e-02,7.327071021372164039e-02
2.939999999999897806e+00,4.395257099591311917e-02,7.271484897462555941e-02
2.941999999999897586e+00,4.394563026433159075e-02,6.907454365307968969e-02
2.943999999999897366e+00,4.393861119039128155e-02,6.777609031330589229e-02
2.945999999999897145e+00,4.393152673129162300e-02,6.845724006262561556e-02
2.947999999999896925e+00,4.392438804034180105e-02,7.080437379255048735e-02
2.949999999999896705e+00,4.391720555007268267e-02,7.454042297235978498e-02
2.951999999999896485e+00,4.390998912832234230e-02,7.941985682764936272e-02
2.953999999999896264e+00,4.390274701211616809e-02,8.523213595292904177e-02
2.955999999999896044e+00,4.389529107947057196e-02,8.673831809390256109e-02
2.957999999999895824e+00,4.388762016346366146e-02,8.439421040320363443e-02
2.959999999999895604e+00,4.388000016776952283e-02,8.390421054450446225e-02
2.961999999999895383e+00,4.387242363847339288e-02,8.499035857783893144e-02
2.963999999999895163e+00,4.386488442334133403e-02,8.741133860155246571e-02
2.965999999999894943e+00,4.385737743961048984e-02,9.095746835324607094e-02
2.967999999999894722e+00,4.384989903690453272e-02,9.544288271131233514e-02
2.969999999999894502e+00,4.384244762702702719e-02,1.006970549304435775e-01
2.971999999999894282e+00,4.383502171518952745e-02,1.065740086545653442e-01
2.973999999999894062e+00,4.382761989443562795e-02,1.129487665964477305e-01
2.975999999999893841e+00,4.382005903542408876e-02,1.145854971428797997e-01
2.977999999999893621e+00,4.381232749284696970e-02,1.120241486783072338e-01
2.979999999999893401e+00,4.380467391573816816e-02,1.110972494266036920e-01
2.981999999999893181e+00,4.379708607347521099e-02,1.115695435625543019e-01
2.983999999999892960e+00,4.378955378112612401e-02,1.132362560278473013e-01
2.985999999999892740e+00,4.378206855881090764e-02,1.159188972100055615e-01
2.987999999999892520e+00,4.377462494029148166e-02,1.194514746160104113e-01
2.989999999999892299e+00,4.376721879303022145e-02,1.236873521028132861e-01
2.991999999999892079e+00,4.375984649377675367e-02,1.285007171948892302e-01
2.993999999999891859e+00,4.375250486025748092e-02,1.337835374262592858e-01
2.995999999999891639e+00,4.374501063628364467e-02,1.343065549198148856e-01
2.997999999999891418e+00,4.373734980529968980e-02,1.306249424154129202e-01
2.999999999999891198e+00,4.372976937900389244e-02,1.285923362030631789e-01
