t,h,roll_deg
2.000000000000000042e-03,1.199607599999999996e-01,3.881065985476106744e-18
4.000000000000000083e-03,1.198822799999999938e-01,6.580669388138936065e-18
6.000000000000000125e-03,1.197645599999999921e-01,1.042911558133169066e-17
8.000000000000000167e-03,1.196075999999999945e-01,1.578884715822720942e-17
1.000000000000000021e-02,1.194114000000000009e-01,2.187880925131469521e-17
1.200000000000000025e-02,1.191759599999999975e-01,2.789649440814268791e-17
1.400000000000000029e-02,1.189012799999999981e-01,3.568569831030021408e-17
1.600000000000000033e-02,1.185873600000000028e-01,4.389547470092856069e-17
1.800000000000000211e-02,1.182341999999999976e-01,5.371276834174088578e-17
2.000000000000000389e-02,1.178417999999999966e-01,6.431995185172812180e-17
2.200000000000000566e-02,1.174101599999999995e-01,7.582825511699487390e-17
2.400000000000000744e-02,1.169392799999999927e-01,9.000690792167519072e-17
2.600000000000000921e-02,1.165538614880784335e-01,1.691122747546707324e-05
2.800000000000001099e-02,1.162432972351160193e-01,4.662660522194565668e-05
3.000000000000001277e-02,1.159968157054855203e-01,8.534071393986670444e-05
3.200000000000001454e-02,1.158038058392478614e-01,1.299552925430699400e-04
3.400000000000001632e-02,1.156555498380880814e-01,3.320086012318180309e-04
3.600000000000001810e-02,1.155442513181068193e-01,6.239530643107956288e-04
3.800000000000001987e-02,1.154633235482934867e-01,9.546459084536528580e-04
4.000000000000002165e-02,1.154072108840564909e-01,1.285942830963897072e-03
4.200000000000002343e-02,1.153716943662242977e-01,1.522824514479135388e-03
4.400000000000002520e-02,1.153522099581233834e-01,1.718015440357932447e-03
4.600000000000002698e-02,1.153454593419600827e-01,1.875657447099643308e-03
4.800000000000002875e-02,1.153486808476228836e-01,1.999540235809187886e-03
5.000000000000003053e-02,1.153595691792486111e-01,2.093128215781679506e-03
5.200000000000003231e-02,1.153762066795334940e-01,2.159585932203186495e-03
5.400000000000003408e-02,1.153970045092969354e-01,2.201802020420911155e-03
5.600000000000003586e-02,1.154206523444602228e-01,2.222411666646197971e-03
5.800000000000003764e-02,1.154466638020403557e-01,2.178981826296749313e-03
6.000000000000003941e-02,1.154740234514240044e-01,1.996697951496304892e-03
6.200000000000004119e-02,1.155021975252877586e-01,2.012374027710935910e-03
6.400000000000004297e-02,1.155305505150309442e-01,2.138297602527160050e-03
6.600000000000004474e-02,1.155585484137616747e-01,2.375935899412401787e-03
6.800000000000004652e-02,1.155857732401995297e-01,2.725875579996093253e-03
7.000000000000004829e-02,1.156119035434242520e-01,3.187929591325412617e-03
7.200000000000005007e-02,1.156366966548881409e-01,3.761460033223496327e-03
7.400000000000005185e-02,1.156599656027096912e-01,4.446246572330499885e-03
7.600000000000005362e-02,1.156815649752299252e-01,5.242362198457123541e-03
7.800000000000005540e-02,1.157013860854639725e-01,6.150109796483578702e-03
8.000000000000005718e-02,1.157193530479357080e-01,7.165846365628896104e-03
8.200000000000005895e-02,1.157354160645056862e-01,8.092848778804404355e-03
8.400000000000006073e-02,1.157495504910039663e-01,8.938546256806742876e-03
8.600000000000006251e-02,1.157617531216955375e-01,9.710474461295970361e-03
8.800000000000006428e-02,1.157720394461438373e-01,1.041605311354751491e-02
9.000000000000006606e-02,1.157804410746519214e-01,1.106241725243612209e-02
9.200000000000006783e-02,1.157870033318094682e-01,1.165629426316651222e-02
9.400000000000006961e-02,1.157917830203810533e-01,1.220391929242762609e-02
9.600000000000007139e-02,1.157948463578793441e-01,1.271098231468191508e-02
9.800000000000007316e-02,1.157965256708128193e-01,1.316791085422815318e-02
1.000000000000000749e-01,1.157968582452188339e-01,1.360253442943957884e-02
1.020000000000000767e-01,1.157958950590957797e-01,1.403834318478628350e-02
1.040000000000000785e-01,1.157936975007509001e-01,1.449487913996128606e-02
1.060000000000000803e-01,1.157903338598316179e-01,1.498831595073795743e-02
1.080000000000000820e-01,1.157858765005725793e-01,1.553197705716606591e-02
1.100000000000000838e-01,1.157802594668765200e-01,1.608676071072021388e-02
1.120000000000000856e-01,1.157732453200355088e-01,1.649250845816431499e-02
1.140000000000000874e-01,1.157651991323137980e-01,1.668349049860247749e-02
1.160000000000000892e-01,1.157562306072490305e-01,1.668732528628949496e-02
1.180000000000000909e-01,1.157464396879721996e-01,1.652675848563830985e-02
1.200000000000000927e-01,1.157359154056582934e-01,1.621794802924996295e-02
1.220000000000000945e-01,1.157248340101092315e-01,1.578807243507098987e-02
1.240000000000000963e-01,1.157132544982805433e-01,1.525789169911669074e-02
1.260000000000000842e-01,1.157012041627027005e-01,1.458747531602683049e-02
1.280000000000000859e-01,1.156887360843997237e-01,1.379244961451704665e-02
1.300000000000000877e-01,1.156761342267791370e-01,1.312196674343192246e-02
1.320000000000000895e-01,1.156633769057852784e-01,1.258110411164067334e-02
1.340000000000000913e-01,1.156504560774549301e-01,1.217083221771226784e-02
1.360000000000000930e-01,1.156373639550527938e-01,1.188829657306304452e-02
1.380000000000000948e-01,1.156240976334946824e-01,1.172850366197175469e-02
1.400000000000000966e-01,1.156106580479866475e-01,1.168493133104655905e-02
1.420000000000000984e-01,1.155970491556669172e-01,1.174995352456672561e-02
1.440000000000001001e-01,1.155832772481361348e-01,1.191518398926616311e-02
1.460000000000001019e-01,1.155694898828274891e-01,1.219289234680486292e-02
1.480000000000001037e-01,1.155555680591311279e-01,1.253946858526701347e-02
1.500000000000001055e-01,1.155415197559136326e-01,1.295230285830467794e-02
1.520000000000001072e-01,1.155271641496701529e-01,1.321916622392697686e-02
1.540000000000001090e-01,1.155127554199538997e-01,1.355765891185490429e-02
1.560000000000001108e-01,1.154982945242500614e-01,1.396571747021008343e-02
1.580000000000001126e-01,1.154837840199607890e-01,1.444066515700326292e-02
1.600000000000001144e-01,1.154690333000645830e-01,1.475305414469935475e-02
1.620000000000001161e-01,1.154542959757834664e-01,1.513759775436681644e-02
1.640000000000001179e-01,1.154395676384574465e-01,1.559179204795294385e-02
1.660000000000001197e-01,1.154249454660937618e-01,1.613900759795848516e-02
1.680000000000001215e-01,1.154103432050529870e-01,1.672763987118153564e-02
1.700000000000001232e-01,1.153957515110932974e-01,1.735861906993857451e-02
1.720000000000001250e-01,1.153811635898352728e-01,1.803211835562802678e-02
1.740000000000001268e-01,1.153665698886643942e-01,1.874658998315234179e-02
1.760000000000001286e-01,1.153519679212687277e-01,1.950119777824240938e-02
1.780000000000001303e-01,1.153373564933272699e-01,2.029476624283542419e-02
1.800000000000001321e-01,1.153227354188346709e-01,2.112586815072372073e-02
1.820000000000001339e-01,1.153079230638198172e-01,2.175421530083209570e-02
1.840000000000001357e-01,1.152931564646013235e-01,2.242909750449342474e-02
1.860000000000001374e-01,1.152784271551315909e-01,2.314971476977136997e-02
1.880000000000001392e-01,1.152637284317541283e-01,2.391479752258871688e-02
1.900000000000001410e-01,1.152490550435024685e-01,2.472272540876930061e-02
1.920000000000001428e-01,1.152344029265224140e-01,2.557162419975479023e-02
1.940000000000001446e-01,1.152197689769641903e-01,2.645944440826539582e-02
1.960000000000001463e-01,1.152051508573712080e-01,2.738402466825649514e-02
1.980000000000001481e-01,1.151901363777111109e-01,2.805315841603310892e-02
2.000000000000001499e-01,1.151747777439923182e-01,2.845610550316375609e-02
2.020000000000001517e-01,1.151591221534557646e-01,2.858597244344242283e-02
2.040000000000001534e-01,1.151432122421746501e-01,2.843902735487608552e-02
2.060000000000001552e-01,1.151270864994400622e-01,2.801412866629540005e-02
2.080000000000001570e-01,1.151107796488199941e-01,2.731224911746477080e-02
2.100000000000001588e-01,1.150948610847307013e-01,2.673619170145012658e-02
2.120000000000001605e-01,1.150792797530853923e-01,2.628266303812420643e-02
2.140000000000001623e-01,1.150639940978594594e-01,2.594946675717260676e-02
2.160000000000001641e-01,1.150487614234226297e-01,2.551861844805289325e-02
2.180000000000001659e-01,1.150335941777505255e-01,2.497910757448379773e-02
2.200000000000001676e-01,1.150185018379008134e-01,2.432287881911744318e-02
2.220000000000001694e-01,1.150032988540725248e-01,2.349083537673998801e-02
2.240000000000001712e-01,1.149879968501893029e-01,2.247579319136859197e-02
2.260000000000001730e-01,1.149726010375600321e-01,2.127130930230482914e-02
2.280000000000001747e-01,1.149571229232951436e-01,1.987435366636976924e-02
2.300000000000001765e-01,1.149415795513744343e-01,1.828502666200432919e-02
2.320000000000001783e-01,1.149264857951605434e-01,1.687874166264925410e-02
2.340000000000001801e-01,1.149117724660945333e-01,1.564998420446506514e-02
2.360000000000001819e-01,1.148973777886357350e-01,1.458933371481288890e-02
2.380000000000001836e-01,1.148832497380993661e-01,1.368908009353460471e-02
2.400000000000001854e-01,1.148693431690410299e-01,1.294086555290716208e-02
2.420000000000001872e-01,1.148552148355150709e-01,1.204202520557183867e-02
2.440000000000001890e-01,1.148408912121755138e-01,1.098199747919059548e-02
2.460000000000001907e-01,1.148263964315567320e-01,9.753385844167107577e-03
2.480000000000001925e-01,1.148117524339305612e-01,8.351430243608157916e-03
2.500000000000001665e-01,1.147974414674156479e-01,7.113203241791233103e-03
2.520000000000001683e-01,1.147831830602314002e-01,5.794687393150030515e-03
2.540000000000001701e-01,1.147692166123702173e-01,4.642208304967513147e-03
2.560000000000001719e-01,1.147551007746871049e-01,3.365531332606095175e-03
2.580000000000001736e-01,1.147408503349883480e-01,1.956223239625985277e-03
2.600000000000001754e-01,1.147264789650656314e-01,4.084200283670734433e-04
2.620000000000001772e-01,1.147119992579880843e-01,-1.281592930097221915e-03
2.640000000000001790e-01,1.146974227725153783e-01,-3.115734615022751255e-03
2.660000000000001807e-01,1.146828010045878588e-01,-4.497401994181197266e-03
2.680000000000001825e-01,1.146681281122795965e-01,-5.458388418340950204e-03
2.700000000000001843e-01,1.146533990343766435e-01,-6.026853817082442055e-03
2.720000000000001861e-01,1.146382221018768105e-01,-6.498356032981746078e-03
2.740000000000001878e-01,1.146226624196981514e-01,-6.890403243067706393e-03
2.760000000000001896e-01,1.146067780259621277e-01,-7.217643693227347203e-03
2.780000000000001914e-01,1.145909060634704713e-01,-7.501231811885515979e-03
2.800000000000001932e-01,1.145748223415863493e-01,-7.710854874111791254e-03
2.820000000000001950e-01,1.145585603123194518e-01,-7.859139898403219235e-03
2.840000000000001967e-01,1.145421500377080959e-01,-7.956827362786316263e-03
2.860000000000001985e-01,1.145256185120764741e-01,-8.013057666693754535e-03
2.880000000000002003e-01,1.145092608780198112e-01,-8.054255952559185791e-03
2.900000000000002021e-01,1.144930734023311275e-01,-8.097432574270386346e-03
2.920000000000002038e-01,1.144768666268924096e-01,-8.053007622662521417e-03
2.940000000000002056e-01,1.144606421312539396e-01,-7.934194834989333200e-03
2.960000000000002074e-01,1.144449065942741706e-01,-8.019432878945013943e-03
2.980000000000002092e-01,1.144295751292315338e-01,-8.302123541279205279e-03
3.000000000000002109e-01,1.144145741109844350e-01,-8.775128421465999348e-03
3.020000000000002127e-01,1.143998397748217793e-01,-9.430891266747693652e-03
3.040000000000002145e-01,1.143853169772694606e-01,-1.026154693778155366e-02
3.060000000000002163e-01,1.143705416425732646e-01,-1.104442755053062705e-02
3.080000000000002180e-01,1.143555459510495753e-01,-1.178467895341714540e-02
3.100000000000002198e-01,1.143403584319788030e-01,-1.248553578471076411e-02
3.120000000000002216e-01,1.143250045295561568e-01,-1.315013555432876027e-02
3.140000000000002234e-01,1.143095068880508602e-01,-1.378148018087659021e-02
3.160000000000002252e-01,1.142938856096068767e-01,-1.438240900851761421e-02
3.180000000000002269e-01,1.142781584869666106e-01,-1.495558107107932896e-02
3.200000000000002287e-01,1.142623412133449562e-01,-1.550346474394624641e-02
3.220000000000002305e-01,1.142464475715840866e-01,-1.602833323944663491e-02
3.240000000000002323e-01,1.142304896045956697e-01,-1.653226466723253102e-02
3.260000000000002340e-01,1.142144777689582530e-01,-1.701714560496470421e-02
3.280000000000002358e-01,1.141984210733912458e-01,-1.748467731277545886e-02
3.300000000000002376e-01,1.141823272036797815e-01,-1.793638388289598568e-02
3.320000000000002394e-01,1.141662026354807180e-01,-1.837362174811909415e-02
3.340000000000002411e-01,1.141500527363019379e-01,-1.879759008335490922e-02
3.360000000000002429e-01,1.141338818578170877e-01,-1.920934172678858548e-02
3.380000000000002447e-01,1.141176934195566040e-01,-1.960979432389224619e-02
3.400000000000002465e-01,1.141014899849042280e-01,-1.999974146123655733e-02
3.420000000000002482e-01,1.140852733302259447e-01,-2.037986360971506469e-02
3.440000000000002500e-01,1.140690445078656468e-01,-2.075073874021029011e-02
3.460000000000002518e-01,1.140528039036580732e-01,-2.111285251035890237e-02
3.480000000000002536e-01,1.140365512895344796e-01,-2.146660795017695661e-02
3.500000000000002554e-01,1.140202858717292156e-01,-2.181233459794449173e-02
3.520000000000002571e-01,1.140040063350357818e-01,-2.215029705681713715e-02
3.540000000000002589e-01,1.139877108267050021e-01,-2.248047434251587359e-02
3.560000000000002607e-01,1.139713970579859653e-01,-2.280222946081140664e-02
3.580000000000002625e-01,1.139550623114854305e-01,-2.311485785482990385e-02
3.600000000000002642e-01,1.139387035188292180e-01,-2.341770935458837438e-02
3.620000000000002660e-01,1.139223172859428063e-01,-2.371018175387930998e-02
3.640000000000002678e-01,1.139058999167864294e-01,-2.399171564408253757e-02
3.660000000000002696e-01,1.138894474356321879e-01,-2.426179025834216546e-02
3.680000000000002713e-01,1.138729556079655092e-01,-2.451992012321422068e-02
3.700000000000002731e-01,1.138564199600887172e-01,-2.476565235143890834e-02
3.720000000000002749e-01,1.138398357971664721e-01,-2.499858080637906710e-02
3.740000000000002767e-01,1.138231982059396130e-01,-2.521906249728901594e-02
3.760000000000002784e-01,1.138065020915726006e-01,-2.542742396716523440e-02
3.780000000000002802e-01,1.137894058146539239e-01,-2.565299189413554684e-02
3.800000000000002820e-01,1.137715566943800632e-01,-2.569809642523527421e-02
3.820000000000002838e-01,1.137529309828586715e-01,-2.556766547977375528e-02
3.840000000000002855e-01,1.137331086964608329e-01,-2.554745708848535010e-02
3.860000000000002873e-01,1.137125720849881255e-01,-2.535410185090650192e-02
3.880000000000002891e-01,1.136913251780733020e-01,-2.499498107863018515e-02
3.900000000000002909e-01,1.136703726302496636e-01,-2.464678831601282982e-02
3.920000000000002927e-01,1.136496891312210600e-01,-2.430607711134382190e-02
3.940000000000002944e-01,1.136292497731977991e-01,-2.397024283032898190e-02
3.960000000000002962e-01,1.136090300644025386e-01,-2.363733823089649716e-02
3.980000000000002980e-01,1.135890059436929500e-01,-2.330592781875838113e-02
4.000000000000002998e-01,1.135691537952322333e-01,-2.297497303252099554e-02
4.020000000000003015e-01,1.135494504016761746e-01,-2.264317012222431119e-02
4.040000000000003033e-01,1.135298727276947278e-01,-2.230944345741862900e-02
4.060000000000003051e-01,1.135102346500056064e-01,-2.181783927004260840e-02
4.080000000000003069e-01,1.134902090655396378e-01,-2.143218782137340170e-02
4.100000000000003086e-01,1.134698189956358655e-01,-2.115473683933525792e-02
4.120000000000003104e-01,1.134490858212410663e-01,-2.098772999922135854e-02
4.140000000000003122e-01,1.134275315683105634e-01,-2.096958491423586007e-02
4.160000000000003140e-01,1.134051693721171844e-01,-2.108446735923730220e-02
4.180000000000003157e-01,1.133820195792100138e-01,-2.131821456863704917e-02
4.200000000000003175e-01,1.133585115631886991e-01,-2.139030340127490160e-02
4.220000000000003193e-01,1.133350126816311670e-01,-2.144434372810744005e-02
4.240000000000003211e-01,1.133118649940167422e-01,-2.148500494357526505e-02
4.260000000000003229e-01,1.132890309601626011e-01,-2.151191374676426904e-02
4.280000000000003246e-01,1.132664738087791750e-01,-2.152511135051706978e-02
4.300000000000003264e-01,1.132438903440766836e-01,-2.156998725252482277e-02
4.320000000000003282e-01,1.132212468461125110e-01,-2.163535999004938953e-02
4.340000000000003300e-01,1.131982509386942892e-01,-2.149419525888600357e-02
4.360000000000003317e-01,1.131744939943455930e-01,-2.143908624056946322e-02
4.380000000000003335e-01,1.131505238583679351e-01,-2.144201697463022152e-02
4.400000000000003353e-01,1.131263617474756872e-01,-2.150184190759256431e-02
4.420000000000003371e-01,1.131020250730694621e-01,-2.161916974184952336e-02
4.440000000000003388e-01,1.130770882749110307e-01,-2.184922036323817818e-02
4.460000000000003406e-01,1.130515612831449745e-01,-2.218204653192042825e-02
4.480000000000003424e-01,1.130254589742108740e-01,-2.260869065720477397e-02
4.500000000000003442e-01,1.129988001679234078e-01,-2.312111405899763827e-02
4.520000000000003459e-01,1.129725746103943801e-01,-2.358404545161920524e-02
4.540000000000003477e-01,1.129467349004874416e-01,-2.400148827416477906e-02
4.560000000000003495e-01,1.129210469877941769e-01,-2.446763750259965328e-02
4.580000000000003513e-01,1.128948931385638788e-01,-2.501474492564221067e-02
4.600000000000003531e-01,1.128682693862693154e-01,-2.563504036454171062e-02
4.620000000000003548e-01,1.128411774367963222e-01,-2.632190995173413345e-02
4.640000000000003566e-01,1.128136236309075641e-01,-2.706972865782954554e-02
4.660000000000003584e-01,1.127856180399654518e-01,-2.787371733032722315e-02
4.680000000000003602e-01,1.127577940363578002e-01,-2.839399194989289388e-02
4.700000000000003619e-01,1.127296125590101089e-01,-2.901475161139708062e-02
4.720000000000003637e-01,1.127010684431273557e-01,-2.972738145925852421e-02
4.740000000000003655e-01,1.126721610459751055e-01,-3.052426701008060031e-02
4.760000000000003673e-01,1.126428934170441154e-01,-3.139867711754031759e-02
4.780000000000003690e-01,1.126132715704404180e-01,-3.234466199213504450e-02
4.800000000000003708e-01,1.125833038492379395e-01,-3.335696382072777383e-02
4.820000000000003726e-01,1.125530003723860806e-01,-3.443093803260859065e-02
4.840000000000003744e-01,1.125229403091698027e-01,-3.553015404251150255e-02
4.860000000000003761e-01,1.124930841393895903e-01,-3.665432208856209823e-02
4.880000000000003779e-01,1.124629104858978351e-01,-3.780238422543626131e-02
4.900000000000003797e-01,1.124324226742341865e-01,-3.897418040023506447e-02
4.920000000000003815e-01,1.124024899814090872e-01,-4.000602406719595827e-02
4.940000000000003832e-01,1.123730315395366219e-01,-4.087925007881103995e-02
4.960000000000003850e-01,1.123439749958037581e-01,-4.157793190827998447e-02
4.980000000000003868e-01,1.123146086489534151e-01,-4.234461142454758187e-02
5.000000000000003331e-01,1.122849138779805356e-01,-4.318144137917262482e-02
5.020000000000003348e-01,1.122552651967700516e-01,-4.393970635168700095e-02
5.040000000000003366e-01,1.122256077032356414e-01,-4.460678759254897013e-02
5.060000000000003384e-01,1.121958937296323733e-01,-4.517111980870226751e-02
5.080000000000003402e-01,1.121657611625040407e-01,-4.573931605321897992e-02
5.100000000000003419e-01,1.121352006228150955e-01,-4.629450555352118690e-02
5.120000000000003437e-01,1.121042058242340683e-01,-4.682129663969794575e-02
5.140000000000003455e-01,1.120735631665494281e-01,-4.714880249368851722e-02
5.160000000000003473e-01,1.120431648040842998e-01,-4.731339965587564450e-02
5.180000000000003491e-01,1.120129161535692169e-01,-4.734532434025934267e-02
5.200000000000003508e-01,1.119827340330886573e-01,-4.726972964098433844e-02
5.220000000000003526e-01,1.119521592489965828e-01,-4.704341382660363197e-02
5.240000000000003544e-01,1.119211548375102644e-01,-4.667143755631562169e-02
5.260000000000003562e-01,1.118896913895208178e-01,-4.615861563178148830e-02
5.280000000000003579e-01,1.118577459169351890e-01,-4.550968687744826741e-02
5.300000000000003597e-01,1.118244750900635881e-01,-4.482321545101292104e-02
5.320000000000003615e-01,1.117899065943795955e-01,-4.410126190190094553e-02
5.340000000000003633e-01,1.117540725468015306e-01,-4.334623141192262691e-02
5.360000000000003650e-01,1.117171651886993827e-01,-4.271242825225968903e-02
5.380000000000003668e-01,1.116791913420557836e-01,-4.222167936671974986e-02
5.400000000000003686e-01,1.116401646492769101e-01,-4.189174748962583295e-02
5.420000000000003704e-01,1.116001045453420132e-01,-4.173704593768171045e-02
5.440000000000003721e-01,1.115590353320304595e-01,-4.176922680820104039e-02
5.460000000000003739e-01,1.115169853487537610e-01,-4.199766458022691218e-02
5.480000000000003757e-01,1.114739862338636617e-01,-4.242985335634255617e-02
5.500000000000003775e-01,1.114300722699112373e-01,-4.307173285607920205e-02
5.520000000000003793e-01,1.113852798061564231e-01,-4.392795567212975233e-02
5.540000000000003810e-01,1.113396467516327010e-01,-4.500210614071633447e-02
5.560000000000003828e-01,1.112932121322176560e-01,-4.629687938439599332e-02
5.580000000000003846e-01,1.112460155480817642e-01,-4.781084657631902435e-02
5.600000000000003864e-01,1.111980970428180365e-01,-4.954254895251639090e-02
5.620000000000003881e-01,1.111494968168313807e-01,-5.149076235018375941e-02
5.640000000000003899e-01,1.111002549685489310e-01,-5.365444846749522351e-02
5.660000000000003917e-01,1.110504112748097044e-01,-5.603271227217216516e-02
5.680000000000003935e-01,1.110000050053993464e-01,-5.862476476203251630e-02
5.700000000000003952e-01,1.109490747672478156e-01,-6.142989039203285845e-02
5.720000000000003970e-01,1.108977781874733171e-01,-6.424387102862001708e-02
5.740000000000003988e-01,1.108460396469585080e-01,-6.693505560710041880e-02
5.760000000000004006e-01,1.107939169526794970e-01,-6.945284675877957947e-02
5.780000000000004023e-01,1.107414616872506169e-01,-7.175662265579349497e-02
5.800000000000004041e-01,1.106887200856399023e-01,-7.381398511673528673e-02
5.820000000000004059e-01,1.106357325663199498e-01,-7.561848762710288163e-02
5.840000000000004077e-01,1.105826770505891482e-01,-7.731487161764426241e-02
5.860000000000004095e-01,1.105295706905603387e-01,-7.889225495095446294e-02
5.880000000000004112e-01,1.104762904214639102e-01,-8.021894638713768233e-02
5.900000000000004130e-01,1.104228673280739093e-01,-8.129632141614927254e-02
5.920000000000004148e-01,1.103693298842236131e-01,-8.212537465026868710e-02
5.940000000000004166e-01,1.103157041275490829e-01,-8.270679051715247587e-02
5.960000000000004183e-01,1.102620138169408681e-01,-8.304100830441106529e-02
5.980000000000004201e-01,1.102082805737394089e-01,-8.312828178893170994e-02
6.000000000000004219e-01,1.101546192947957109e-01,-8.312296969566380922e-02
6.020000000000004237e-01,1.101011424781246223e-01,-8.307827660606345588e-02
6.040000000000004254e-01,1.100478144674603420e-01,-8.302802024870720166e-02
6.060000000000004272e-01,1.099946069112353042e-01,-8.300904767388116168e-02
6.080000000000004290e-01,1.099417229954007535e-01,-8.284149070533369796e-02
6.100000000000004308e-01,1.098891080515232432e-01,-8.252659536359152614e-02
6.120000000000004325e-01,1.098367621537276045e-01,-8.212167289052337005e-02
6.140000000000004343e-01,1.097846354312613792e-01,-8.165928048585996413e-02
6.160000000000004361e-01,1.097326870022509171e-01,-8.116709684032287486e-02
6.180000000000004379e-01,1.096808833305718267e-01,-8.066852329039961300e-02
6.200000000000004396e-01,1.096291970074472905e-01,-8.018332306898380557e-02
6.220000000000004414e-01,1.095776056893669054e-01,-7.972816536032791002e-02
6.240000000000004432e-01,1.095260911735254084e-01,-7.931708858888335267e-02
6.260000000000004450e-01,1.094746385940788685e-01,-7.896189511726660337e-02
6.280000000000004468e-01,1.094232357243755532e-01,-7.867248764258684413e-02
6.300000000000004485e-01,1.093718723719769997e-01,-7.845715599880330460e-02
6.320000000000004503e-01,1.093205396671782237e-01,-7.831811723274309522e-02
6.340000000000004521e-01,1.092692296947400526e-01,-7.825636930506274513e-02
6.360000000000004539e-01,1.092179351526362668e-01,-7.827282600426455073e-02
6.380000000000004556e-01,1.091666490380656940e-01,-7.836831433405537506e-02
6.400000000000004574e-01,1.091153643734272399e-01,-7.854357587960478226e-02
6.420000000000004592e-01,1.090638804709044840e-01,-7.869327659962413457e-02
6.440000000000004610e-01,1.090119913221642284e-01,-7.884005328617818553e-02
6.460000000000004627e-01,1.089597595649579587e-01,-7.898447479039924501e-02
6.480000000000004645e-01,1.089072371179464760e-01,-7.912692291325981730e-02
6.500000000000004663e-01,1.088544664092119946e-01,-7.926762772829423764e-02
6.520000000000004681e-01,1.088014814442988115e-01,-7.940669602958748408e-02
6.540000000000004698e-01,1.087483087330776699e-01,-7.954413430045700895e-02
6.560000000000004716e-01,1.086949680926319189e-01,-7.967986730717664667e-02
6.580000000000004734e-01,1.086414733414136358e-01,-7.981375319166365834e-02
6.600000000000004752e-01,1.085878328981337015e-01,-7.994559575480543467e-02
6.620000000000004770e-01,1.085340502972350352e-01,-8.007515447808226383e-02
6.640000000000004787e-01,1.084801246313512740e-01,-8.020215271742613117e-02
6.660000000000004805e-01,1.084260509298644454e-01,-8.032628441353045767e-02
6.680000000000004823e-01,1.083718204815345976e-01,-8.044721959208037121e-02
6.700000000000004841e-01,1.083174255869077535e-01,-8.057078157228175774e-02
6.720000000000004858e-01,1.082628497268195850e-01,-8.069611478373027447e-02
6.740000000000004876e-01,1.082080735415079514e-01,-8.082243763723048757e-02
6.760000000000004894e-01,1.081530749653558110e-01,-8.094903503304180792e-02
6.780000000000004912e-01,1.080978293358265535e-01,-8.107525182129259045e-02
6.800000000000004929e-01,1.080423094797460931e-01,-8.120048705995211447e-02
6.820000000000004947e-01,1.079864213559487141e-01,-8.157292409489563800e-02
6.840000000000004965e-01,1.079301449554605774e-01,-8.218073280922708057e-02
6.860000000000004983e-01,1.078734560937672504e-01,-8.301347278549453534e-02
6.880000000000005000e-01,1.078163266384230407e-01,-8.406189840480998710e-02
6.900000000000005018e-01,1.077586775657499302e-01,-8.506419371074384894e-02
6.920000000000005036e-01,1.077005926449236400e-01,-8.571949354952115852e-02
6.940000000000005054e-01,1.076420198632681707e-01,-8.604764903937783815e-02
6.960000000000005071e-01,1.075830154180835579e-01,-8.631460153125661283e-02
6.980000000000005089e-01,1.075235053453285905e-01,-8.652101293538845550e-02
7.000000000000005107e-01,1.074634169289606089e-01,-8.666747004701033652e-02
7.020000000000005125e-01,1.074026954424836533e-01,-8.678954637755570412e-02
7.040000000000005143e-01,1.073412875153457041e-01,-8.695760686742473600e-02
7.060000000000005160e-01,1.072791162464148129e-01,-8.716888411182119323e-02
7.080000000000005178e-01,1.072161052194755687e-01,-8.742304473439567458e-02
7.100000000000005196e-01,1.071521785029017071e-01,-8.771777685064549579e-02
7.120000000000005214e-01,1.070873078066109235e-01,-8.795736953586205664e-02
7.140000000000005231e-01,1.070214078470346775e-01,-8.813926293298356140e-02
7.160000000000005249e-01,1.069544270545243619e-01,-8.830000379689610657e-02
7.180000000000005267e-01,1.068862746105460892e-01,-8.843957859980149105e-02
7.200000000000005285e-01,1.068168597921596713e-01,-8.855794491472067376e-02
7.220000000000005302e-01,1.067460914829246738e-01,-8.865502961475690835e-02
7.240000000000005320e-01,1.066738777284659684e-01,-8.873072787992165866e-02
7.260000000000005338e-01,1.066001532586054318e-01,-8.875582303203968793e-02
7.280000000000005356e-01,1.065248355409126740e-01,-8.875010278206660330e-02
7.300000000000005373e-01,1.064478219100863099e-01,-8.871390515562545265e-02
7.320000000000005391e-01,1.063690083893407828e-01,-8.864743292162471922e-02
7.340000000000005409e-01,1.062882892841453819e-01,-8.855076482829957185e-02
7.360000000000005427e-01,1.062055969813355399e-01,-8.844563470183965104e-02
7.380000000000005445e-01,1.061208480602723742e-01,-8.831298513871591038e-02
7.400000000000005462e-01,1.060339199920286857e-01,-8.815184057343500301e-02
7.420000000000005480e-01,1.059446888243615603e-01,-8.796125513289675124e-02
7.440000000000005498e-01,1.058530975677543229e-01,-8.765635141884856041e-02
7.460000000000005516e-01,1.057590921720027305e-01,-8.734097847582486529e-02
7.480000000000005533e-01,1.056625296417488813e-01,-8.701231614755040866e-02
7.500000000000005551e-01,1.055632656409524056e-01,-8.666788437898567676e-02
7.520000000000005569e-01,1.054612049628609050e-01,-8.624927866959608558e-02
7.540000000000005587e-01,1.053561919203571534e-01,-8.575894075788588478e-02
7.560000000000005604e-01,1.052481439181849332e-01,-8.528257426452515166e-02
7.580000000000005622e-01,1.051368258765208730e-01,-8.482327102355494142e-02
7.600000000000005640e-01,1.050220047020169467e-01,-8.433635383006694852e-02
7.620000000000005658e-01,1.049034209213440677e-01,-8.382012037311935282e-02
7.640000000000005675e-01,1.047808261835413701e-01,-8.327292605626790412e-02
7.660000000000005693e-01,1.046541117119651337e-01,-8.273194512595012651e-02
7.680000000000005711e-01,1.045230826111629291e-01,-8.222624145129676931e-02
7.700000000000005729e-01,1.043875781816592935e-01,-8.174381017113195591e-02
7.720000000000005747e-01,1.042476168669771858e-01,-8.125723120654623766e-02
7.740000000000005764e-01,1.041029457769217653e-01,-8.075734097703579639e-02
7.760000000000005782e-01,1.039533149811006363e-01,-8.023939847517112811e-02
7.780000000000005800e-01,1.037984804808226164e-01,-7.969914380945815335e-02
7.800000000000005818e-01,1.036383324334100159e-01,-7.928840517864078896e-02
7.820000000000005835e-01,1.034727587914244934e-01,-7.881340930067488870e-02
7.840000000000005853e-01,1.033015147073122336e-01,-7.826287282418034619e-02
7.860000000000005871e-01,1.031243515391724874e-01,-7.763753293261528576e-02
7.880000000000005889e-01,1.029411723157270392e-01,-7.695653794055516694e-02
7.900000000000005906e-01,1.027517119173702725e-01,-7.622295717066701615e-02
7.920000000000005924e-01,1.025559127637763746e-01,-7.543348919687598020e-02
7.940000000000005942e-01,1.023534863138658296e-01,-7.458614098408603010e-02
7.960000000000005960e-01,1.021442115299298764e-01,-7.377182908672684503e-02
7.980000000000005977e-01,1.019278695226191883e-01,-7.287377145640548670e-02
8.000000000000005995e-01,1.016941457913467656e-01,-6.067552868095367480e-02
8.020000000000006013e-01,1.014462394605610274e-01,-6.131711361290612117e-02
8.040000000000006031e-01,1.011936580409008440e-01,-6.234814130263897913e-02
8.060000000000006048e-01,1.009363567635852138e-01,-6.295039894884192633e-02
8.080000000000006066e-01,1.006734070560064420e-01,-6.317419569875790120e-02
8.100000000000006084e-01,1.004037711159867508e-01,-6.312795316668717849e-02
8.120000000000006102e-01,1.001267582328254635e-01,-6.284076841731708885e-02
8.140000000000006120e-01,9.984172973317484434e-02,-6.233701298509947836e-02
8.160000000000006137e-01,9.953868873917208482e-02,-4.896478323628433715e-02
8.180000000000006155e-01,9.922032932271863948e-02,-4.996378264890657256e-02
8.200000000000006173e-01,9.889522192726479810e-02,-5.106129998603704118e-02
8.220000000000006191e-01,9.856294170406737498e-02,-5.162333584204283066e-02
8.240000000000006208e-01,9.822270436714146402e-02,-5.176970300879296660e-02
8.260000000000006226e-01,9.787356818029964434e-02,-5.154839682399257883e-02
8.280000000000006244e-01,9.748289797212644769e-02,-5.131831044141452886e-02
8.300000000000006262e-01,9.708807987621190239e-02,-5.081515592246864388e-02
8.320000000000006279e-01,9.668741581736720048e-02,-4.989648256718948183e-02
8.340000000000006297e-01,9.627958469314967793e-02,-4.862369046800980865e-02
8.360000000000006315e-01,9.586313302961659011e-02,-4.702424735976403619e-02
8.380000000000006333e-01,9.543702353950776762e-02,-4.513738204905049650e-02
8.400000000000006350e-01,9.500004669929305867e-02,-4.298059886142354541e-02
8.420000000000006368e-01,9.455143683596818616e-02,-4.056682610433093999e-02
8.440000000000006386e-01,9.408281118781516850e-02,-2.299464141005818155e-02
8.460000000000006404e-01,9.357271073546388762e-02,-4.898712322830007897e-03
8.480000000000006422e-01,9.305536349910305260e-02,1.131362078204306565e-02
8.500000000000006439e-01,9.252883376858914155e-02,2.595142542938525670e-02
8.520000000000006457e-01,9.199119509407301110e-02,3.849984993812263778e-02
8.540000000000006475e-01,9.143422376983328936e-02,3.308595474541677767e-02
8.560000000000006493e-01,9.086362922893770344e-02,2.660520006801100207e-02
8.580000000000006510e-01,9.027177047121724696e-02,2.194087914735575861e-03
8.600000000000006528e-01,8.966412547208367501e-02,-1.876559505513073975e-02
8.620000000000006546e-01,8.903340739787145297e-02,-2.043906004593660022e-02
8.640000000000006564e-01,8.838161172999332849e-02,-2.053504017834769085e-03
8.660000000000006581e-01,8.768849668406399067e-02,1.705407774532382431e-02
8.680000000000006599e-01,8.698451039292037779e-02,3.450149222660754689e-02
8.700000000000006617e-01,8.626730287613290638e-02,5.039074647943333346e-02
8.720000000000006635e-01,8.553453665798615990e-02,6.176653651207329732e-02
8.740000000000006652e-01,8.478341144033395282e-02,7.285410620019841521e-02
8.760000000000006670e-01,8.399120711509944215e-02,8.434774214325464758e-02
8.780000000000006688e-01,8.317524347311459898e-02,7.085941053720594407e-02
8.800000000000006706e-01,8.234317331537140128e-02,5.706016570833043200e-02
8.820000000000006724e-01,8.149329147578342203e-02,4.832064929928334834e-02
8.840000000000006741e-01,8.061741282562888411e-02,6.448144868863683876e-02
8.860000000000006759e-01,7.971500245380008787e-02,1.062646321827476897e-01
8.880000000000006777e-01,7.877175983713162466e-02,1.507817092155122607e-01
8.900000000000006795e-01,7.780383096337546711e-02,1.639278729479499153e-01
8.920000000000006812e-01,7.681793430036266968e-02,1.779938466854123769e-01
8.940000000000006830e-01,7.581037414170262168e-02,1.931401418531935588e-01
8.960000000000006848e-01,7.477591883207708456e-02,1.785339497991285940e-01
8.980000000000006866e-01,7.370094489780647240e-02,1.623896157668785478e-01
9.000000000000006883e-01,7.259892402315501481e-02,1.834861328977341333e-01
9.020000000000006901e-01,7.146857558653098297e-02,2.426093141146653809e-01
9.040000000000006919e-01,7.031106894295678644e-02,2.635202039058289758e-01
9.060000000000006937e-01,6.912408584361640074e-02,2.469388835514271241e-01
9.080000000000006954e-01,6.789688371561067304e-02,2.279869239576942652e-01
9.100000000000006972e-01,6.664261441898111649e-02,2.593173910108617086e-01
9.120000000000006990e-01,6.536256621529316913e-02,2.942967273940895190e-01
9.140000000000007008e-01,6.405527134692477753e-02,3.383999944261241732e-01
9.160000000000007025e-01,6.271573443063248321e-02,4.322034800425553769e-01
9.180000000000007043e-01,6.152667148751193860e-02,4.731028302768311988e-01
9.200000000000007061e-01,6.053367923835925590e-02,4.914732081419315168e-01
9.220000000000007079e-01,5.970471665992922727e-02,4.887850723649120877e-01
9.240000000000007097e-01,5.901272078666278814e-02,4.619681377884458096e-01
9.260000000000007114e-01,5.843493152853789646e-02,4.096335770951639033e-01
9.280000000000007132e-01,5.795232481583974943e-02,3.670629186406525468e-01
9.300000000000007150e-01,5.753845602324852981e-02,1.896970533070457265e-01
9.320000000000007168e-01,5.718119934667578036e-02,-1.183782696366111747e-01
9.340000000000007185e-01,5.683733996655760540e-02,-4.097346816897657895e-01
9.360000000000007203e-01,5.653764019405936592e-02,-4.892645173629004418e-01
9.380000000000007221e-01,5.627327504320063511e-02,-3.709972729857636820e-01
9.400000000000007239e-01,5.604871546341228666e-02,-2.913356985045195691e-01
9.420000000000007256e-01,5.585440579144315687e-02,-2.463514463347359351e-01
9.440000000000007274e-01,5.568364667315303662e-02,-2.677690835981686446e-01
9.460000000000007292e-01,5.552017573902482545e-02,-4.131944989963788895e-01
9.480000000000007310e-01,5.533866771906985338e-02,-5.093885207719934805e-01
9.500000000000007327e-01,5.517619718486263536e-02,-5.811455452686785650e-01
9.520000000000007345e-01,5.503077163600706562e-02,-6.042831697900086230e-01
9.540000000000007363e-01,5.489867205422187257e-02,-5.902355895017025178e-01
9.560000000000007381e-01,5.477691893536511258e-02,-5.497605388298880680e-01
9.580000000000007399e-01,5.466301438494160919e-02,-4.908510685785228422e-01
9.600000000000007416e-01,5.455346120195420090e-02,-3.935175704807554187e-01
9.620000000000007434e-01,5.441962966742944913e-02,-3.177662300969796294e-01
9.640000000000007452e-01,5.429163563301472178e-02,-2.840352272771782260e-01
9.660000000000007470e-01,5.417011120815250214e-02,-2.568714767688319855e-01
9.680000000000007487e-01,5.405376090610326811e-02,-2.355209749824251630e-01
9.700000000000007505e-01,5.393973320444825359e-02,-2.415747215172181772e-01
9.720000000000007523e-01,5.382747373490505416e-02,-2.703018465181118435e-01
9.740000000000007541e-01,5.369226002855652380e-02,-3.010485668600548226e-01
9.760000000000007558e-01,5.356285121153007978e-02,-2.969736634626076732e-01
9.780000000000007576e-01,5.343951725078879139e-02,-2.815157373433637700e-01
9.800000000000007594e-01,5.332110447782738294e-02,-2.680169048836620882e-01
9.820000000000007612e-01,5.320530110756168524e-02,-2.370645798982725372e-01
9.840000000000007629e-01,5.309066638072767325e-02,-2.033237132035545236e-01
9.860000000000007647e-01,5.297650568807792115e-02,-1.672569398652946349e-01
9.880000000000007665e-01,5.286189357220091173e-02,-1.110394186194378074e-01
9.900000000000007683e-01,5.274641564458076859e-02,-3.542946703853297463e-02
9.920000000000007701e-01,5.262300464346652412e-02,-6.647405134278067118e-02
9.940000000000007718e-01,5.249751065002998540e-02,-9.196525336886374191e-02
9.960000000000007736e-01,5.237152121284905509e-02,-7.542047816785239778e-02
9.980000000000007754e-01,5.223710884301102642e-02,9.583931792621042112e-02
1.000000000000000666e+00,5.208897525786940902e-02,2.393663360608212498e-01
1.002000000000000668e+00,5.192213626940243854e-02,2.675352934540213834e-01
1.004000000000000670e+00,5.174235795161184065e-02,3.015003196136762931e-01
1.006000000000000671e+00,5.154935974331370518e-02,3.472182489828875562e-01
1.008000000000000673e+00,5.134250388960872463e-02,4.034297421403632566e-01
1.010000000000000675e+00,5.112123145404465913e-02,4.691016946836908952e-01
1.012000000000000677e+00,5.091044038531276211e-02,4.788727698042221648e-01
1.014000000000000679e+00,5.071082344802005371e-02,3.916939778280362217e-01
1.016000000000000680e+00,5.052683135672356163e-02,2.009200207662353577e-01
1.018000000000000682e+00,5.036911814172569113e-02,4.441277486349313325e-02
1.020000000000000684e+00,5.023314871182252977e-02,-7.939922547326423719e-02
1.022000000000000686e+00,5.011529814870766680e-02,-1.696162901485035734e-01
1.024000000000000687e+00,5.000770183060630064e-02,-1.662696545249623958e-01
1.026000000000000689e+00,4.991452547696199893e-02,-1.527533754781622011e-01
1.028000000000000691e+00,4.983365963090780754e-02,-1.374717511365670941e-01
1.030000000000000693e+00,4.975893980522468063e-02,-1.759317068270369600e-01
1.032000000000000695e+00,4.968886025424102543e-02,-2.584594480884354617e-01
1.034000000000000696e+00,4.962793946864526434e-02,-3.197310436927912614e-01
1.036000000000000698e+00,4.957485650228425633e-02,-3.627771428108881313e-01
1.038000000000000700e+00,4.952849470541616228e-02,-3.905281682849437996e-01
1.040000000000000702e+00,4.948790418918735251e-02,-4.055373503620378073e-01
1.042000000000000703e+00,4.945210130474868987e-02,-4.099277537693420403e-01
1.044000000000000705e+00,4.942027629691786439e-02,-4.055234858813859256e-01
1.046000000000000707e+00,4.939185860827918079e-02,-3.938676950628660633e-01
1.048000000000000709e+00,4.936652334483747351e-02,-3.803185648541045349e-01
1.050000000000000711e+00,4.934381757766017479e-02,-3.653608379378771587e-01
1.052000000000000712e+00,4.932335975282107349e-02,-3.494180359921927326e-01
1.054000000000000714e+00,4.930482842337911148e-02,-3.328656786102142662e-01
1.056000000000000716e+00,4.928795245651548113e-02,-3.160094499906137555e-01
1.058000000000000718e+00,4.927250301783221015e-02,-2.990954627952002731e-01
1.060000000000000719e+00,4.925812956666401204e-02,-2.793957103081129989e-01
1.062000000000000721e+00,4.924470252312068003e-02,-2.574950209194967199e-01
1.064000000000000723e+00,4.923211153612790103e-02,-2.338755155352352511e-01
1.066000000000000725e+00,4.922042296545727641e-02,-2.118775451283508027e-01
1.068000000000000727e+00,4.920968744229434894e-02,-1.883694749393211298e-01
1.070000000000000728e+00,4.919977254330837324e-02,-1.640633634267049668e-01
1.072000000000000730e+00,4.919056650824647769e-02,-1.395073369389140672e-01
1.074000000000000732e+00,4.918181112453460374e-02,-1.142247423083134067e-01
1.076000000000000734e+00,4.917318047405443843e-02,-8.795598542143134857e-02
1.078000000000000735e+00,4.916495569137995653e-02,-6.264470520324999514e-02
1.080000000000000737e+00,4.915709345782570683e-02,-3.844174797717248709e-02
1.082000000000000739e+00,4.914955650823962796e-02,-1.544178887407060205e-02
1.084000000000000741e+00,4.914231271074793322e-02,6.303972583417403498e-03
1.086000000000000743e+00,4.913533429410636699e-02,2.677761263526164115e-02
1.088000000000000744e+00,4.912859719842148365e-02,4.598631688569743831e-02
1.090000000000000746e+00,4.912180406259554488e-02,6.536671113048594939e-02
1.092000000000000748e+00,4.911527119189902646e-02,8.312603256304965105e-02
1.094000000000000750e+00,4.910897231675416530e-02,9.942896071905868438e-02
1.096000000000000751e+00,4.910260585539765604e-02,1.157081897583468327e-01
1.098000000000000753e+00,4.909620856635852487e-02,1.315813310129510250e-01
1.100000000000000755e+00,4.908923156639900809e-02,1.523246496568274322e-01
1.102000000000000757e+00,4.908179543577061849e-02,1.768569353907614439e-01
1.104000000000000759e+00,4.907493990949184093e-02,1.979989522785627898e-01
1.106000000000000760e+00,4.906858455059319446e-02,2.163708830153566187e-01
1.108000000000000762e+00,4.906266250734794138e-02,2.324618756443938283e-01
1.110000000000000764e+00,4.905711833829322355e-02,2.466458561861530063e-01
1.112000000000000766e+00,4.905190561218145118e-02,2.592303956350308636e-01
1.114000000000000767e+00,4.904698538871023195e-02,2.704687979190992242e-01
1.116000000000000769e+00,4.904230452949812080e-02,2.781771890460563168e-01
1.118000000000000771e+00,4.903781768673635272e-02,2.829428108732581770e-01
1.120000000000000773e+00,4.903319535204991864e-02,2.854740115051777050e-01
1.122000000000000774e+00,4.902830425246448159e-02,2.861891079229029189e-01
1.124000000000000776e+00,4.902280362244681999e-02,2.849516158117065823e-01
1.126000000000000778e+00,4.901716733250095076e-02,2.821622765219370388e-01
1.128000000000000780e+00,4.901140050612182858e-02,2.782281340428246486e-01
1.130000000000000782e+00,4.900548668461438689e-02,2.736289324141624735e-01
1.132000000000000783e+00,4.899943359626576095e-02,2.685957769535864403e-01
1.134000000000000785e+00,4.899325600027740896e-02,2.633120643906021185e-01
1.136000000000000787e+00,4.898696419418039488e-02,2.580518358589756200e-01
1.138000000000000789e+00,4.898057004624836730e-02,2.528969906943192569e-01
1.140000000000000790e+00,4.897408383720504993e-02,2.479066945773441277e-01
1.142000000000000792e+00,4.896799602297158965e-02,2.435437037926534154e-01
1.144000000000000794e+00,4.896220640978266730e-02,2.390626917720830580e-01
1.146000000000000796e+00,4.895662805284911601e-02,2.346279961762436084e-01
1.148000000000000798e+00,4.895120105561247270e-02,2.301424762264253632e-01
1.150000000000000799e+00,4.894588384317973689e-02,2.259898944509988461e-01
1.152000000000000801e+00,4.894063925650467967e-02,2.220984280762718088e-01
1.154000000000000803e+00,4.893543771392610403e-02,2.184129613239154111e-01
1.156000000000000805e+00,4.893025594880436729e-02,2.148931978358266104e-01
1.158000000000000806e+00,4.892507573270193227e-02,2.115087985920857672e-01
1.160000000000000808e+00,4.891988293523572701e-02,2.082371018716438205e-01
1.162000000000000810e+00,4.891466675436242223e-02,2.050613707754663229e-01
1.164000000000000812e+00,4.890941908318452436e-02,2.019694024542908750e-01
1.166000000000000814e+00,4.890413398962913105e-02,1.989524287773388467e-01
1.168000000000000815e+00,4.889880728939960397e-02,1.960042514258445168e-01
1.170000000000000817e+00,4.889343619596080159e-02,1.931205651630886477e-01
1.172000000000000819e+00,4.888801903410700672e-02,1.902984317904238831e-01
1.174000000000000821e+00,4.888252382522451089e-02,1.877663486375103774e-01
1.176000000000000822e+00,4.887695641776561989e-02,1.854787014017436342e-01
1.178000000000000824e+00,4.887132219753499707e-02,1.833977978226585537e-01
1.180000000000000826e+00,4.886562468537190146e-02,1.753312143182711724e-01
1.182000000000000828e+00,4.885985303736065100e-02,1.618326845684179005e-01
1.184000000000000830e+00,4.885399925046891856e-02,1.433987759895403447e-01
1.186000000000000831e+00,4.884805769664578301e-02,1.204780908708903975e-01
1.188000000000000833e+00,4.884202468270681941e-02,9.347562727960574691e-02
1.190000000000000835e+00,4.883589812932883495e-02,6.275811337737301210e-02
1.192000000000000837e+00,4.882967730396405720e-02,2.865866833017679388e-02
1.194000000000000838e+00,4.882332141427883632e-02,-8.329943824394208524e-03
1.196000000000000840e+00,4.881683859083835175e-02,-4.052380041456538073e-02
1.198000000000000842e+00,4.881022912036030864e-02,-6.832456454388440015e-02
1.200000000000000844e+00,4.880353770957841786e-02,-9.221554384225721934e-02
1.202000000000000846e+00,4.879593985518789617e-02,-1.058799867279761886e-01
1.204000000000000847e+00,4.878757867268084664e-02,-1.107780825680437925e-01
1.206000000000000849e+00,4.877949309637907849e-02,-1.134753431223103765e-01
1.208000000000000851e+00,4.877168215625545672e-02,-1.147535629463488915e-01
1.210000000000000853e+00,4.876409788000418688e-02,-1.147483458203636536e-01
1.212000000000000854e+00,4.875670015359721138e-02,-1.134669614943881882e-01
1.214000000000000856e+00,4.874945584508717789e-02,-1.109214838164250122e-01
1.216000000000000858e+00,4.874233672193203221e-02,-1.071001402335429314e-01
1.218000000000000860e+00,4.873531903297566997e-02,-1.019920787413083896e-01
1.220000000000000862e+00,4.872838322251021870e-02,-9.559579659087434622e-02
1.222000000000000863e+00,4.872151324494806285e-02,-8.791790658737623498e-02
1.224000000000000865e+00,4.871469394578105405e-02,-7.890650851218286577e-02
1.226000000000000867e+00,4.870791204653077827e-02,-6.849492189838926604e-02
1.228000000000000869e+00,4.870115707318926901e-02,-5.664337793499477081e-02
1.230000000000000870e+00,4.869460396140192632e-02,-4.716196716009035672e-02
1.232000000000000872e+00,4.868821937831479402e-02,-3.961596571648449278e-02
1.234000000000000874e+00,4.868197527968292498e-02,-3.363324335304603702e-02
1.236000000000000876e+00,4.867584817029051159e-02,-2.890820908110118548e-02
1.238000000000000878e+00,4.866981294496235122e-02,-2.509342786284046722e-02
1.240000000000000879e+00,4.866385399343971935e-02,-2.201155388351043116e-02
1.242000000000000881e+00,4.865795836306534977e-02,-1.951807365399508762e-02
1.244000000000000883e+00,4.865211532568022856e-02,-1.749504286076429549e-02
1.246000000000000885e+00,4.864631601663725602e-02,-1.584632426500965849e-02
1.248000000000000886e+00,4.864055101022439487e-02,-1.450850505751460733e-02
1.250000000000000888e+00,4.863481151064582425e-02,-1.343670551540894313e-02
1.252000000000000890e+00,4.862909061849386011e-02,-1.259140922351631789e-02
1.254000000000000892e+00,4.862338297098776907e-02,-1.193796349048616146e-02
1.256000000000000894e+00,4.861768444775978887e-02,-1.144609693964334166e-02
1.258000000000000895e+00,4.861198948204031173e-02,-1.102788620756603444e-02
1.260000000000000897e+00,4.860630437405785015e-02,-1.404212970140696591e-02
1.262000000000000899e+00,4.860061857415930164e-02,-2.023376672848575808e-02
1.264000000000000901e+00,4.859493674310737255e-02,-2.531588032446612999e-02
1.266000000000000902e+00,4.858925708308026864e-02,-2.947680440224605472e-02
1.268000000000000904e+00,4.858358087606378523e-02,-3.284803726867638329e-02
1.270000000000000906e+00,4.857790697737983387e-02,-3.556551538328361212e-02
1.272000000000000908e+00,4.857223764667800703e-02,-3.771988266259657802e-02
1.274000000000000909e+00,4.856657198069547904e-02,-3.940952582959904305e-02
1.276000000000000911e+00,4.856090858267830129e-02,-4.068273785820501753e-02
1.278000000000000913e+00,4.855525415111160842e-02,-4.534826000081983860e-02
1.280000000000000915e+00,4.854968171781133546e-02,-4.855811728309969433e-02
1.282000000000000917e+00,4.854419287098494379e-02,-5.056764068444915411e-02
1.284000000000000918e+00,4.853878705398932680e-02,-5.159225217784463996e-02
1.286000000000000920e+00,4.853345838876787360e-02,-5.582707212784163153e-02
1.288000000000000922e+00,4.852837070682116533e-02,-5.819050825334461108e-02
1.290000000000000924e+00,4.852346939394568126e-02,-5.904493229191012937e-02
1.292000000000000925e+00,4.851863739348029336e-02,-5.929801501868074698e-02
1.294000000000000927e+00,4.851384970627811710e-02,-5.904164231107207617e-02
1.296000000000000929e+00,4.850908372865406909e-02,-5.837943280425767628e-02
1.298000000000000931e+00,4.850432399846404952e-02,-5.737985824435201665e-02
1.300000000000000933e+00,4.849956121400987585e-02,-5.615411486545732883e-02
1.302000000000000934e+00,4.849466685073695188e-02,-5.797350035472324109e-02
1.304000000000000936e+00,4.848978275309914071e-02,-5.909069852431844683e-02
1.306000000000000938e+00,4.848489964209869857e-02,-5.961247671187264868e-02
1.308000000000000940e+00,4.848001063607114414e-02,-5.962911337396522432e-02
1.310000000000000941e+00,4.847511079697425229e-02,-5.921706652265791571e-02
1.312000000000000943e+00,4.847007928209740024e-02,-6.164982474906721688e-02
1.314000000000000945e+00,4.846505781987264783e-02,-6.318421166967821967e-02
1.316000000000000947e+00,4.846004268288350847e-02,-6.394049407448500200e-02
1.318000000000000949e+00,4.845519281503192499e-02,-6.324653051330378362e-02
1.320000000000000950e+00,4.845028776824543415e-02,-6.104765170403642083e-02
1.322000000000000952e+00,4.844526393604205866e-02,-6.172346471177676819e-02
1.324000000000000954e+00,4.844027096500862217e-02,-6.115912802057565240e-02
1.326000000000000956e+00,4.843530030724255836e-02,-5.957664744911866928e-02
1.328000000000000957e+00,4.843034526816079183e-02,-5.716331398592729152e-02
1.330000000000000959e+00,4.842529447889269006e-02,-5.757983397635947631e-02
1.332000000000000961e+00,4.842027586450100424e-02,-5.687838516843597009e-02
1.334000000000000963e+00,4.841528175154719005e-02,-5.526157965690482038e-02
1.336000000000000965e+00,4.841030608810144992e-02,-5.289964957406953494e-02
1.338000000000000966e+00,4.840523806271886109e-02,-5.341481834890099423e-02
1.340000000000000968e+00,4.840020578573728943e-02,-5.287375467602578594e-02
1.342000000000000970e+00,4.839520176509225918e-02,-5.146709719213826001e-02
1.344000000000000972e+00,4.839022003112024295e-02,-4.935474748625339608e-02
1.346000000000000973e+00,4.838525584200772944e-02,-4.664520428741569108e-02
1.348000000000000975e+00,4.838032006445783934e-02,-4.471366139276364282e-02
1.350000000000000977e+00,4.837540641458863699e-02,-4.342021086196026086e-02
1.352000000000000979e+00,4.837050994424939993e-02,-4.265799219720407126e-02
1.354000000000000981e+00,4.836562672658203249e-02,-4.233754929121234800e-02
1.356000000000000982e+00,4.836075368327330537e-02,-4.238399582368118645e-02
1.358000000000000984e+00,4.835588843843799389e-02,-4.273464854562576687e-02
1.360000000000000986e+00,4.835102036958186661e-02,-4.212861389603585194e-02
1.362000000000000988e+00,4.834614986512013324e-02,-4.073369085686349977e-02
1.364000000000000989e+00,4.834127741168273151e-02,-3.858246766544275869e-02
1.366000000000000991e+00,4.833641938270471367e-02,-3.715713298545890442e-02
1.368000000000000993e+00,4.833157310124634037e-02,-3.633446544070442069e-02
1.370000000000000995e+00,4.832673647125217825e-02,-3.601147864822729777e-02
1.372000000000000997e+00,4.832190787699173345e-02,-3.610208303861663082e-02
1.374000000000000998e+00,4.831708609817469968e-02,-3.653430849110879397e-02
1.376000000000001000e+00,4.831225912533658462e-02,-3.603654729757537617e-02
1.378000000000001002e+00,4.830742849665823485e-02,-3.470450577593706815e-02
1.380000000000001004e+00,4.830259565197978638e-02,-3.258174861436198555e-02
1.382000000000001005e+00,4.829777958870413307e-02,-3.122284382871635955e-02
1.384000000000001007e+00,4.829297778137942032e-02,-3.049528507709534098e-02
1.386000000000001009e+00,4.828818818371167360e-02,-3.028948790596683316e-02
1.388000000000001011e+00,4.828340917043909275e-02,-3.051395051492897595e-02
1.390000000000001013e+00,4.827863946574934007e-02,-3.109227001781397076e-02
1.392000000000001014e+00,4.827387808277821407e-02,-3.196065964391614500e-02
1.394000000000001016e+00,4.826911206531821208e-02,-3.185387131434009450e-02
1.396000000000001018e+00,4.826434325637170980e-02,-3.088155936830226309e-02
1.398000000000001020e+00,4.825957330488448577e-02,-2.909257412210977320e-02
1.400000000000001021e+00,4.825482239093560610e-02,-2.803876858702726571e-02
1.402000000000001023e+00,4.825007646562060742e-02,-2.687924715509926524e-02
1.404000000000001025e+00,4.824533401031194657e-02,-2.563507349506730787e-02
1.406000000000001027e+00,4.824059390843119660e-02,-2.432418639996463891e-02
1.408000000000001029e+00,4.823585537761149178e-02,-2.296184174618713311e-02
1.410000000000001030e+00,4.823111791162437711e-02,-2.156098987718450474e-02
1.412000000000001032e+00,4.822638130198959178e-02,-2.013384896232596477e-02
1.414000000000001034e+00,4.822164552483448191e-02,-1.869077176041190891e-02
1.416000000000001036e+00,4.821691069866170659e-02,-1.724041590070278518e-02
1.418000000000001037e+00,4.821217705299432610e-02,-1.578997951193253715e-02
1.420000000000001039e+00,4.820744490211860411e-02,-1.434540529267622905e-02
1.422000000000001041e+00,4.820271462318818922e-02,-1.291155736435477264e-02
1.424000000000001043e+00,4.819798663805439920e-02,-1.149237460615826385e-02
1.426000000000001044e+00,4.819326139827447009e-02,-1.009100363379543570e-02
1.428000000000001046e+00,4.818853939362321287e-02,-8.709866383512126706e-03
1.430000000000001048e+00,4.818382114760801083e-02,-7.350753072454403389e-03
1.432000000000001050e+00,4.817910717924215463e-02,-6.014983701706069774e-03
1.434000000000001052e+00,4.817439800303121439e-02,-4.703581096399693864e-03
1.436000000000001053e+00,4.816969421128403095e-02,-3.418575011497867848e-03
1.438000000000001055e+00,4.816499636097997666e-02,-2.161199337910587031e-03
1.440000000000001057e+00,4.816030497008333411e-02,-9.320556648814280103e-04
1.442000000000001059e+00,4.815562051544076960e-02,2.687525687055080108e-04
1.444000000000001060e+00,4.815094343192251325e-02,1.441510193331455242e-03
1.446000000000001062e+00,4.814627411252823258e-02,2.586800461108466724e-03
1.448000000000001064e+00,4.814161260649302276e-02,3.705879517342441486e-03
1.450000000000001066e+00,4.813695887504094995e-02,4.800207041632502045e-03
1.452000000000001068e+00,4.813231288972009275e-02,5.871255171055973776e-03
1.454000000000001069e+00,4.812767462934059576e-02,6.920487731199562176e-03
1.456000000000001071e+00,4.812304407826160924e-02,7.949370030556249245e-03
1.458000000000001073e+00,4.811842123958531142e-02,8.960004555068444912e-03
1.460000000000001075e+00,4.811380611868158047e-02,9.954303776312754815e-03
1.462000000000001076e+00,4.810919872148625848e-02,1.093400403445603936e-02
1.464000000000001078e+00,4.810459905332468283e-02,1.190067899792341885e-02
1.466000000000001080e+00,4.810000711813819385e-02,1.285575255370553956e-02
1.468000000000001082e+00,4.809542291801639780e-02,1.380051103413834981e-02
1.470000000000001084e+00,4.809084645295808730e-02,1.473611472543450047e-02
1.472000000000001085e+00,4.808627772080000667e-02,1.566360863285717539e-02
1.474000000000001087e+00,4.808171671726581275e-02,1.658393249929698138e-02
1.476000000000001089e+00,4.807716343609813592e-02,1.749793008988348789e-02
1.478000000000001091e+00,4.807261786924495878e-02,1.840635776640752938e-02
1.480000000000001092e+00,4.806808000707853135e-02,1.930989238291624596e-02
1.482000000000001094e+00,4.806354981072721161e-02,2.020873403558886769e-02
1.484000000000001096e+00,4.805902685804545882e-02,2.110377466313480624e-02
1.486000000000001098e+00,4.805451078100938384e-02,2.199578298298917808e-02
1.488000000000001100e+00,4.805000126003100558e-02,2.288541496367811276e-02
1.490000000000001101e+00,4.804549758554508415e-02,2.377259522231623887e-02
1.492000000000001103e+00,4.804099891879538842e-02,2.465696145439901649e-02
1.494000000000001105e+00,4.803650452033747520e-02,2.553822832570869228e-02
1.496000000000001107e+00,4.803201374092645748e-02,2.641617804902123348e-02
1.498000000000001108e+00,4.802752601339200372e-02,2.729065164328779713e-02
1.500000000000001110e+00,4.802304084534982087e-02,2.816154092005628343e-02
1.502000000000001112e+00,4.801855781262658052e-02,2.902878120861884445e-02
1.504000000000001114e+00,4.801412520968111053e-02,2.982312945594274914e-02
1.506000000000001116e+00,4.800973839831736839e-02,3.055734322346994811e-02
1.508000000000001117e+00,4.800539297706454822e-02,3.124236768310904855e-02
1.510000000000001119e+00,4.800108478425779007e-02,3.188758803381641638e-02
1.512000000000001121e+00,4.799680989854085422e-02,3.250104587069360673e-02
1.514000000000001123e+00,4.799256463724446697e-02,3.308962480314656118e-02
1.516000000000001124e+00,4.798834555302534943e-02,3.365920982141972634e-02
1.518000000000001126e+00,4.798414942909293851e-02,3.421482423621236696e-02
1.520000000000001128e+00,4.797997327330220246e-02,3.476074744467597816e-02
1.522000000000001130e+00,4.797581431134950031e-02,3.530061629199768292e-02
1.524000000000001132e+00,4.797173771642718881e-02,3.582862308786174954e-02
1.526000000000001133e+00,4.796772671883563210e-02,3.632916945034692785e-02
1.528000000000001135e+00,4.796376732418541206e-02,3.679252011326494820e-02
1.530000000000001137e+00,4.795984785433653891e-02,3.721334845373650696e-02
1.532000000000001139e+00,4.795595856709883309e-02,3.758959258368235051e-02
1.534000000000001140e+00,4.795209134082038110e-02,3.792155983470985037e-02
1.536000000000001142e+00,4.794823963268454725e-02,3.821577094683491216e-02
1.538000000000001144e+00,4.794439673769162330e-02,3.846920215547882521e-02
1.540000000000001146e+00,4.794055737531760508e-02,3.868548380126512337e-02
1.542000000000001148e+00,4.793671711754771136e-02,3.886871055833543420e-02
1.544000000000001149e+00,4.793287225994981304e-02,3.902320133898895538e-02
1.546000000000001151e+00,4.792901971376416215e-02,3.915332096962877845e-02
1.548000000000001153e+00,4.792515691539554062e-02,3.926335043120695451e-02
1.550000000000001155e+00,4.792128175033054382e-02,3.935739507806768067e-02
1.552000000000001156e+00,4.791739248902577436e-02,3.943932236526893204e-02
1.554000000000001158e+00,4.791348773274262812e-02,3.951272232246883648e-02
1.556000000000001160e+00,4.790956562594128609e-02,3.958040660102177949e-02
1.558000000000001162e+00,4.790562434102610401e-02,3.964481499585825741e-02
1.560000000000001164e+00,4.790166231929504637e-02,3.970820274856454168e-02
1.562000000000001165e+00,4.789767823973613975e-02,3.977262588824789780e-02
1.564000000000001167e+00,4.789367099229849961e-02,3.983993541406434524e-02
1.566000000000001169e+00,4.788963965488578223e-02,3.991177801464286523e-02
1.568000000000001171e+00,4.788558347345286959e-02,3.998960151268433905e-02
1.570000000000001172e+00,4.788150184469563975e-02,4.007466361858850329e-02
1.572000000000001174e+00,4.787739430091339510e-02,4.016804289367083974e-02
1.574000000000001176e+00,4.787326049669720501e-02,4.027065107657958748e-02
1.576000000000001178e+00,4.786917344930707863e-02,4.046075869503484163e-02
1.578000000000001180e+00,4.786512841634582571e-02,4.072224053908980040e-02
1.580000000000001181e+00,4.786112073217327345e-02,4.104144736524598797e-02
1.582000000000001183e+00,4.785714582502719611e-02,4.140684901221548114e-02
1.584000000000001185e+00,4.785317881991052458e-02,4.022923121881204211e-02
1.586000000000001187e+00,4.784921565630671086e-02,3.761541461334790004e-02
1.588000000000001188e+00,4.784525256535031995e-02,3.366463498156702094e-02
1.590000000000001190e+00,4.784128604323180378e-02,2.846948858040935365e-02
1.592000000000001192e+00,4.783731206867363611e-02,2.211845440290182568e-02
1.594000000000001194e+00,4.783332774550833055e-02,1.469179094097659670e-02
1.596000000000001195e+00,4.782933036493971363e-02,6.265290089212514728e-03
1.598000000000001197e+00,4.782531739250964892e-02,-3.089300872653774448e-03
1.600000000000001199e+00,4.782128645680262108e-02,-1.330392660284136427e-02
1.602000000000001201e+00,4.781723533957452782e-02,-2.431392732975891022e-02
1.604000000000001203e+00,4.781316196929922407e-02,-3.605761256970860945e-02
1.606000000000001204e+00,4.780905279529740898e-02,-5.073791132945221910e-02
1.608000000000001206e+00,4.780490782391320914e-02,-6.814736672337948220e-02
1.610000000000001208e+00,4.780072693653498322e-02,-8.809332590506079030e-02
1.612000000000001210e+00,4.779650991558683643e-02,-1.103962433024213846e-01
1.614000000000001211e+00,4.779225646730179966e-02,-1.348882411915772461e-01
1.616000000000001213e+00,4.778796624156601142e-02,-1.614118857587842348e-01
1.618000000000001215e+00,4.778363698954839894e-02,-1.898025864943284347e-01
1.620000000000001217e+00,4.777926409225451143e-02,-2.198829980678422558e-01
1.622000000000001219e+00,4.777494209383874313e-02,-2.464073658537260791e-01
1.624000000000001220e+00,4.777065664591439303e-02,-2.694723382140454815e-01
1.626000000000001222e+00,4.776633481032806217e-02,-2.857847331491805143e-01
1.628000000000001224e+00,4.776196775169204434e-02,-2.957344581594895105e-01
1.630000000000001226e+00,4.775754820959769026e-02,-2.996893897248318894e-01
1.632000000000001227e+00,4.775306984252983972e-02,-2.979966363466051149e-01
1.634000000000001229e+00,4.774852792691997028e-02,-2.910000877208991366e-01
1.636000000000001231e+00,4.774390910180080494e-02,-2.847993522749369122e-01
1.638000000000001233e+00,4.773921382861893992e-02,-2.792716404534532626e-01
1.640000000000001235e+00,4.773444285427128064e-02,-2.743146143965460859e-01
1.642000000000001236e+00,4.772959715345127807e-02,-2.698428348362524876e-01
1.644000000000001238e+00,4.772467787984261550e-02,-2.657848393217387972e-01
1.646000000000001240e+00,4.771968632498726354e-02,-2.620807381152932547e-01
1.648000000000001242e+00,4.771462388379874714e-02,-2.586802347556499404e-01
1.650000000000001243e+00,4.770956790881184656e-02,-2.589348949484850948e-01
1.652000000000001245e+00,4.770450493582101964e-02,-2.626958122198150281e-01
1.654000000000001247e+00,4.769942409567411168e-02,-2.698121735473869021e-01
1.656000000000001249e+00,4.769431667112641188e-02,-2.801324576600636718e-01
1.658000000000001251e+00,4.768917572934528587e-02,-2.935054043008176183e-01
1.660000000000001252e+00,4.768399712864167944e-02,-3.097397668625724854e-01
1.662000000000001254e+00,4.767875044540367813e-02,-3.226471736547145142e-01
1.664000000000001256e+00,4.767343588843372948e-02,-3.328165427456274972e-01
1.666000000000001258e+00,4.766805397491914731e-02,-3.407345517078680941e-01
1.668000000000001259e+00,4.766260547486069615e-02,-3.468033648711844608e-01
1.670000000000001261e+00,4.765709136333142609e-02,-3.513552705539232934e-01
1.672000000000001263e+00,4.765151277957542508e-02,-3.546647709106138802e-01
1.674000000000001265e+00,4.764587099208808518e-02,-3.569585709657739359e-01
1.676000000000001267e+00,4.764016736892583842e-02,-3.584238344868181936e-01
1.678000000000001268e+00,4.763444246601147153e-02,-3.594500711102536217e-01
1.680000000000001270e+00,4.762869285895484500e-02,-3.601197408308688397e-01
1.682000000000001272e+00,4.762291576667185972e-02,-3.605004895764438722e-01
1.684000000000001274e+00,4.761710895984442443e-02,-3.606477706936896399e-01
1.686000000000001275e+00,4.761127068186792044e-02,-3.606070053771827655e-01
1.688000000000001277e+00,4.760539958062779547e-02,-3.604153630334162028e-01
1.690000000000001279e+00,4.759949464966137939e-02,-3.601032283094588449e-01
1.692000000000001281e+00,4.759355517391403861e-02,-3.596953845888437029e-01
1.694000000000001283e+00,4.758758067745492981e-02,-3.592119497544464801e-01
1.696000000000001284e+00,4.758157090065086997e-02,-3.586693063589068697e-01
1.698000000000001286e+00,4.757552725128409016e-02,-3.580806962627449685e-01
1.700000000000001288e+00,4.756945507969202042e-02,-3.574566535466678907e-01
1.702000000000001290e+00,4.756335875126412732e-02,-3.568057078983026265e-01
1.704000000000001291e+00,4.755724184100115076e-02,-3.561347494896299204e-01
1.706000000000001293e+00,4.755110728956922495e-02,-3.554493287496004461e-01
1.708000000000001295e+00,4.754495752840288969e-02,-3.547539025357631659e-01
1.710000000000001297e+00,4.753879457994351215e-02,-3.540520361802426685e-01
1.712000000000001299e+00,4.753262013791453161e-02,-3.533465692165007055e-01
1.714000000000001300e+00,4.752654224555888374e-02,-3.489889753972174602e-01
1.716000000000001302e+00,4.752053763593926117e-02,-3.411048847523778793e-01
1.718000000000001304e+00,4.751458715144415978e-02,-3.298282844693564142e-01
1.720000000000001306e+00,4.750867508282172191e-02,-3.152992010459670369e-01
1.722000000000001307e+00,4.750279046932321531e-02,-2.977131021564649593e-01
1.724000000000001309e+00,4.749692420355074163e-02,-2.772610600604602515e-01
1.726000000000001311e+00,4.749101362069788057e-02,-2.597164166058142931e-01
1.728000000000001313e+00,4.748506443904028373e-02,-2.448829457750330008e-01
1.730000000000001315e+00,4.747908183257901898e-02,-2.325844124501239285e-01
1.732000000000001316e+00,4.747307052108464681e-02,-2.224448964563047193e-01
1.734000000000001318e+00,4.746703472684295905e-02,-2.140913680557035570e-01
1.736000000000001320e+00,4.746097820077371104e-02,-2.072148902975851359e-01
1.738000000000001322e+00,4.745488309958015988e-02,-2.020391377405398592e-01
1.740000000000001323e+00,4.744875638947916585e-02,-1.982593985961607908e-01
1.742000000000001325e+00,4.744260402768003121e-02,-1.956212399751285080e-01
1.744000000000001327e+00,4.743643112145927432e-02,-1.939123316808591679e-01
1.746000000000001329e+00,4.743024206086943195e-02,-1.929556118118806729e-01
1.748000000000001330e+00,4.742404062952766675e-02,-1.926035703525503517e-01
1.750000000000001332e+00,4.741783009717920327e-02,-1.927334648932477745e-01
1.752000000000001334e+00,4.741161329710566474e-02,-1.932433140492763046e-01
1.754000000000001336e+00,4.740546487620643512e-02,-1.938466163702517731e-01
1.756000000000001338e+00,4.739939312324786130e-02,-1.908152532967699044e-01
1.758000000000001339e+00,4.739338288746998418e-02,-1.843546452955524828e-01
1.760000000000001341e+00,4.738742209029343788e-02,-1.746725845116268994e-01
1.762000000000001343e+00,4.738149070608183022e-02,-1.664331077595396224e-01
1.764000000000001345e+00,4.737558362882509505e-02,-1.595069394422071740e-01
1.766000000000001346e+00,4.736969789859625524e-02,-1.536842889679219670e-01
1.768000000000001348e+00,4.736383026374141325e-02,-1.487674897662930873e-01
1.770000000000001350e+00,4.735797810419858922e-02,-1.445869785252259232e-01
1.772000000000001352e+00,4.735213930214523387e-02,-1.410045610195828636e-01
1.774000000000001354e+00,4.734631216081072042e-02,-1.379076661593837960e-01
1.776000000000001355e+00,4.734056561053597706e-02,-1.372396735267012724e-01
1.778000000000001357e+00,4.733488362205606759e-02,-1.388596550817017550e-01
1.780000000000001359e+00,4.732925278195774382e-02,-1.426368524158566076e-01
1.782000000000001361e+00,4.732366182631096013e-02,-1.484570354391668845e-01
1.784000000000001362e+00,4.731805398362688014e-02,-1.530769311869032701e-01
1.786000000000001364e+00,4.731246332703467616e-02,-1.568577850484895453e-01
1.788000000000001366e+00,4.730688691589373523e-02,-1.599403942968380954e-01
1.790000000000001368e+00,4.730132283899992490e-02,-1.624235243961890396e-01
1.792000000000001370e+00,4.729576852295738765e-02,-1.644257425799845185e-01
1.794000000000001371e+00,4.729022240856367576e-02,-1.660263666051060849e-01
1.796000000000001373e+00,4.728468326424156709e-02,-1.672908142584768332e-01
1.798000000000001375e+00,4.727915012886520219e-02,-1.682731424021232658e-01
1.800000000000001377e+00,4.727362225637608828e-02,-1.690183999134876047e-01
1.802000000000001378e+00,4.726809908024331985e-02,-1.695641614581402945e-01
1.804000000000001380e+00,4.726258018298429286e-02,-1.699417968471763907e-01
1.806000000000001382e+00,4.725706527009231744e-02,-1.701775219648870019e-01
1.808000000000001384e+00,4.725155414779325797e-02,-1.702932691935420406e-01
1.810000000000001386e+00,4.724604670412173996e-02,-1.703074086263625664e-01
1.812000000000001387e+00,4.724054289286922642e-02,-1.702353458937642949e-01
1.814000000000001389e+00,4.723504272001130544e-02,-1.700900179237572751e-01
1.816000000000001391e+00,4.722954623227089421e-02,-1.698823042445631315e-01
1.818000000000001393e+00,4.722405350751767567e-02,-1.696213683758275304e-01
1.820000000000001394e+00,4.721856464674295539e-02,-1.693149413293537076e-01
1.822000000000001396e+00,4.721307976738323142e-02,-1.689695571563749332e-01
1.824000000000001398e+00,4.720759899779590485e-02,-1.685907487583247211e-01
1.826000000000001400e+00,4.720212247271701744e-02,-1.681832107578423441e-01
1.828000000000001402e+00,4.719665032955402961e-02,-1.677509350537738086e-01
1.830000000000001403e+00,4.719116808382649297e-02,-1.674221060845152431e-01
1.832000000000001405e+00,4.718567885148330227e-02,-1.671753849242018086e-01
1.834000000000001407e+00,4.718018518272350942e-02,-1.669924100507695908e-01
1.836000000000001409e+00,4.717468915995528395e-02,-1.668573210122553385e-01
1.838000000000001410e+00,4.716919265189627869e-02,-1.667567634340770544e-01
1.840000000000001412e+00,4.716369692182990209e-02,-1.666822124069499977e-01
1.842000000000001414e+00,4.715820315486907860e-02,-1.666260080621339290e-01
1.844000000000001416e+00,4.715271231591477291e-02,-1.665818130263166108e-01
1.846000000000001418e+00,4.714722518741656931e-02,-1.665444133396202508e-01
1.848000000000001419e+00,4.714174240057866089e-02,-1.665095481066504735e-01
1.850000000000001421e+00,4.713626446116812863e-02,-1.664737637483715282e-01
1.852000000000001423e+00,4.713079177087499405e-02,-1.664342893257841627e-01
1.854000000000001425e+00,4.712532464500391455e-02,-1.663889299194501181e-01
1.856000000000001426e+00,4.711986332713861275e-02,-1.663359754856882367e-01
1.858000000000001428e+00,4.711440800130622247e-02,-1.662741229823732625e-01
1.860000000000001430e+00,4.710895880207549569e-02,-1.662024098745166212e-01
1.862000000000001432e+00,4.710351582294631384e-02,-1.661201574005609638e-01
1.864000000000001434e+00,4.709807912332505953e-02,-1.660269222114604537e-01
1.866000000000001435e+00,4.709264873432880694e-02,-1.659224551921958668e-01
1.868000000000001437e+00,4.708722466361882353e-02,-1.658066664443040295e-01
1.870000000000001439e+00,4.708180576707612919e-02,-1.650779357060930264e-01
1.872000000000001441e+00,4.707639338222790321e-02,-1.644526526793886612e-01
1.874000000000001442e+00,4.707098743033549804e-02,-1.639145032742001795e-01
1.876000000000001444e+00,4.706558782722251172e-02,-1.634493751624107871e-01
1.878000000000001446e+00,4.706019448450696196e-02,-1.630450846715158497e-01
1.880000000000001448e+00,4.705478857281567007e-02,-1.625359915630377738e-01
1.882000000000001450e+00,4.704937369879675507e-02,-1.619424599527154174e-01
1.884000000000001451e+00,4.704395279504220567e-02,-1.612817641207135999e-01
1.886000000000001453e+00,4.703852824074646749e-02,-1.605685270206799187e-01
1.888000000000001455e+00,4.703310196077873512e-02,-1.598150972612423781e-01
1.890000000000001457e+00,4.702767550706560967e-02,-1.590318732993829809e-01
1.892000000000001458e+00,4.702225012546932398e-02,-1.582275823163841189e-01
1.894000000000001460e+00,4.701682681076654879e-02,-1.574095201670129562e-01
1.896000000000001462e+00,4.701140635185988015e-02,-1.565837578724816881e-01
1.898000000000001464e+00,4.700598936896768082e-02,-1.557553193433588168e-01
1.900000000000001465e+00,4.700057634422269426e-02,-1.549283343494213538e-01
1.902000000000001467e+00,4.699516764685211095e-02,-1.541061701821605512e-01
1.904000000000001469e+00,4.698976355390093590e-02,-1.532915449676197361e-01
1.906000000000001471e+00,4.698436426728822696e-02,-1.524866251699695807e-01
1.908000000000001473e+00,4.697896992784455356e-02,-1.516931094692841597e-01
1.910000000000001474e+00,4.697358062686343011e-02,-1.509123008913387798e-01
1.912000000000001476e+00,4.696819641560472103e-02,-1.501451688054268319e-01
1.914000000000001478e+00,4.696281731311028468e-02,-1.493924021816954162e-01
1.916000000000001480e+00,4.695745124409146654e-02,-1.456758200699329042e-01
1.918000000000001481e+00,4.695209447801228231e-02,-1.391899693143723304e-01
1.920000000000001483e+00,4.694674389143160820e-02,-1.301141791576650719e-01
1.922000000000001485e+00,4.694139683836482529e-02,-1.186143652858392267e-01
1.924000000000001487e+00,4.693605114743647222e-02,-1.048447771586581007e-01
1.926000000000001489e+00,4.693077710776302064e-02,-9.342963719620446528e-02
1.928000000000001490e+00,4.692556325558486230e-02,-8.397962360771341062e-02
1.930000000000001492e+00,4.692039911759130627e-02,-7.615195422495876776e-02
1.932000000000001494e+00,4.691527614759245790e-02,-6.967228325973628955e-02
1.934000000000001496e+00,4.691018708598303222e-02,-6.431256310943328502e-02
1.936000000000001497e+00,4.690512577137238154e-02,-5.988307968335658538e-02
1.938000000000001499e+00,4.690008698180433977e-02,-5.622575436456694886e-02
1.940000000000001501e+00,4.689506636374612958e-02,-5.320542629271955704e-02
1.942000000000001503e+00,4.689006023492635344e-02,-5.070984810119152225e-02
1.944000000000001505e+00,4.688506548278612018e-02,-4.864578656014644648e-02
1.946000000000001506e+00,4.688007947804924413e-02,-4.693579695319085449e-02
1.948000000000001508e+00,4.687510000120802961e-02,-4.551555288792515780e-02
1.950000000000001510e+00,4.687012518003577655e-02,-4.433163429495572821e-02
1.952000000000001512e+00,4.686515343650757282e-02,-4.333969363726949964e-02
1.954000000000001513e+00,4.686014814143297375e-02,-4.480406799440631721e-02
1.956000000000001515e+00,4.685511355066671740e-02,-4.864819514682295482e-02
1.958000000000001517e+00,4.685005361216555003e-02,-5.479410659740470424e-02
1.960000000000001519e+00,4.684497142302088135e-02,-6.315821464531019835e-02
1.962000000000001521e+00,4.683986942305056606e-02,-7.365318103440342268e-02
1.964000000000001522e+00,4.683474954632368265e-02,-8.618938468864059677e-02
1.966000000000001524e+00,4.682961334824923411e-02,-1.006763606514570059e-01
1.968000000000001526e+00,4.682446209678113591e-02,-1.170237176565367687e-01
1.970000000000001528e+00,4.681929827547605394e-02,-1.347474395164685590e-01
1.972000000000001529e+00,4.681412248239263940e-02,-1.538373271765275385e-01
1.974000000000001531e+00,4.680892408141183042e-02,-1.701057230022708366e-01
1.976000000000001533e+00,4.680371023271798214e-02,-1.836927352702046601e-01
1.978000000000001535e+00,4.679848553508316605e-02,-1.951438384006228821e-01
1.980000000000001537e+00,4.679325089027748519e-02,-2.031060924458188977e-01
1.982000000000001538e+00,4.678800740931125107e-02,-2.077408620408495998e-01
1.984000000000001540e+00,4.678275574190596253e-02,-2.092066052367073659e-01
1.986000000000001542e+00,4.677750708092387466e-02,-2.105111936862592015e-01
1.988000000000001544e+00,4.677226265436634084e-02,-2.116818803399182769e-01
1.990000000000001545e+00,4.676688379910776822e-02,-2.110857641075988000e-01
1.992000000000001547e+00,4.676139482326104047e-02,-2.088937792429695628e-01
1.994000000000001549e+00,4.675581592738509845e-02,-2.052582572848409281e-01
1.996000000000001551e+00,4.675016388478608897e-02,-2.003152197741079610e-01
1.998000000000001553e+00,4.674445261018565084e-02,-1.941863858872862059e-01
2.000000000000001332e+00,4.673869363925597237e-02,-1.869810174505066591e-01
2.002000000000001112e+00,4.673289655241491536e-02,-1.787980067427526465e-01
2.004000000000000892e+00,4.672706926490328982e-02,-1.697263582413630068e-01
2.006000000000000671e+00,4.672121830524076508e-02,-1.598464020526807472e-01
2.008000000000000451e+00,4.671534904785273890e-02,-1.492308500333037469e-01
2.010000000000000231e+00,4.670946590735772230e-02,-1.379457146041647431e-01
2.012000000000000011e+00,4.670343296753210610e-02,-1.288980071067994670e-01
2.013999999999999790e+00,4.669727869607930015e-02,-1.216851811475533618e-01
2.015999999999999570e+00,4.669102679176106302e-02,-1.159744980909723500e-01
2.017999999999999350e+00,4.668469694407555159e-02,-1.114910192751099594e-01
2.019999999999999130e+00,4.667830547561005461e-02,-1.080076683656899100e-01
2.021999999999998909e+00,4.667186588469269398e-02,-1.053370051417765602e-01
2.023999999999998689e+00,4.666538930341355973e-02,-1.033244143719480174e-01
2.025999999999998469e+00,4.665888488387973099e-02,-1.018424649900226686e-01
2.027999999999998249e+00,4.665236012366894697e-02,-1.007862373622869928e-01
2.029999999999998028e+00,4.664582113981511485e-02,-1.000694515987521627e-01
2.031999999999997808e+00,4.663927289926111941e-02,-9.962125888544168251e-02
2.033999999999997588e+00,4.663271941251893177e-02,-9.938358177084789802e-02
2.035999999999997367e+00,4.662613644738812513e-02,-9.906725393373583266e-02
2.037999999999997147e+00,4.661935022445063553e-02,-1.052547167837349085e-01
2.039999999999996927e+00,4.661251445679876620e-02,-1.161927198606754058e-01
2.041999999999996707e+00,4.660563766672812247e-02,-1.311857904117757212e-01
2.043999999999996486e+00,4.659872756410423505e-02,-1.496397236459288682e-01
2.045999999999996266e+00,4.659197214307991136e-02,-1.700808754698187597e-01
2.047999999999996046e+00,4.658536916248188359e-02,-1.918693669323711937e-01
2.049999999999995826e+00,4.657889004596349469e-02,-2.148394889821903520e-01
2.051999999999995605e+00,4.657256960447827415e-02,-2.357578648885456929e-01
2.053999999999995385e+00,4.656630144147722722e-02,-2.500446091801215576e-01
2.055999999999995165e+00,4.656005743593626817e-02,-2.582916286403549311e-01
2.057999999999994944e+00,4.655381261708134433e-02,-2.610381294683394859e-01
2.059999999999994724e+00,4.654752297791718563e-02,-2.589173773961203628e-01
2.061999999999994504e+00,4.654029407101871463e-02,-2.449729138363205272e-01
2.063999999999994284e+00,4.653337130832917168e-02,-2.334049665481120195e-01
2.065999999999994063e+00,4.652669954189096735e-02,-2.240913425561760763e-01
2.067999999999993843e+00,4.652019275966198103e-02,-2.169497329422740151e-01
2.069999999999993623e+00,4.651382087024395762e-02,-2.116768743882948278e-01
2.071999999999993403e+00,4.650755872478368885e-02,-2.079790435202303611e-01
2.073999999999993182e+00,4.650138533708004368e-02,-2.056058877052023004e-01
2.075999999999992962e+00,4.649528322996836910e-02,-2.043438463950102146e-01
2.077999999999992742e+00,4.648923788262768891e-02,-2.040106264830548466e-01
2.079999999999992522e+00,4.648323726322137889e-02,-2.044505541240662638e-01
2.081999999999992301e+00,4.647248606497011991e-02,-1.712556455690257828e-01
2.083999999999992081e+00,4.646273011095251176e-02,-1.450785421424175825e-01
2.085999999999991861e+00,4.645379676748750963e-02,-1.251225097292271715e-01
2.087999999999991640e+00,4.644549990822623153e-02,-1.127512008997625242e-01
2.089999999999991420e+00,4.643772514076219271e-02,-1.068905147782436005e-01
2.091999999999991200e+00,4.643035548828131076e-02,-1.070104115935099909e-01
2.093999999999990980e+00,4.642331571358302572e-02,-1.122591932376204166e-01
2.095999999999990759e+00,4.641654358887596643e-02,-1.219050926524331835e-01
2.097999999999990539e+00,4.640998765361391970e-02,-1.353253932762977785e-01
2.099999999999990319e+00,4.640360561927252270e-02,-1.519866104957379449e-01
2.101999999999990099e+00,4.639738443589000449e-02,-1.709826582622349100e-01
2.103999999999989878e+00,4.639129136180960428e-02,-1.919173130698469676e-01
2.105999999999989658e+00,4.638529924488431905e-02,-2.143650564673904579e-01
2.107999999999989438e+00,4.637935450242011010e-02,-2.305299841578578035e-01
2.109999999999989218e+00,4.637342865193706809e-02,-2.409119737551502494e-01
2.111999999999988997e+00,4.636749888682002024e-02,-2.459565053019005521e-01
2.113999999999988777e+00,4.636154715150084260e-02,-2.460626129530885386e-01
2.115999999999988557e+00,4.635553796229970047e-02,-2.417278906336288724e-01
2.117999999999988336e+00,4.634966873518078095e-02,-2.387800922817562566e-01
2.119999999999988116e+00,4.634389784750170271e-02,-2.371109428959630727e-01
2.121999999999987896e+00,4.633820350133925625e-02,-2.365865987472672849e-01
2.123999999999987676e+00,4.633256774465676492e-02,-2.369821705124539324e-01
2.125999999999987455e+00,4.632697580992573005e-02,-2.381132720580588502e-01
2.127999999999987235e+00,4.632141559848687584e-02,-2.398287377212027505e-01
2.129999999999987015e+00,4.631113523412039301e-02,-2.079392190962616460e-01
2.131999999999986795e+00,4.630180054045646143e-02,-1.823909896263935793e-01
2.133999999999986574e+00,4.629326946982251223e-02,-1.628205965707674729e-01
2.135999999999986354e+00,4.628545518557911076e-02,-1.526639572340301454e-01
2.137999999999986134e+00,4.627822554339320466e-02,-1.505723153839066131e-01
2.139999999999985913e+00,4.627147168703378555e-02,-1.553654584129077199e-01
2.141999999999985693e+00,4.626510302052594392e-02,-1.660026367596698083e-01
2.143999999999985473e+00,4.625904456015864780e-02,-1.815609695169338733e-01
2.145999999999985253e+00,4.625323437317576530e-02,-2.012239616196932479e-01
2.147999999999985032e+00,4.624753292736005078e-02,-2.227664378252949551e-01
2.149999999999984812e+00,4.624191476393440386e-02,-2.458245823074320657e-01
2.151999999999984592e+00,4.623632741393604584e-02,-2.625885930453338846e-01
2.153999999999984372e+00,4.623074409206007901e-02,-2.735479354800456342e-01
2.155999999999984151e+00,4.622514346371562471e-02,-2.791404133532784382e-01
2.157999999999983931e+00,4.621967707029495109e-02,-2.833796712968670861e-01
2.159999999999983711e+00,4.621430507787736147e-02,-2.863230552888291203e-01
2.161999999999983491e+00,4.620897325975689696e-02,-2.880113358304275395e-01
2.163999999999983270e+00,4.620382075832894092e-02,-2.916956730294258393e-01
2.165999999999983050e+00,4.619880897547046228e-02,-2.970048514176712451e-01
2.167999999999982830e+00,4.619390612511972694e-02,-3.036251133928611345e-01
2.169999999999982609e+00,4.618908610308394835e-02,-3.112914466788413437e-01
2.171999999999982389e+00,4.618432754093360765e-02,-3.197802346064374523e-01
2.173999999999982169e+00,4.617961301397835450e-02,-3.289030465925582569e-01
2.175999999999981949e+00,4.617492820421013888e-02,-3.385472608302351749e-01
2.177999999999981728e+00,4.616587872121067498e-02,-3.203012035283961945e-01
2.179999999999981508e+00,4.615770136276468177e-02,-3.083031250991475902e-01
2.181999999999981288e+00,4.615024243383694658e-02,-3.015619059572333116e-01
2.183999999999981068e+00,4.614337341766210770e-02,-2.992281048242826924e-01
2.185999999999980847e+00,4.613699325148374469e-02,-3.006491682126116172e-01
2.187999999999980627e+00,4.613094421291401293e-02,-3.078976143097091889e-01
2.189999999999980407e+00,4.612534769749376123e-02,-3.184621331100588870e-01
2.191999999999980187e+00,4.612010812831014023e-02,-3.318056486332257582e-01
2.193999999999979966e+00,4.611514172125758676e-02,-3.474426408981403092e-01
2.195999999999979746e+00,4.611038113155074142e-02,-3.649683530701567924e-01
2.197999999999979526e+00,4.610585908464134852e-02,-3.815450788334894816e-01
2.199999999999979305e+00,4.610152280445469625e-02,-3.972300922151396629e-01
2.201999999999979085e+00,4.609733137183925911e-02,-4.121044583096347136e-01
2.203999999999978865e+00,4.609325100577812279e-02,-4.262349551591712027e-01
2.205999999999978645e+00,4.608925390985090659e-02,-4.396770576138180897e-01
2.207999999999978424e+00,4.608531729919876363e-02,-4.524773287624040408e-01
2.209999999999978204e+00,4.608142258010084619e-02,-4.646753298765251006e-01
2.211999999999977984e+00,4.607755465858183463e-02,-4.763051397883870663e-01
2.213999999999977764e+00,4.607370135810513051e-02,-4.873965581316233586e-01
2.215999999999977543e+00,4.606985292947473470e-02,-4.979760533044318982e-01
2.217999999999977323e+00,4.606600163866229891e-02,-5.080675048586280607e-01
2.219999999999977103e+00,4.606214142046912569e-02,-5.176927808547211463e-01
2.221999999999976882e+00,4.605826758778912983e-02,-5.268721832016635132e-01
2.223999999999976662e+00,4.605437658781056515e-02,-5.356247878308630916e-01
2.225999999999976442e+00,4.605046579782530458e-02,-5.439687014980926216e-01
2.227999999999976222e+00,4.604201420399797046e-02,-5.242442186038892560e-01
2.229999999999976001e+00,4.603443158950002584e-02,-5.089332685319044591e-01
2.231999999999975781e+00,4.602756863359514644e-02,-4.976156634377380539e-01
2.233999999999975561e+00,4.602129770083174254e-02,-4.898681132305789387e-01
2.235999999999975341e+00,4.601551202495828691e-02,-4.852894750976229354e-01
2.237999999999975120e+00,4.601007773057629729e-02,-4.857667821830909949e-01
2.239999999999974900e+00,4.600492773480226172e-02,-4.905081947097439388e-01
2.241999999999974680e+00,4.600000019701589588e-02,-4.988039347322225092e-01
2.243999999999974460e+00,4.599524051301449173e-02,-5.100303214656856099e-01
2.245999999999974239e+00,4.599060509297368121e-02,-5.236657738532338735e-01
2.247999999999974019e+00,4.598613648544334909e-02,-5.372038459197873150e-01
2.249999999999973799e+00,4.598179961611653654e-02,-5.505742214299909065e-01
2.251999999999973578e+00,4.597756498821566062e-02,-5.634279832443401803e-01
2.253999999999973358e+00,4.597340841832083663e-02,-5.757658911877882035e-01
2.255999999999973138e+00,4.596931003395524767e-02,-5.875898249566174902e-01
2.257999999999972918e+00,4.596525356136887952e-02,-5.989031713899587439e-01
2.259999999999972697e+00,4.596122571814170721e-02,-6.097113051346005896e-01
2.261999999999972477e+00,4.595721572056703924e-02,-6.200214269663947286e-01
2.263999999999972257e+00,4.595321486871636191e-02,-6.298423824986413289e-01
2.265999999999972037e+00,4.594921619616904734e-02,-6.391841393278655525e-01
2.267999999999971816e+00,4.594521425316364788e-02,-6.480562043392346094e-01
2.269999999999971596e+00,4.594120476901275563e-02,-6.564691305918961550e-01
2.271999999999971376e+00,4.593718444737186768e-02,-6.644347096275380338e-01
2.273999999999971156e+00,4.593315079387207817e-02,-6.719657521305637538e-01
2.275999999999970935e+00,4.592910197171055919e-02,-6.790758876415663448e-01
2.277999999999970715e+00,4.592503668082742463e-02,-6.857793829794319729e-01
2.279999999999970495e+00,4.592095405697088628e-02,-6.920909787376761102e-01
2.281999999999970274e+00,4.591685358752260054e-02,-6.980257430211044278e-01
2.283999999999970054e+00,4.591273504143753709e-02,-7.035989414587445756e-01
2.285999999999969834e+00,4.590408169209384687e-02,-6.814361590629179899e-01
2.287999999999969614e+00,4.589630895740127309e-02,-6.635504477255987910e-01
2.289999999999969393e+00,4.588926267119427388e-02,-6.495428841706817336e-01
2.291999999999969173e+00,4.588281397981141402e-02,-6.390255417274581795e-01
2.293999999999968953e+00,4.587685526030545191e-02,-6.316264380280727231e-01
2.295999999999968733e+00,4.587129670495946471e-02,-6.269930035788242595e-01
2.297999999999968512e+00,4.586571747125797044e-02,-6.285528608617486634e-01
2.299999999999968292e+00,4.586008069653974700e-02,-6.352658288684752685e-01
2.301999999999968072e+00,4.585471626166436748e-02,-6.438668075208400232e-01
2.303999999999967851e+00,4.584963809313126470e-02,-6.525660040772993664e-01
2.305999999999967631e+00,4.584479135989896759e-02,-6.613476154353984393e-01
2.307999999999967411e+00,4.584013043517853880e-02,-6.701963877717346252e-01
2.309999999999967191e+00,4.583561742803544253e-02,-6.790969024012606381e-01
2.311999999999966970e+00,4.583122113239779943e-02,-6.879648983417626651e-01
2.313999999999966750e+00,4.582691575438322534e-02,-6.967304977998881599e-01
2.315999999999966530e+00,4.582268002128693507e-02,-7.053374874566866737e-01
2.317999999999966310e+00,4.581849644296003693e-02,-7.137411877663195625e-01
2.319999999999966089e+00,4.581435069081010725e-02,-7.219066460220876502e-01
2.321999999999965869e+00,4.581023107577197190e-02,-7.298071028025333584e-01
2.323999999999965649e+00,4.580612810958498843e-02,-7.374226894191071580e-01
2.325999999999965429e+00,4.580203413621113107e-02,-7.447393207262387183e-01
2.327999999999965208e+00,4.579794302231925129e-02,-7.517477533184849792e-01
2.329999999999964988e+00,4.579384989751388718e-02,-7.584427838944259870e-01
2.331999999999964768e+00,4.578967749476198223e-02,-7.657288290354218319e-01
2.333999999999964547e+00,4.578543573745155054e-02,-7.734983369531439612e-01
2.335999999999964327e+00,4.578113323616991165e-02,-7.816482359716823147e-01
2.337999999999964107e+00,4.577677748886887360e-02,-7.900658879163131587e-01
2.339999999999963887e+00,4.577237503094650634e-02,-7.986547043435707760e-01
2.341999999999963666e+00,4.576793156590128198e-02,-8.073321698802943258e-01
2.343999999999963446e+00,4.576351150347928581e-02,-8.107189771119505117e-01
2.345999999999963226e+00,4.575910687747453826e-02,-8.095949700158411311e-01
2.347999999999963006e+00,4.575466199589208610e-02,-8.097807232643193798e-01
2.349999999999962785e+00,4.575018078293788260e-02,-8.110920571843884819e-01
2.351999999999962565e+00,4.574566684032710384e-02,-8.133702068419879083e-01
2.353999999999962345e+00,4.574117383095725742e-02,-8.112945964540683175e-01
2.355999999999962125e+00,4.573664879418172513e-02,-8.105793582781977147e-01
2.357999999999961904e+00,4.573209469796469390e-02,-8.110414639372804935e-01
2.359999999999961684e+00,4.572751431756254953e-02,-8.125226118917768803e-01
2.361999999999961464e+00,4.572291023176828367e-02,-8.148856167833490316e-01
2.363999999999961243e+00,4.571828482367739505e-02,-8.180113563200922533e-01
2.365999999999961023e+00,4.571369141424475729e-02,-8.165924220685386592e-01
2.367999999999960803e+00,4.570907508396348379e-02,-8.163939393079305828e-01
2.369999999999960583e+00,4.570443793181457048e-02,-8.172564473612041747e-01
2.371999999999960362e+00,4.569978194546894107e-02,-8.190415308996598087e-01
2.373999999999960142e+00,4.569515531254628171e-02,-8.164866294812120895e-01
2.375999999999959922e+00,4.569050807465219882e-02,-8.152755168827866550e-01
2.377999999999959702e+00,4.568584206511522999e-02,-8.152363683355802193e-01
2.379999999999959481e+00,4.568107342182077535e-02,-8.105952797432947055e-01
2.381999999999959261e+00,4.567621685472438020e-02,-8.016908126881667762e-01
2.383999999999959041e+00,4.567128481980238519e-02,-7.888335830780527358e-01
2.385999999999958820e+00,4.566628786608527973e-02,-7.723099384663009159e-01
2.387999999999958600e+00,4.566122414769958199e-02,-7.524538749324093390e-01
2.389999999999958380e+00,4.565609185144431370e-02,-7.295731913683350944e-01
2.391999999999958160e+00,4.565089036028385089e-02,-7.039444359492778025e-01
2.393999999999957939e+00,4.564562001857614543e-02,-6.758172194581942849e-01
2.395999999999957719e+00,4.564028193949925399e-02,-6.454178468050382200e-01
2.397999999999957499e+00,4.563505316626156882e-02,-6.193793881820105485e-01
2.399999999999957279e+00,4.562991691601300803e-02,-5.973702363481488975e-01
2.401999999999957058e+00,4.562485877372224330e-02,-5.790855784119273153e-01
2.403999999999956838e+00,4.561986644624801274e-02,-5.642465627758386226e-01
2.405999999999956618e+00,4.561492929283535169e-02,-5.525928437677006810e-01
2.407999999999956398e+00,4.561008398580343459e-02,-5.392371849342892931e-01
2.409999999999956177e+00,4.560530557196638968e-02,-5.244490058334085880e-01
2.411999999999955957e+00,4.560054832320453028e-02,-5.133150450783455776e-01
2.413999999999955737e+00,4.559580753215705662e-02,-5.055039209088140195e-01
2.415999999999955516e+00,4.559107911661953311e-02,-5.006249854389387410e-01
2.417999999999955296e+00,4.558635948489243167e-02,-4.982252453430391359e-01
2.419999999999955076e+00,4.558164578252784510e-02,-4.979171260335881199e-01
2.421999999999954856e+00,4.557693581727466359e-02,-4.993664080233774505e-01
2.423999999999954635e+00,4.557222793468135302e-02,-5.022846430216492131e-01
2.425999999999954415e+00,4.556757073992866169e-02,-5.017358455851016474e-01
2.427999999999954195e+00,4.556295260602257619e-02,-4.982214421916214553e-01
2.429999999999953975e+00,4.555832470816791047e-02,-4.968667238753991522e-01
2.431999999999953754e+00,4.555368693336126623e-02,-4.973655643134041182e-01
2.433999999999953534e+00,4.554903944616199574e-02,-4.994474832069622505e-01
2.435999999999953314e+00,4.554438261616240019e-02,-5.028735460082549569e-01
2.437999999999953094e+00,4.553971695957687027e-02,-5.074327783592635921e-01
2.439999999999952873e+00,4.553504309248354587e-02,-5.129390223124142834e-01
2.441999999999952653e+00,4.553036169366598412e-02,-5.192281728269034780e-01
2.443999999999952433e+00,4.552572243066518864e-02,-5.217659761861879186e-01
2.445999999999952212e+00,4.552107192110209366e-02,-5.254764089909047531e-01
2.447999999999951992e+00,4.551641107788460122e-02,-5.301800076853900867e-01
2.449999999999951772e+00,4.551174084014635024e-02,-5.357168071934144127e-01
2.451999999999951552e+00,4.550710462434642140e-02,-5.376006971357319975e-01
2.453999999999951331e+00,4.550245393224520291e-02,-5.407033699895146261e-01
2.455999999999951111e+00,4.549778855779783304e-02,-5.448459752398869815e-01
2.457999999999950891e+00,4.549310835892447086e-02,-5.498681644586085326e-01
2.459999999999950671e+00,4.548841323428406275e-02,-5.556264975800033756e-01
2.461999999999950450e+00,4.548374654546634421e-02,-5.576736524194285671e-01
2.463999999999950230e+00,4.547906007545304136e-02,-5.608650977093458945e-01
2.465999999999950010e+00,4.547435393436456696e-02,-5.650333936269832380e-01
2.467999999999949789e+00,4.546962826979675937e-02,-5.700280692964801998e-01
2.469999999999949569e+00,4.546488324789853958e-02,-5.757142432933842757e-01
2.471999999999949349e+00,4.546016235121892041e-02,-5.776606204017588064e-01
2.473999999999949129e+00,4.545541774073189045e-02,-5.807190006694399331e-01
2.475999999999948908e+00,4.545064974557923992e-02,-5.847277716935911362e-01
2.477999999999948688e+00,4.544585872063673648e-02,-5.895415095880323086e-01
2.479999999999948468e+00,4.544079130371043301e-02,-5.927395521999387906e-01
2.481999999999948248e+00,4.543546222067993551e-02,-5.944871726468080597e-01
2.483999999999948027e+00,4.543019460814852473e-02,-5.972048785478063504e-01
2.485999999999947807e+00,4.542476959054570634e-02,-5.943990119327259292e-01
2.487999999999947587e+00,4.541926413996554002e-02,-5.872278659187809557e-01
2.489999999999947367e+00,4.541368013975903561e-02,-5.764797263013288209e-01
2.491999999999947146e+00,4.540802125025561464e-02,-5.628115777072417725e-01
2.493999999999946926e+00,4.540229231534263082e-02,-5.467707794532401522e-01
2.495999999999946706e+00,4.539649890828013901e-02,-5.288131758173660879e-01
2.497999999999946485e+00,4.539064698717638902e-02,-5.093182293354272527e-01
2.499999999999946265e+00,4.538474263674460718e-02,-4.886016671619382024e-01
2.501999999999946045e+00,4.537879187784285562e-02,-4.669260490139758302e-01
2.503999999999945825e+00,4.537280053014483561e-02,-4.445095976041540387e-01
2.505999999999945604e+00,4.536539100493992838e-02,-4.127836269052058138e-01
2.507999999999945384e+00,4.535669545193565105e-02,-3.729580322362945344e-01
2.509999999999945164e+00,4.534728336472418353e-02,-3.292577185044310295e-01
2.511999999999944944e+00,4.533764206422183363e-02,-2.845578217962395629e-01
2.513999999999944723e+00,4.532879889805017243e-02,-2.451780840301931996e-01
2.515999999999944503e+00,4.532052086743358632e-02,-2.141269542311630691e-01
2.517999999999944283e+00,4.531271909560751626e-02,-1.904176438936293070e-01
2.519999999999944063e+00,4.530531813755250825e-02,-1.731830942680488705e-01
2.521999999999943842e+00,4.529830547926441686e-02,-1.647791990407648233e-01
2.523999999999943622e+00,4.529160546322309050e-02,-1.639885819318220028e-01
2.525999999999943402e+00,4.528515569584566636e-02,-1.697113705210220036e-01
2.527999999999943181e+00,4.527890491018517899e-02,-1.809592445727853105e-01
2.529999999999942961e+00,4.527281106099708546e-02,-1.968480194445176024e-01
2.531999999999942741e+00,4.526683974395276366e-02,-2.165900573366914272e-01
2.533999999999942521e+00,4.526097080799060257e-02,-2.392739805183821122e-01
2.535999999999942300e+00,4.525535152631142422e-02,-2.626581275224559864e-01
2.537999999999942080e+00,4.524992335140604754e-02,-2.865284209848450447e-01
2.539999999999941860e+00,4.524463211307501453e-02,-3.057727663293258735e-01
2.541999999999941640e+00,4.523944831873901590e-02,-3.209751115863312965e-01
2.543999999999941419e+00,4.523434766216353348e-02,-3.326991698106291362e-01
2.545999999999941199e+00,4.522931016768272361e-02,-3.414342029566977965e-01
2.547999999999940979e+00,4.522431947021233328e-02,-3.476052872731542065e-01
2.549999999999940758e+00,4.521936221005386225e-02,-3.515820538454387245e-01
2.551999999999940538e+00,4.521442752459556291e-02,-3.536861472235172665e-01
2.553999999999940318e+00,4.520950662179005347e-02,-3.541976041465036973e-01
2.555999999999940098e+00,4.520459242262591520e-02,-3.533603206719855283e-01
2.557999999999939877e+00,4.519952552329296186e-02,-3.490553058655665453e-01
2.559999999999939657e+00,4.519432559603089872e-02,-3.416734076746134052e-01
2.561999999999939437e+00,4.518900970591166466e-02,-3.315601873608762240e-01
2.563999999999939217e+00,4.518359264559560634e-02,-3.190218206219003760e-01
2.565999999999938996e+00,4.517808722848307840e-02,-3.043301873938240587e-01
2.567999999999938776e+00,4.517250454516872488e-02,-2.877272649054956610e-01
2.569999999999938556e+00,4.516685418759881082e-02,-2.694289219704610328e-01
2.571999999999938336e+00,4.516114444485601342e-02,-2.496281983707254737e-01
2.573999999999938115e+00,4.515538247405597588e-02,-2.284981411409253704e-01
2.575999999999937895e+00,4.514957444943835246e-02,-2.061942592921147677e-01
2.577999999999937675e+00,4.514389777736566023e-02,-1.871498054148917067e-01
2.579999999999937454e+00,4.513837494549735596e-02,-1.746362497057223351e-01
2.581999999999937234e+00,4.513297255479265663e-02,-1.678127812582237144e-01
2.583999999999937014e+00,4.512762394118637055e-02,-1.619269017286930068e-01
2.585999999999936794e+00,4.512230689744728407e-02,-1.565227638476930916e-01
2.587999999999936573e+00,4.511701104214087266e-02,-1.514832767291242055e-01
2.589999999999936353e+00,4.511172788642633241e-02,-1.467178353539860813e-01
2.591999999999936133e+00,4.510645052767777580e-02,-1.421570418241164813e-01
2.593999999999935913e+00,4.510117338970928008e-02,-1.377484105734065045e-01
2.595999999999935692e+00,4.509589200279734422e-02,-1.334528787588289689e-01
2.597999999999935472e+00,4.509060281766203576e-02,-1.292419754615468930e-01
2.599999999999935252e+00,4.508530304839938191e-02,-1.250955298017611961e-01
2.601999999999935032e+00,4.507999054007248013e-02,-1.209998197159340011e-01
2.603999999999934811e+00,4.507466365728354796e-02,-1.169460808563589499e-01
2.605999999999934591e+00,4.506932119057821540e-02,-1.129293095760092736e-01
2.607999999999934371e+00,4.506396227798830506e-02,-1.089473058450444592e-01
2.609999999999934150e+00,4.505858633941044189e-02,-1.049999116879854061e-01
2.611999999999933930e+00,4.505319302185400998e-02,-1.010884087221208122e-01
2.613999999999933710e+00,4.504778215388058338e-02,-9.721504493588242757e-02
2.615999999999933490e+00,4.504235370780457215e-02,-9.338266622992995314e-02
2.617999999999933269e+00,4.503690776843727317e-02,-8.959443266515727811e-02
2.619999999999933049e+00,4.503144450733825160e-02,-8.585360299390339123e-02
2.621999999999932829e+00,4.502596416169386134e-02,-8.216337403481689672e-02
2.623999999999932609e+00,4.502046701707567572e-02,-7.852676390405981255e-02
2.625999999999932388e+00,4.501495339344548097e-02,-7.494653013072950787e-02
2.627999999999932168e+00,4.500942363387050449e-02,-7.142511534042456089e-02
2.629999999999931948e+00,4.500387809549536572e-02,-6.796461455161957599e-02
2.631999999999931728e+00,4.499831714238777119e-02,-6.456675924734629757e-02
2.633999999999931507e+00,4.499274113993501772e-02,-6.123291430265941776e-02
2.635999999999931287e+00,4.498715045051941697e-02,-5.796408460186208700e-02
2.637999999999931067e+00,4.498154543024408120e-02,-5.476092879751322251e-02
2.639999999999930846e+00,4.497592642651736250e-02,-5.162377816983838852e-02
2.641999999999930626e+00,4.497029377633538633e-02,-4.855265895987993796e-02
2.643999999999930406e+00,4.496464780512847426e-02,-4.554731688884372520e-02
2.645999999999930186e+00,4.495898882605968427e-02,-4.260724285293781416e-02
2.647999999999929965e+00,4.495331713968245962e-02,-3.973169900852319136e-02
2.649999999999929745e+00,4.494748627821421039e-02,-3.379897603199454731e-02
2.651999999999929525e+00,4.494167194143340593e-02,-2.847599359147643533e-02
2.653999999999929305e+00,4.493586968177136487e-02,-2.367781370982753944e-02
2.655999999999929084e+00,4.493007575395351061e-02,-1.933213011172221774e-02
2.657999999999928864e+00,4.492413575499609735e-02,-1.209807196501935626e-02
2.659999999999928644e+00,4.491822745891174695e-02,-5.774601918756354715e-03
2.661999999999928423e+00,4.491234390785812242e-02,-2.288204475042793142e-04
2.663999999999928203e+00,4.490647923104106737e-02,4.652306572797595095e-03
2.665999999999927983e+00,4.490062848492698544e-02,8.965067479846407575e-03
2.667999999999927763e+00,4.489478751638485698e-02,1.279161034232598367e-02
2.669999999999927542e+00,4.488895284552540943e-02,1.620212237753741388e-02
2.671999999999927322e+00,4.488312156545400805e-02,1.925665575012461619e-02
2.673999999999927102e+00,4.487729125654086465e-02,2.200665952279791740e-02
2.675999999999926882e+00,4.487145991314582527e-02,2.449626710687093784e-02
2.677999999999926661e+00,4.486562588102300381e-02,2.676338000255875163e-02
2.679999999999926441e+00,4.485978780387887138e-02,2.884058158452795090e-02
2.681999999999926221e+00,4.485379242370405445e-02,3.397650482266464933e-02
2.683999999999926001e+00,4.484782005706861724e-02,3.841301807701728854e-02
2.685999999999925780e+00,4.484186527192503963e-02,4.225670639889471392e-02
2.687999999999925560e+00,4.483592350045843833e-02,4.559818865871105575e-02
2.689999999999925340e+00,4.482999091151556453e-02,4.851459616083885623e-02
2.691999999999925119e+00,4.482406430135445902e-02,5.107164770913925206e-02
2.693999999999924899e+00,4.481814100013239988e-02,5.332538958063167550e-02
2.695999999999924679e+00,4.481221879190769308e-02,5.532365687129333492e-02
2.697999999999924459e+00,4.480614168633108296e-02,6.036360920314032957e-02
2.699999999999924238e+00,4.480009156420066557e-02,6.465683856192556977e-02
2.701999999999924018e+00,4.479406246632360727e-02,6.831975423904616818e-02
2.703999999999923798e+00,4.478804938064204905e-02,7.145121199236054155e-02
2.705999999999923578e+00,4.478204810236936784e-02,7.413524007542350580e-02
2.707999999999923357e+00,4.477605511420731238e-02,7.644332212781056179e-02
2.709999999999923137e+00,4.477006748381346518e-02,7.843631198833450613e-02
2.711999999999922917e+00,4.476408277608126540e-02,8.016604235297714043e-02
2.713999999999922697e+00,4.475809897813375071e-02,8.167667842325718186e-02
2.715999999999922476e+00,4.475211443522433830e-02,8.300585884260631986e-02
2.717999999999922256e+00,4.474612779599047852e-02,8.418565894447682663e-02
2.719999999999922036e+00,4.473998307088211668e-02,8.846992745974395500e-02
2.721999999999921815e+00,4.473386350500815900e-02,9.209371436726340732e-02
2.723999999999921595e+00,4.472776367789281504e-02,9.516240779311511966e-02
2.725999999999921375e+00,4.472167903417373358e-02,9.776538130725885567e-02
2.727999999999921155e+00,4.471560575560040024e-02,9.997848376040564811e-02
2.729999999999920934e+00,4.470954065141642675e-02,1.018661248121322527e-01
2.731999999999920714e+00,4.470348106453549825e-02,1.034830245472169175e-01
2.733999999999920494e+00,4.469742479127958995e-02,1.048756836155316646e-01
2.735999999999920274e+00,4.469121347852048759e-02,1.093394571141907967e-01
2.737999999999920053e+00,4.468503157215362315e-02,1.130857689798467347e-01
2.739999999999919833e+00,4.467887311241725001e-02,1.162294432317847320e-01
2.741999999999919613e+00,4.467273308602692783e-02,1.188678379169998967e-01
2.743999999999919392e+00,4.466660728617450477e-02,1.210835611374987408e-01
2.745999999999919172e+00,4.466049219263718006e-02,1.229467461671761852e-01
2.747999999999918952e+00,4.465438486916163685e-02,1.245169602164669237e-01
2.749999999999918732e+00,4.464828287568164272e-02,1.258448083668133877e-01
2.751999999999918511e+00,4.464218419326701492e-02,1.269732835045263575e-01
2.753999999999918291e+00,4.463608715999461268e-02,1.279389043026969708e-01
2.755999999999918071e+00,4.462999041618481016e-02,1.287726760799800807e-01
2.757999999999917851e+00,4.462389285766478475e-02,1.295009034217922128e-01
2.759999999999917630e+00,4.461763672169122286e-02,1.333609151548983129e-01
2.761999999999917410e+00,4.461140756904575372e-02,1.365970735685190507e-01
2.763999999999917190e+00,4.460520010728789148e-02,1.393104032142513660e-01
2.765999999999916970e+00,4.459900988468724209e-02,1.415864870958447319e-01
2.767999999999916749e+00,4.459283316573182943e-02,1.434978714428261359e-01
2.769999999999916529e+00,4.458666682452325225e-02,1.451060800541398577e-01
2.771999999999916309e+00,4.458050825353823687e-02,1.464633042194916912e-01
2.773999999999916088e+00,4.457435528558536392e-02,1.476138226879769866e-01
2.775999999999915868e+00,4.456820612708725649e-02,1.485951966889089704e-01
2.777999999999915648e+00,4.456190101675637505e-02,1.526769181386974372e-01
2.779999999999915428e+00,4.455562658279576399e-02,1.560852331150451577e-01
2.781999999999915207e+00,4.454937708676568603e-02,1.589286421251297765e-01
2.783999999999914987e+00,4.454305222861522362e-02,1.583413405683084807e-01
2.785999999999914767e+00,4.453676135569928363e-02,1.578600324722802817e-01
2.787999999999914547e+00,4.453049802174911809e-02,1.574754432643594992e-01
2.789999999999914326e+00,4.452425682881562541e-02,1.571797331570492229e-01
2.791999999999914106e+00,4.451787422298009861e-02,1.601341102959618345e-01
2.793999999999913886e+00,4.451143868141525101e-02,1.596557565164592740e-01
2.795999999999913666e+00,4.450505672613395275e-02,1.592821861578778975e-01
2.797999999999913445e+00,4.449855790735738476e-02,1.621787698105597864e-01
2.799999999999913225e+00,4.449202735411497689e-02,1.616458927371959564e-01
2.801999999999913005e+00,4.448556890518973184e-02,1.612283085267073035e-01
2.803999999999912784e+00,4.447916977876792410e-02,1.609153170481350537e-01
2.805999999999912564e+00,4.447281923626514311e-02,1.606977504086537778e-01
2.807999999999912344e+00,4.446634711688820379e-02,1.637515339673998871e-01
2.809999999999912124e+00,4.445993688366693675e-02,1.663320711915347028e-01
2.811999999999911903e+00,4.445357745775233710e-02,1.685171705496002481e-01
2.813999999999911683e+00,4.444717275334744006e-02,1.691868474380102128e-01
2.815999999999911463e+00,4.444073062919699085e-02,1.685548689187944260e-01
2.817999999999911243e+00,4.443425769543912773e-02,1.668062342579877122e-01
2.819999999999911022e+00,4.442775950494899651e-02,1.641011491225220498e-01
2.821999999999910802e+00,4.442124071623258785e-02,1.605784397255030915e-01
2.823999999999910582e+00,4.441455670085595747e-02,1.591027678544995327e-01
2.825999999999910361e+00,4.440773695769140855e-02,1.593589845207249722e-01
2.827999999999910141e+00,4.440080634116573555e-02,1.610746335189327250e-01
2.829999999999909921e+00,4.439393692095260774e-02,1.614523203588288658e-01
2.831999999999909701e+00,4.438711939831648662e-02,1.606706663446044736e-01
2.833999999999909480e+00,4.438034581680221774e-02,1.588852797499494818e-01
2.835999999999909260e+00,4.437360937529175736e-02,1.562318785406745514e-01
2.837999999999909040e+00,4.436690426627484113e-02,1.528289746479819522e-01
2.839999999999908820e+00,4.436007586522722201e-02,1.515608087224103728e-01
2.841999999999908599e+00,4.435314633506015625e-02,1.520907271944744732e-01
2.843999999999908379e+00,4.434628514293057627e-02,1.514998691458855351e-01
2.845999999999908159e+00,4.433948139034709496e-02,1.499337993108453837e-01
2.847999999999907939e+00,4.433272580043567251e-02,1.475199302534920265e-01
2.849999999999907718e+00,4.432601048675006983e-02,1.443699367655247590e-01
2.851999999999907498e+00,4.431932875394102578e-02,1.405818361918882986e-01
2.853999999999907278e+00,4.431252520401374184e-02,1.390757977998429706e-01
2.855999999999907057e+00,4.430562134465679952e-02,1.394886557010159567e-01
2.857999999999906837e+00,4.429878636426013566e-02,1.388401152320238863e-01
2.859999999999906617e+00,4.429200898087017751e-02,1.372654418394764486e-01
2.861999999999906397e+00,4.428527961567747112e-02,1.348833203068508790e-01
2.863999999999906176e+00,4.427859014788396164e-02,1.317980403490083829e-01
2.865999999999905956e+00,4.427178334869798226e-02,1.309292075142479417e-01
2.867999999999905736e+00,4.426487982283659056e-02,1.319196723398567417e-01
2.869999999999905516e+00,4.425804865178769448e-02,1.317985709045252085e-01
2.871999999999905295e+00,4.425127782970363771e-02,1.307053484171169511e-01
2.873999999999905075e+00,4.424455717420044953e-02,1.287624804109629706e-01
2.875999999999904855e+00,4.423787806307680204e-02,1.260776982825521364e-01
2.877999999999904635e+00,4.423123320766005062e-02,1.227459090998823665e-01
2.879999999999904414e+00,4.422461631267905757e-02,1.188531677275627835e-01
2.881999999999904194e+00,4.421787182085819973e-02,1.173635150543704819e-01
2.883999999999903974e+00,4.421102177040110021e-02,1.178900322765343428e-01
2.885999999999903753e+00,4.420423680387847859e-02,1.173890553794244840e-01
2.887999999999903533e+00,4.419750596139385146e-02,1.159893751641587478e-01
2.889999999999903313e+00,4.419081996077207225e-02,1.138042042496051620e-01
2.891999999999903093e+00,4.418417095413046392e-02,1.109332175506488605e-01
2.893999999999902872e+00,4.417740174196820718e-02,1.103189469168338460e-01
2.895999999999902652e+00,4.417068443432469599e-02,1.088322441837192150e-01
2.897999999999902432e+00,4.416401008655929106e-02,1.065830871045483907e-01
2.899999999999902212e+00,4.415722029576863578e-02,1.065009775558125593e-01
2.901999999999901991e+00,4.415048667271406768e-02,1.054878847220820509e-01
2.903999999999901771e+00,4.414386005855848449e-02,1.059687495033030530e-01
2.905999999999901551e+00,4.413731693333077660e-02,1.076826265397857196e-01
2.907999999999901330e+00,4.413078823894230063e-02,1.083509500937038378e-01
2.909999999999901110e+00,4.412427042394752308e-02,1.080973627183033914e-01
2.911999999999900890e+00,4.411776061486035599e-02,1.070311285987951139e-01
2.913999999999900670e+00,4.411125649767406315e-02,1.052489201607010039e-01
2.915999999999900449e+00,4.410475621975520899e-02,1.028363760327683507e-01
2.917999999999900229e+00,4.409814382772680313e-02,1.066461583413761127e-01
2.919999999999900009e+00,4.409155664071490871e-02,1.091261377991960407e-01
2.921999999999899789e+00,4.408498979115019895e-02,1.104896252037746024e-01
2.923999999999899568e+00,4.407843879481945087e-02,1.109268050455247817e-01
2.925999999999899348e+00,4.407190065457645967e-02,1.105345864318876964e-01
2.927999999999899128e+00,4.406537247776746297e-02,1.094069300642480369e-01
2.929999999999898908e+00,4.405885188855540591e-02,1.076270566300761983e-01
2.931999999999898687e+00,4.405233694458072363e-02,1.052688251277340697e-01
2.933999999999898467e+00,4.404571320004189994e-02,1.092028386338865648e-01
2.935999999999898247e+00,4.403911593494352211e-02,1.118131623582985790e-01
2.937999999999898026e+00,4.403254023391956623e-02,1.133148771852421077e-01
2.939999999999897806e+00,4.402598196327400792e-02,1.138912163941646905e-01
2.941999999999897586e+00,4.401943756633403676e-02,1.136529351354991224e-01
2.943999999999897366e+00,4.401290407579629832e-02,1.126890187320052916e-01
2.945999999999897145e+00,4.400637904242826748e-02,1.110784677312199181e-01
2.947999999999896925e+00,4.399974657851538767e-02,1.157178334378835965e-01
2.949999999999896705e+00,4.399314272261842934e-02,1.189378972095301440e-01
2.951999999999896485e+00,4.398656224630794614e-02,1.209677259258429283e-01
2.953999999999896264e+00,4.398000074448787239e-02,1.220022545551788795e-01
2.955999999999896044e+00,4.397308981229188646e-02,1.198001638803764535e-01
2.957999999999895824e+00,4.396609592094170849e-02,1.197304856721669170e-01
2.959999999999895604e+00,4.395903244692875300e-02,1.214725786545420433e-01
2.961999999999895383e+00,4.395191123852982412e-02,1.247396164922318224e-01
2.963999999999895163e+00,4.394474357045741880e-02,1.292749070881510920e-01
2.965999999999894943e+00,4.393753973633154897e-02,1.348515900708622817e-01
2.967999999999894722e+00,4.393011129111541735e-02,1.361841235688409646e-01
2.969999999999894502e+00,4.392245858144275261e-02,1.337084845838455438e-01
2.971999999999894282e+00,4.391485218476767066e-02,1.331600490587455943e-01
2.973999999999894062e+00,4.390728536718023489e-02,1.342506577329861950e-01
2.975999999999893841e+00,4.389975259522066464e-02,1.367298233032210319e-01
2.977999999999893621e+00,4.389224931684847231e-02,1.403796445252888103e-01
2.979999999999893401e+00,4.388477191711528252e-02,1.450096115152244847e-01
2.981999999999893181e+00,4.387731932525204548e-02,1.504417087936275321e-01
2.983999999999892960e+00,4.386989047992069513e-02,1.565234362604335516e-01
2.985999999999892740e+00,4.386248433644656525e-02,1.631241455956664033e-01
2.987999999999892520e+00,4.385491843517859423e-02,1.649440743922404584e-01
2.989999999999892299e+00,4.384739817407962842e-02,1.678549210322852481e-01
2.991999999999892079e+00,4.383971053336122720e-02,1.663724509043323363e-01
2.993999999999891859e+00,4.383209340110575530e-02,1.663969617192767037e-01
2.995999999999891639e+00,4.382453579023082302e-02,1.677075740076894861e-01
2.997999999999891418e+00,4.381702855287079174e-02,1.701120823695851936e-01
2.999999999999891198e+00,4.380956464053597371e-02,1.734393945524477509e-01
