{"timestamp":"2026-10-02T17:22:10.266Z","level":"info","message":"[server] Memory service starting, host=127.0.0.1, port=18960, mode=local, storageBackend=sqlite, sqlitePath=F:/reminder/memmy/exercise/memory.sqlite, configPath=F:\\reminder\\memmy\\exercise\\config.yaml"}
{"timestamp":"2026-10-02T17:22:10.283Z","level":"info","message":"[memory-service] Memory service initialized, summaryRouting=follow, evolutionRouting=follow, embeddingMode=local, memoryAddEnabled=true, memorySearchEnabled=true, summaryModel(maxTokens=512,timeoutMs=180000,maxRetries=3,malformedRetries=1), evolutionModel(maxTokens=4096,timeoutMs=180000,maxRetries=2,malformedRetries=1), embeddingModel(provider=local,model=Xenova/all-MiniLM-L6-v2,timeoutMs=60000,maxRetries=2), evolutionGates(l2UseLlm=true,l2MinEpisodes=1,l2MinGain=0.02,l3UseLlm=true,l3MinPolicies=1,l3MinPolicyGain=0.02,l3MinPolicySupport=1,l3ClusterMinSimilarity=0.3,skillUseLlm=true,skillMinSupport=1,skillMinGain=0.02)"}
{"timestamp":"2026-10-02T17:22:10.307Z","level":"info","message":"[server] Memory service listening, url=http://127.0.0.1:18960, mode=local, storageBackend=sqlite"}
{"timestamp":"2026-10-02T17:22:29.802Z","level":"info","message":"[episode.close] Job started, jobId=job_66556ad41c64961bb843, attempt=1, maxAttempts=3"}
{"timestamp":"2026-10-02T17:22:29.805Z","level":"info","message":"[episode.close] Job succeeded, jobId=job_66556ad41c64961bb843, attempt=1, maxAttempts=3"}
{"timestamp":"2026-10-02T17:22:29.806Z","level":"info","message":"[worker] Worker drain completed, leased=1, succeeded=1, failed=0, embeddingRetriesLeased=0, embeddingRetriesSucceeded=0, embeddingRetriesFailed=0"}
{"timestamp":"2026-10-02T17:22:30.101Z","level":"info","message":"[episode.close] Job started, jobId=job_131cd7270ee325857d74, attempt=1, maxAttempts=3"}
{"timestamp":"2026-10-02T17:22:30.106Z","level":"info","message":"[episode.close] Job succeeded, jobId=job_131cd7270ee325857d74, attempt=1, maxAttempts=3"}
{"timestamp":"2026-10-02T17:22:30.106Z","level":"info","message":"[worker] Worker drain completed, leased=1, succeeded=1, failed=0, embeddingRetriesLeased=0, embeddingRetriesSucceeded=0, embeddingRetriesFailed=0"}
{"timestamp":"2026-10-02T17:22:30.379Z","level":"info","message":"[episode.close] Job started, jobId=job_a68d7888a9f14df9bd36, attempt=1, maxAttempts=3"}
{"timestamp":"2026-10-02T17:22:30.380Z","level":"info","message":"[episode.close] Job succeeded, jobId=job_a68d7888a9f14df9bd36, attempt=1, maxAttempts=3"}
{"timestamp":"2026-10-02T17:22:30.381Z","level":"info","message":"[worker] Worker drain completed, leased=1, succeeded=1, failed=0, embeddingRetriesLeased=0, embeddingRetriesSucceeded=0, embeddingRetriesFailed=0"}
{"timestamp":"2026-10-02T17:22:51.584Z","level":"warn","message":"[http] HTTP request rejected, method=GET, path=/api/v1/memories, status=404, errorCode=not_found, errorMessage=GET /api/v1/memories is not registered, requestId=245e45ae-fc7a-42f3-a399-b41cfa771286"}
{"timestamp":"2026-10-02T17:23:29.757Z","level":"warn","message":"[http] HTTP request rejected, method=GET, path=/api/v1/traces, status=404, errorCode=not_found, errorMessage=GET /api/v1/traces is not registered, requestId=24673674-6b80-494a-a676-5cf522ca4ad2"}
{"timestamp":"2026-10-02T17:27:10.310Z","level":"info","message":"[agent-source] scan.started, jobId=agent-scan-mur8juud, sourceId=all"}
{"timestamp":"2026-10-02T17:27:11.659Z","level":"info","message":"[memory-service] source_turn.complete, source=cursor, profileId=default, conversationId=207c8717-c988-4251-b0a5-0f1701c0b08e, turnId=f660b6c7-0440-463d-befc-aa3f554e1564, channel=agent_source_scan, status=stored, sessionId=session_3dfb88b2f276450e4fa4, episodeId=episode_9aa2d5b6f3d575b10955, rawTurnId=raw_d3d42909943f33a99d81, l1MemoryIds=trace_c376f9079b702239ee39"}
{"timestamp":"2026-10-02T17:27:11.673Z","level":"info","message":"[memory-service] source_turn.complete, source=cursor, profileId=default, conversationId=207c8717-c988-4251-b0a5-0f1701c0b08e, turnId=f2f43d3d-5e44-4169-85b2-9e9355e84790, channel=agent_source_scan, status=stored, sessionId=session_3dfb88b2f276450e4fa4, episodeId=episode_9aa2d5b6f3d575b10955, rawTurnId=raw_82724949f399fd21c864, l1MemoryIds=trace_35b337928cb01c2d0e5c"}
{"timestamp":"2026-10-02T17:27:11.688Z","level":"info","message":"[memory-service] source_turn.complete, source=cursor, profileId=default, conversationId=207c8717-c988-4251-b0a5-0f1701c0b08e, turnId=309d2f81-35f6-49d0-815a-54a6d4e7c532, channel=agent_source_scan, status=stored, sessionId=session_3dfb88b2f276450e4fa4, episodeId=episode_9aa2d5b6f3d575b10955, rawTurnId=raw_31aabe58dc0dbc4d30ba, l1MemoryIds=trace_ee1e2ca3debd7c0842c1"}
{"timestamp":"2026-10-02T17:27:11.703Z","level":"info","message":"[memory-service] source_turn.complete, source=cursor, profileId=default, conversationId=207c8717-c988-4251-b0a5-0f1701c0b08e, turnId=c1a7ae47-cf05-423c-9c32-de1bac101f15, channel=agent_source_scan, status=stored, sessionId=session_3dfb88b2f276450e4fa4, episodeId=episode_81b57351f88e13273688, rawTurnId=raw_234b6d0a618acb72f9d1, l1MemoryIds=trace_51f00ad8eca79943de62"}
{"timestamp":"2026-10-02T17:27:11.714Z","level":"info","message":"[memory-service] source_turn.complete, source=cursor, profileId=default, conversationId=207c8717-c988-4251-b0a5-0f1701c0b08e, turnId=3c869913-d1b8-4cb4-ba69-6bf71707835b, channel=agent_source_scan, status=stored, sessionId=session_3dfb88b2f276450e4fa4, episodeId=episode_81b57351f88e13273688, rawTurnId=raw_a66c79521134191619b4, l1MemoryIds=trace_6db9b03c1e67052dba05"}
{"timestamp":"2026-10-02T17:27:11.725Z","level":"info","message":"[memory-service] source_turn.complete, source=cursor, profileId=default, conversationId=207c8717-c988-4251-b0a5-0f1701c0b08e, turnId=62d79df4-88dc-43d1-9b43-153001d74c53, channel=agent_source_scan, status=stored, sessionId=session_3dfb88b2f276450e4fa4, episodeId=episode_81b57351f88e13273688, rawTurnId=raw_8b35b65f6b59d1511884, l1MemoryIds=trace_306ea508d2fea6cd6386"}
{"timestamp":"2026-10-02T17:27:11.735Z","level":"info","message":"[memory-service] source_turn.complete, source=cursor, profileId=default, conversationId=207c8717-c988-4251-b0a5-0f1701c0b08e, turnId=1314abff-80e8-4bbe-99c7-3ab3c6131757, channel=agent_source_scan, status=stored, sessionId=session_3dfb88b2f276450e4fa4, episodeId=episode_81b57351f88e13273688, rawTurnId=raw_a46b2b48d4c059fb129c, l1MemoryIds=trace_35bba108e9f493e29d77"}
{"timestamp":"2026-10-02T17:27:11.750Z","level":"info","message":"[memory-service] source_turn.complete, source=cursor, profileId=default, conversationId=207c8717-c988-4251-b0a5-0f1701c0b08e, turnId=6a852f05-067c-4072-8114-ef2a3b053263, channel=agent_source_scan, status=stored, sessionId=session_3dfb88b2f276450e4fa4, episodeId=episode_bb686d09d21dc0975cfc, rawTurnId=raw_efbfdce7986aa97f4727, l1MemoryIds=trace_f9deb7855c6c6c6c9a0f"}
{"timestamp":"2026-10-02T17:27:11.766Z","level":"info","message":"[memory-service] source_turn.complete, source=cursor, profileId=default, conversationId=207c8717-c988-4251-b0a5-0f1701c0b08e, turnId=98720c14-bccd-4d5e-8684-991313684ae2, channel=agent_source_scan, status=stored, sessionId=session_3dfb88b2f276450e4fa4, episodeId=episode_bb686d09d21dc0975cfc, rawTurnId=raw_cccf1e76e5316fcb5cfb, l1MemoryIds=trace_79dcdf66379e5b20b0a4"}
{"timestamp":"2026-10-02T17:27:11.777Z","level":"info","message":"[memory-service] source_turn.complete, source=cursor, profileId=default, conversationId=207c8717-c988-4251-b0a5-0f1701c0b08e, turnId=6cec8792-1047-4baa-9a55-dc9bba490f43, channel=agent_source_scan, status=stored, sessionId=session_3dfb88b2f276450e4fa4, episodeId=episode_bb686d09d21dc0975cfc, rawTurnId=raw_5d20a6f57d651eb0d7b4, l1MemoryIds=trace_7e6867fe9b0505f336aa"}
{"timestamp":"2026-10-02T17:27:11.795Z","level":"info","message":"[memory-service] source_turn.complete, source=cursor, profileId=default, conversationId=2e272b63-add9-4d3b-8c8d-9439a1ca48be, turnId=253cad28-82ef-4fc4-afc5-fbd60f6519be, channel=agent_source_scan, status=stored, sessionId=session_21687f038bb3e22a4d48, episodeId=episode_4e841e6b6861dcc6c131, rawTurnId=raw_f45bbe435971a0afa2c1, l1MemoryIds=trace_3280e942d32c8ec11794"}
{"timestamp":"2026-10-02T17:27:11.805Z","level":"info","message":"[memory-service] source_turn.complete, source=cursor, profileId=default, conversationId=2e272b63-add9-4d3b-8c8d-9439a1ca48be, turnId=3540c4d7-86a1-4d33-bf5a-325d8e51150f, channel=agent_source_scan, status=stored, sessionId=session_21687f038bb3e22a4d48, episodeId=episode_4e841e6b6861dcc6c131, rawTurnId=raw_d171a5eed3208f8f2d7d, l1MemoryIds=trace_7032754a2ca0ebade215"}
{"timestamp":"2026-10-02T17:27:11.815Z","level":"info","message":"[memory-service] source_turn.complete, source=cursor, profileId=default, conversationId=2e272b63-add9-4d3b-8c8d-9439a1ca48be, turnId=65f56535-3f32-4427-bf17-3aac5e08ed75, channel=agent_source_scan, status=stored, sessionId=session_21687f038bb3e22a4d48, episodeId=episode_4e841e6b6861dcc6c131, rawTurnId=raw_a5e23398c53ba6502427, l1MemoryIds=trace_f7f37c21616eb07a8b43"}
{"timestamp":"2026-10-02T17:27:11.825Z","level":"info","message":"[memory-service] source_turn.complete, source=cursor, profileId=default, conversationId=2e272b63-add9-4d3b-8c8d-9439a1ca48be, turnId=9c517a85-07d2-49a1-8d87-c05bbebab649, channel=agent_source_scan, status=stored, sessionId=session_21687f038bb3e22a4d48, episodeId=episode_4e841e6b6861dcc6c131, rawTurnId=raw_6cfc1193ffd39ffd2fd3, l1MemoryIds=trace_b6f6e7a552f0aeafa3d3"}
{"timestamp":"2026-10-02T17:27:11.836Z","level":"info","message":"[memory-service] source_turn.complete, source=cursor, profileId=default, conversationId=2e272b63-add9-4d3b-8c8d-9439a1ca48be, turnId=7f40b7b1-094b-408f-8291-e8106d025292, channel=agent_source_scan, status=stored, sessionId=session_21687f038bb3e22a4d48, episodeId=episode_4e841e6b6861dcc6c131, rawTurnId=raw_3e3dc596e7c32a895e50, l1MemoryIds=trace_4d4e717dffeb662918af"}
{"timestamp":"2026-10-02T17:27:11.847Z","level":"info","message":"[memory-service] source_turn.complete, source=cursor, profileId=default, conversationId=2e272b63-add9-4d3b-8c8d-9439a1ca48be, turnId=cf7e036c-63a1-456c-8e10-ebf8f58c09da, channel=agent_source_scan, status=stored, sessionId=session_21687f038bb3e22a4d48, episodeId=episode_4e841e6b6861dcc6c131, rawTurnId=raw_f8df76b606e934942e46, l1MemoryIds=trace_43167cc629e36df7a175"}
{"timestamp":"2026-10-02T17:27:11.854Z","level":"info","message":"[memory-service] source_turn.complete, source=cursor, profileId=default, conversationId=2e272b63-add9-4d3b-8c8d-9439a1ca48be, turnId=3c5ce7ef-751a-48e5-ab89-f2c59385db6e, channel=agent_source_scan, status=rejected, reason=capture_policy, sessionId=session_21687f038bb3e22a4d48, episodeId=episode_4e841e6b6861dcc6c131, rawTurnId=raw_e3adb59416f54d9f0328, l1MemoryIds="}
{"timestamp":"2026-10-02T17:27:11.855Z","level":"warn","message":"[agent-source] scan.item_skipped, sourceId=cursor, conversationId=86116211-fc66-44f8-b3f7-150240d66e54, reason=timestamp_unresolved"}
{"timestamp":"2026-10-02T17:27:11.855Z","level":"warn","message":"[agent-source] scan.item_skipped, sourceId=cursor, conversationId=86116211-fc66-44f8-b3f7-150240d66e54, reason=timestamp_unresolved"}
{"timestamp":"2026-10-02T17:27:11.855Z","level":"warn","message":"[agent-source] scan.item_skipped, sourceId=cursor, conversationId=86116211-fc66-44f8-b3f7-150240d66e54, reason=timestamp_unresolved"}
{"timestamp":"2026-10-02T17:27:11.856Z","level":"warn","message":"[agent-source] scan.item_skipped, sourceId=cursor, conversationId=86116211-fc66-44f8-b3f7-150240d66e54, reason=timestamp_unresolved"}
{"timestamp":"2026-10-02T17:27:11.856Z","level":"warn","message":"[agent-source] scan.item_skipped, sourceId=cursor, conversationId=86116211-fc66-44f8-b3f7-150240d66e54, reason=timestamp_unresolved"}
{"timestamp":"2026-10-02T17:27:11.856Z","level":"warn","message":"[agent-source] scan.item_skipped, sourceId=cursor, conversationId=86116211-fc66-44f8-b3f7-150240d66e54, reason=timestamp_unresolved"}
{"timestamp":"2026-10-02T17:27:11.856Z","level":"warn","message":"[agent-source] scan.item_skipped, sourceId=cursor, conversationId=86116211-fc66-44f8-b3f7-150240d66e54, reason=timestamp_unresolved"}
{"timestamp":"2026-10-02T17:27:11.856Z","level":"warn","message":"[agent-source] scan.item_skipped, sourceId=cursor, conversationId=86116211-fc66-44f8-b3f7-150240d66e54, reason=timestamp_unresolved"}
{"timestamp":"2026-10-02T17:27:11.856Z","level":"warn","message":"[agent-source] scan.item_skipped, sourceId=cursor, conversationId=86116211-fc66-44f8-b3f7-150240d66e54, reason=timestamp_unresolved"}
{"timestamp":"2026-10-02T17:27:11.857Z","level":"warn","message":"[agent-source] scan.item_skipped, sourceId=cursor, conversationId=86116211-fc66-44f8-b3f7-150240d66e54, reason=timestamp_unresolved"}
{"timestamp":"2026-10-02T17:27:11.857Z","level":"warn","message":"[agent-source] scan.item_skipped, sourceId=cursor, conversationId=86116211-fc66-44f8-b3f7-150240d66e54, reason=timestamp_unresolved"}
{"timestamp":"2026-10-02T17:27:11.857Z","level":"warn","message":"[agent-source] scan.item_skipped, sourceId=cursor, conversationId=86116211-fc66-44f8-b3f7-150240d66e54, reason=timestamp_unresolved"}
{"timestamp":"2026-10-02T17:27:11.867Z","level":"info","message":"[memory-service] source_turn.complete, source=cursor, profileId=default, conversationId=86116211-fc66-44f8-b3f7-150240d66e54, turnId=aca4ac96-652e-4fd0-9639-23d3dcc8b334, channel=agent_source_scan, status=stored, sessionId=session_da73adc2fcd6783996e2, episodeId=episode_31d3b9072ad8fc06e0f1, rawTurnId=raw_078f35b4a78c1c1afa35, l1MemoryIds=trace_0fc212a396c17f16713c"}
{"timestamp":"2026-10-02T17:27:11.877Z","level":"info","message":"[memory-service] source_turn.complete, source=cursor, profileId=default, conversationId=d47adcae-c6b8-4c12-b64d-23c28198915b, turnId=885bed75-d271-47fa-b040-a88a131aab89, channel=agent_source_scan, status=stored, sessionId=session_40d1451b3f36d6457e00, episodeId=episode_57ea250e02f7531b835c, rawTurnId=raw_08edd29a7662dc607f13, l1MemoryIds=trace_42d4f9f4f58eac27216d"}
{"timestamp":"2026-10-02T17:27:11.883Z","level":"info","message":"[episode.close] Job started, jobId=job_f68cc318407ac313e4c7, attempt=1, maxAttempts=3, sessionId=session_da73adc2fcd6783996e2, episodeId=episode_31d3b9072ad8fc06e0f1"}
{"timestamp":"2026-10-02T17:27:11.886Z","level":"info","message":"[episode.close] Job succeeded, jobId=job_f68cc318407ac313e4c7, attempt=1, maxAttempts=3"}
{"timestamp":"2026-10-02T17:27:11.886Z","level":"info","message":"[episode.close] Job started, jobId=job_b71f6217d2db56fd42ae, attempt=1, maxAttempts=3, sessionId=session_3dfb88b2f276450e4fa4, episodeId=episode_9aa2d5b6f3d575b10955"}
{"timestamp":"2026-10-02T17:27:11.898Z","level":"info","message":"[episode.close] Job succeeded, jobId=job_b71f6217d2db56fd42ae, attempt=1, maxAttempts=3"}
{"timestamp":"2026-10-02T17:27:11.898Z","level":"info","message":"[episode.close] Job started, jobId=job_2b86a25504e68dc789fc, attempt=1, maxAttempts=3, sessionId=session_3dfb88b2f276450e4fa4, episodeId=episode_9aa2d5b6f3d575b10955"}
{"timestamp":"2026-10-02T17:27:11.900Z","level":"info","message":"[episode.close] Job succeeded, jobId=job_2b86a25504e68dc789fc, attempt=1, maxAttempts=3"}
{"timestamp":"2026-10-02T17:27:11.900Z","level":"info","message":"[episode.close] Job started, jobId=job_8c16f5f6409be4651419, attempt=1, maxAttempts=3, sessionId=session_3dfb88b2f276450e4fa4, episodeId=episode_9aa2d5b6f3d575b10955"}
{"timestamp":"2026-10-02T17:27:11.902Z","level":"info","message":"[episode.close] Job succeeded, jobId=job_8c16f5f6409be4651419, attempt=1, maxAttempts=3"}
{"timestamp":"2026-10-02T17:27:11.902Z","level":"info","message":"[worker] Worker drain completed, leased=4, succeeded=4, failed=0, embeddingRetriesLeased=0, embeddingRetriesSucceeded=0, embeddingRetriesFailed=0"}
{"timestamp":"2026-10-02T17:27:11.906Z","level":"info","message":"[episode.close] Job started, jobId=job_ac57277dc3d864b029c3, attempt=1, maxAttempts=3, sessionId=session_3dfb88b2f276450e4fa4, episodeId=episode_81b57351f88e13273688"}
{"timestamp":"2026-10-02T17:27:11.908Z","level":"info","message":"[episode.close] Job succeeded, jobId=job_ac57277dc3d864b029c3, attempt=1, maxAttempts=3"}
{"timestamp":"2026-10-02T17:27:11.908Z","level":"info","message":"[episode.close] Job started, jobId=job_27e84910d2081767db82, attempt=1, maxAttempts=3, sessionId=session_3dfb88b2f276450e4fa4, episodeId=episode_81b57351f88e13273688"}
{"timestamp":"2026-10-02T17:27:11.910Z","level":"info","message":"[episode.close] Job succeeded, jobId=job_27e84910d2081767db82, attempt=1, maxAttempts=3"}
{"timestamp":"2026-10-02T17:27:11.910Z","level":"info","message":"[episode.close] Job started, jobId=job_3a0ad1b461a9323d1e62, attempt=1, maxAttempts=3, sessionId=session_3dfb88b2f276450e4fa4, episodeId=episode_81b57351f88e13273688"}
{"timestamp":"2026-10-02T17:27:11.912Z","level":"info","message":"[episode.close] Job succeeded, jobId=job_3a0ad1b461a9323d1e62, attempt=1, maxAttempts=3"}
{"timestamp":"2026-10-02T17:27:11.912Z","level":"info","message":"[episode.close] Job started, jobId=job_26274520898de4f4820b, attempt=1, maxAttempts=3, sessionId=session_3dfb88b2f276450e4fa4, episodeId=episode_81b57351f88e13273688"}
{"timestamp":"2026-10-02T17:27:11.914Z","level":"info","message":"[episode.close] Job succeeded, jobId=job_26274520898de4f4820b, attempt=1, maxAttempts=3"}
{"timestamp":"2026-10-02T17:27:11.914Z","level":"info","message":"[worker] Worker drain completed, leased=4, succeeded=4, failed=0, embeddingRetriesLeased=0, embeddingRetriesSucceeded=0, embeddingRetriesFailed=0"}
{"timestamp":"2026-10-02T17:27:11.950Z","level":"info","message":"[memory-service] source_turn.complete, source=claude_code, profileId=default, conversationId=1638ac6d-a57b-4f2c-9a9e-5f264122c56f, turnId=a7a8335c-9ede-478e-b8e5-899ba73b3d6c, channel=agent_source_scan, status=stored, sessionId=session_24b5d0cfb4f864eb0f8a, episodeId=episode_539afdf598f2f6c61298, rawTurnId=raw_8c6e8abc33cf3e7a74b8, l1MemoryIds=trace_0100aff7c07672a5d059"}
{"timestamp":"2026-10-02T17:27:11.967Z","level":"info","message":"[memory-service] source_turn.complete, source=claude_code, profileId=default, conversationId=1638ac6d-a57b-4f2c-9a9e-5f264122c56f, turnId=db4e37c2-48b6-4868-a1f6-d5dfd3fb113d, channel=agent_source_scan, status=stored, sessionId=session_24b5d0cfb4f864eb0f8a, episodeId=episode_539afdf598f2f6c61298, rawTurnId=raw_e75adb9950edecbb758f, l1MemoryIds=trace_201d8407aa9cef92e925"}
{"timestamp":"2026-10-02T17:27:11.988Z","level":"info","message":"[memory-service] source_turn.complete, source=claude_code, profileId=default, conversationId=20429962-d373-4f45-adbc-5b2346c1815f, turnId=660aa337-3b89-403e-b388-2a6f5a8eccdd, channel=agent_source_scan, status=stored, sessionId=session_f4894cbb5cee22eab31f, episodeId=episode_83056281bde3f878c360, rawTurnId=raw_165b998bebd66fe30b07, l1MemoryIds=trace_d4073aca64d0bc0f00b6"}
{"timestamp":"2026-10-02T17:27:12.002Z","level":"info","message":"[memory-service] source_turn.complete, source=claude_code, profileId=default, conversationId=20429962-d373-4f45-adbc-5b2346c1815f, turnId=117829d4-b715-477a-8d30-2dec9259932e, channel=agent_source_scan, status=stored, sessionId=session_f4894cbb5cee22eab31f, episodeId=episode_5a58417d152fe8fef173, rawTurnId=raw_5071a643cd899e9f1b6f, l1MemoryIds=trace_cad8030d2a5713a5f5ea"}
{"timestamp":"2026-10-02T17:27:12.020Z","level":"info","message":"[memory-service] source_turn.complete, source=claude_code, profileId=default, conversationId=20429962-d373-4f45-adbc-5b2346c1815f, turnId=0c80d3e0-7b80-41e6-a89b-0596961b79e7, channel=agent_source_scan, status=stored, sessionId=session_f4894cbb5cee22eab31f, episodeId=episode_5a58417d152fe8fef173, rawTurnId=raw_2268d55e433cd0bc0004, l1MemoryIds=trace_841ab7e52c1ca309a10c"}
{"timestamp":"2026-10-02T17:27:12.038Z","level":"info","message":"[memory-service] source_turn.complete, source=claude_code, profileId=default, conversationId=20429962-d373-4f45-adbc-5b2346c1815f, turnId=bd58d573-a988-47bb-8603-1a55881f56b5, channel=agent_source_scan, status=stored, sessionId=session_f4894cbb5cee22eab31f, episodeId=episode_5a58417d152fe8fef173, rawTurnId=raw_4de9b0b72a07463f52a7, l1MemoryIds=trace_92465105389f6495b67f"}
{"timestamp":"2026-10-02T17:27:12.053Z","level":"info","message":"[memory-service] source_turn.complete, source=claude_code, profileId=default, conversationId=20429962-d373-4f45-adbc-5b2346c1815f, turnId=c5f93862-e680-4f46-8c52-f13a47a5962a, channel=agent_source_scan, status=stored, sessionId=session_f4894cbb5cee22eab31f, episodeId=episode_5a58417d152fe8fef173, rawTurnId=raw_a8891e3da538a45845f4, l1MemoryIds=trace_b0ed0b05c2e4a3ea3ea2"}
{"timestamp":"2026-10-02T17:27:12.109Z","level":"info","message":"[memory-service] source_turn.complete, source=claude_code, profileId=default, conversationId=20429962-d373-4f45-adbc-5b2346c1815f, turnId=fec33146-5063-42fe-9802-395189c58d5e, channel=agent_source_scan, status=stored, sessionId=session_f4894cbb5cee22eab31f, episodeId=episode_5a58417d152fe8fef173, rawTurnId=raw_3640b704e4aeddf4b05e, l1MemoryIds=trace_339aa7b50ac930ae3be9"}
{"timestamp":"2026-10-02T17:27:12.132Z","level":"info","message":"[memory-service] source_turn.complete, source=claude_code, profileId=default, conversationId=3e81ddad-b6ea-4062-83df-fe9bee4123c1, turnId=4de17728-8837-45e3-b0f8-4b9b606052c1, channel=agent_source_scan, status=stored, sessionId=session_7be3610008816d8e60d3, episodeId=episode_96f791a824b8658f1e52, rawTurnId=raw_4018a4c11d2c565990bc, l1MemoryIds=trace_11a7e909cab078699c7b"}
{"timestamp":"2026-10-02T17:27:12.166Z","level":"info","message":"[memory-service] source_turn.complete, source=claude_code, profileId=default, conversationId=490805ea-0e02-4d17-8c17-493477ed0adc, turnId=dd60a8f9-fc82-4465-ab81-27a686868044, channel=agent_source_scan, status=stored, sessionId=session_799fac0e7e67543440dc, episodeId=episode_bf09916698436cbb6bf4, rawTurnId=raw_3bb0a7274492d22a14e9, l1MemoryIds=trace_8742fe683c99c9f805ee"}
{"timestamp":"2026-10-02T17:27:12.213Z","level":"info","message":"[memory-service] source_turn.complete, source=claude_code, profileId=default, conversationId=70a44025-ee83-4bce-88cb-df948c6dd53f, turnId=45177643-313f-40b1-8003-149b52157640, channel=agent_source_scan, status=stored, sessionId=session_915eddcf8229d00a984a, episodeId=episode_64c2c508a41056d518a8, rawTurnId=raw_04892ac0ca6bda42bbc4, l1MemoryIds=trace_83166ad95de59c9a8b2d"}
{"timestamp":"2026-10-02T17:27:12.249Z","level":"info","message":"[memory-service] source_turn.complete, source=claude_code, profileId=default, conversationId=7f0ff8b7-fa75-4c33-8abd-73d688fa0ae0, turnId=826692de-0d03-4907-84c5-c7df0750c748, channel=agent_source_scan, status=stored, sessionId=session_046da8461ea7cbd53811, episodeId=episode_4529c6b8d03682468f0e, rawTurnId=raw_4013c1abfadad16141f7, l1MemoryIds=trace_39369adffbdc98628642"}
{"timestamp":"2026-10-02T17:27:12.279Z","level":"info","message":"[memory-service] source_turn.complete, source=claude_code, profileId=default, conversationId=85171afe-ed14-405e-8090-5c00aa3a82c5, turnId=c5c2f7c1-876f-46b2-ad83-ca57a37748ec, channel=agent_source_scan, status=stored, sessionId=session_c7bf9c2d901e460a39f8, episodeId=episode_e38ceb2985fefc09ccec, rawTurnId=raw_752cb8fc73edd3494991, l1MemoryIds=trace_48854882a848a5222e89"}
{"timestamp":"2026-10-02T17:27:12.360Z","level":"info","message":"[memory-service] source_turn.complete, source=claude_code, profileId=default, conversationId=8e95a36a-e83e-4a51-ad78-9603eea8a348, turnId=10a91023-ddec-49f4-a5b0-c6b55efa4407, channel=agent_source_scan, status=stored, sessionId=session_94f26f8db5c2d9fb278a, episodeId=episode_be79cc9d18b4b15f08c9, rawTurnId=raw_845c98ab6dbc82c92f82, l1MemoryIds=trace_b3a2605d3177e319716a"}
{"timestamp":"2026-10-02T17:27:12.389Z","level":"info","message":"[memory-service] source_turn.complete, source=claude_code, profileId=default, conversationId=8e95a36a-e83e-4a51-ad78-9603eea8a348, turnId=71fab570-b1ab-4d55-979e-223bd789683b, channel=agent_source_scan, status=stored, sessionId=session_94f26f8db5c2d9fb278a, episodeId=episode_e9eb020f942c0c69f916, rawTurnId=raw_b14b1a03a4ef022c9b4c, l1MemoryIds=trace_8cfe2a490b43ab7ae1fb"}
{"timestamp":"2026-10-02T17:27:12.403Z","level":"info","message":"[memory-service] source_turn.complete, source=claude_code, profileId=default, conversationId=999b5f44-5a9d-429d-82cb-3268773afd23, turnId=a2a8b1fb-3fc9-4a9e-b8df-6d0726c3dcfb, channel=agent_source_scan, status=stored, sessionId=session_e3f0515fb77749201ba0, episodeId=episode_be851aec0652c9f429d2, rawTurnId=raw_b1c0110bb1aab941eb36, l1MemoryIds=trace_89b1bf04adbb91a7a0a9"}
{"timestamp":"2026-10-02T17:27:12.428Z","level":"info","message":"[memory-service] source_turn.complete, source=claude_code, profileId=default, conversationId=9e8def27-ab4d-4196-b823-257a889f5a24, turnId=463842de-dd5f-4db5-8875-2293fabfa881, channel=agent_source_scan, status=stored, sessionId=session_72c2152d626f2214973f, episodeId=episode_7194f7a3db2377d229c2, rawTurnId=raw_34a3fe98363c448617de, l1MemoryIds=trace_2be869fb1737387825b6"}
{"timestamp":"2026-10-02T17:27:12.442Z","level":"info","message":"[memory-service] source_turn.complete, source=claude_code, profileId=default, conversationId=a3ffe5cf-0024-4250-8bce-8ff9e64366a3, turnId=5a7d75f3-fd06-4cab-93ca-501980f290b9, channel=agent_source_scan, status=stored, sessionId=session_415f55695ed2fe657195, episodeId=episode_df1bbcebdec11f6ac4a9, rawTurnId=raw_7f3597abc5fe85686eb2, l1MemoryIds=trace_bd7566926cffe70560be"}
{"timestamp":"2026-10-02T17:27:12.454Z","level":"info","message":"[memory-service] source_turn.complete, source=claude_code, profileId=default, conversationId=a3ffe5cf-0024-4250-8bce-8ff9e64366a3, turnId=dc5cccb5-ba14-4cd6-8fa8-066131dd2103, channel=agent_source_scan, status=stored, sessionId=session_415f55695ed2fe657195, episodeId=episode_df1bbcebdec11f6ac4a9, rawTurnId=raw_7f1db093d6ac50ebe210, l1MemoryIds=trace_b594a27f78125c32168f"}
{"timestamp":"2026-10-02T17:27:12.467Z","level":"info","message":"[memory-service] source_turn.complete, source=claude_code, profileId=default, conversationId=a3ffe5cf-0024-4250-8bce-8ff9e64366a3, turnId=fa723472-029b-45a5-9938-08f713ec3a15, channel=agent_source_scan, status=stored, sessionId=session_415f55695ed2fe657195, episodeId=episode_df1bbcebdec11f6ac4a9, rawTurnId=raw_756e3292589eb2108757, l1MemoryIds=trace_af9ff21d8d1f0bee0262"}
{"timestamp":"2026-10-02T17:27:12.478Z","level":"info","message":"[memory-service] source_turn.complete, source=claude_code, profileId=default, conversationId=a3ffe5cf-0024-4250-8bce-8ff9e64366a3, turnId=4f5e5f51-72dc-4379-a4f8-a1cb8a07f370, channel=agent_source_scan, status=stored, sessionId=session_415f55695ed2fe657195, episodeId=episode_df1bbcebdec11f6ac4a9, rawTurnId=raw_18de77f0d4e1c4284b30, l1MemoryIds=trace_244b382f4fb4ebb943df"}
{"timestamp":"2026-10-02T17:27:12.504Z","level":"info","message":"[memory-service] source_turn.complete, source=claude_code, profileId=default, conversationId=a3ffe5cf-0024-4250-8bce-8ff9e64366a3, turnId=40cbfee9-dc6d-4259-91af-cddba77e99c5, channel=agent_source_scan, status=stored, sessionId=session_415f55695ed2fe657195, episodeId=episode_df1bbcebdec11f6ac4a9, rawTurnId=raw_4fdd453f211d83ec5111, l1MemoryIds=trace_363c84e779340fd4396f"}
{"timestamp":"2026-10-02T17:27:12.517Z","level":"info","message":"[memory-service] source_turn.complete, source=claude_code, profileId=default, conversationId=a3ffe5cf-0024-4250-8bce-8ff9e64366a3, turnId=b5ece5fb-d34b-4b75-b273-10cade9b1adb, channel=agent_source_scan, status=stored, sessionId=session_415f55695ed2fe657195, episodeId=episode_df1bbcebdec11f6ac4a9, rawTurnId=raw_42eae453d0c6e18a5a49, l1MemoryIds=trace_9dae5b3ff8e4314195c8"}
{"timestamp":"2026-10-02T17:27:12.567Z","level":"info","message":"[memory-service] source_turn.complete, source=claude_code, profileId=default, conversationId=af30404f-20d3-44ae-8882-e8e0c198a7e5, turnId=05ab938c-dcef-41f9-bff7-943749f03fe7, channel=agent_source_scan, status=stored, sessionId=session_4c7183d08d0ac324428c, episodeId=episode_2ad7210ab2351486cce3, rawTurnId=raw_5387d32c6b6260e75941, l1MemoryIds=trace_3809aef283e058ffb174"}
{"timestamp":"2026-10-02T17:27:12.584Z","level":"info","message":"[memory-service] source_turn.complete, source=claude_code, profileId=default, conversationId=b46c4b44-1906-483e-a09c-bd339069a013, turnId=fc65bb86-61c2-4043-87a4-b7cd308645d7, channel=agent_source_scan, status=stored, sessionId=session_748dea03838436c26b11, episodeId=episode_8bf4dcdf10276a085362, rawTurnId=raw_29f698e5d64a7e8bdb85, l1MemoryIds=trace_d5764eb8759455b8bd07"}
{"timestamp":"2026-10-02T17:27:12.602Z","level":"warn","message":"[agent-source] scan.item_skipped, sourceId=claude_code, conversationId=b46c4b44-1906-483e-a09c-bd339069a013, reason=turn_incomplete"}
{"timestamp":"2026-10-02T17:27:12.620Z","level":"info","message":"[memory-service] source_turn.complete, source=claude_code, profileId=default, conversationId=b46c4b44-1906-483e-a09c-bd339069a013, turnId=93a3be21-3154-404b-8b0a-2ce819e1aec2, channel=agent_source_scan, status=stored, sessionId=session_748dea03838436c26b11, episodeId=episode_96e501bd6fe7ccb29289, rawTurnId=raw_1f63c6eabb9ca9d1c9be, l1MemoryIds=trace_6a0e3162f69c1254589a"}
{"timestamp":"2026-10-02T17:27:12.630Z","level":"info","message":"[memory-service] source_turn.complete, source=claude_code, profileId=default, conversationId=c32a94b7-2a42-43a6-8f4c-d7034c71590e, turnId=f5e00497-0b69-40fa-babc-efa0c97a7a88, channel=agent_source_scan, status=stored, sessionId=session_a8267bd05dc0c61d0148, episodeId=episode_66fc0fcdf236b0e19938, rawTurnId=raw_292a7b4ac91a79fa7c13, l1MemoryIds=trace_f1227b34213ce0505384"}
{"timestamp":"2026-10-02T17:27:12.658Z","level":"info","message":"[memory-service] source_turn.complete, source=claude_code, profileId=default, conversationId=d3e2b844-3cea-4c33-be80-4104f227c882, turnId=c979b311-a633-46d7-95a7-0f2510900324, channel=agent_source_scan, status=stored, sessionId=session_33e0dea43e1ed7e5cf00, episodeId=episode_6f943f6be37526b82dbd, rawTurnId=raw_e7896cbefeefddee4d5f, l1MemoryIds=trace_32e538f3130bb44e9c34"}
{"timestamp":"2026-10-02T17:27:12.671Z","level":"info","message":"[memory-service] source_turn.complete, source=claude_code, profileId=default, conversationId=fc310dbb-080a-4959-b23c-a20023ebb8f7, turnId=dacf55b0-ef2f-4747-934d-243e18571923, channel=agent_source_scan, status=stored, sessionId=session_66e62dc17379e5c7517d, episodeId=episode_50d4c2c0f5a2b04f11a7, rawTurnId=raw_971054a21e7e5587168b, l1MemoryIds=trace_e48ed766064bffdc9bad"}
{"timestamp":"2026-10-02T17:27:12.685Z","level":"info","message":"[memory-service] source_turn.complete, source=claude_code, profileId=default, conversationId=fc310dbb-080a-4959-b23c-a20023ebb8f7, turnId=fa87e601-9988-4f3d-b024-a35223d0120f, channel=agent_source_scan, status=stored, sessionId=session_66e62dc17379e5c7517d, episodeId=episode_50d4c2c0f5a2b04f11a7, rawTurnId=raw_dc3aa260c79bf5b87186, l1MemoryIds=trace_168555dd7175811d2a05"}
{"timestamp":"2026-10-02T17:27:12.699Z","level":"info","message":"[memory-service] source_turn.complete, source=claude_code, profileId=default, conversationId=fc310dbb-080a-4959-b23c-a20023ebb8f7, turnId=e52b73a3-c7f5-4746-a7ea-97ca2b52ad20, channel=agent_source_scan, status=stored, sessionId=session_66e62dc17379e5c7517d, episodeId=episode_50d4c2c0f5a2b04f11a7, rawTurnId=raw_4b74e2003f664233a71b, l1MemoryIds=trace_799e0f18fd7a288bbb73"}
{"timestamp":"2026-10-02T17:27:12.712Z","level":"info","message":"[memory-service] source_turn.complete, source=claude_code, profileId=default, conversationId=fc310dbb-080a-4959-b23c-a20023ebb8f7, turnId=1a072c3a-3cda-42f4-a777-5781ebddc281, channel=agent_source_scan, status=stored, sessionId=session_66e62dc17379e5c7517d, episodeId=episode_50d4c2c0f5a2b04f11a7, rawTurnId=raw_f0d8a519cbfe0fc052c7, l1MemoryIds=trace_9be1f628e6bb0c5df748"}
{"timestamp":"2026-10-02T17:27:12.733Z","level":"info","message":"[memory-service] source_turn.complete, source=claude_code, profileId=default, conversationId=fc310dbb-080a-4959-b23c-a20023ebb8f7, turnId=c9b9df68-647e-4fdd-803c-59765fb2bd8c, channel=agent_source_scan, status=stored, sessionId=session_66e62dc17379e5c7517d, episodeId=episode_50d4c2c0f5a2b04f11a7, rawTurnId=raw_d1b89346c77d423f2c25, l1MemoryIds=trace_aa55cc9376f38e8e87e6"}
{"timestamp":"2026-10-02T17:27:12.737Z","level":"info","message":"[episode.close] Job started, jobId=job_f028eddd2375439395da, attempt=1, maxAttempts=3, sessionId=session_3dfb88b2f276450e4fa4, episodeId=episode_bb686d09d21dc0975cfc"}
{"timestamp":"2026-10-02T17:27:12.739Z","level":"info","message":"[episode.close] Job succeeded, jobId=job_f028eddd2375439395da, attempt=1, maxAttempts=3"}
{"timestamp":"2026-10-02T17:27:12.739Z","level":"info","message":"[episode.close] Job started, jobId=job_07add46be62bdc8a93dd, attempt=1, maxAttempts=3, sessionId=session_3dfb88b2f276450e4fa4, episodeId=episode_bb686d09d21dc0975cfc"}
{"timestamp":"2026-10-02T17:27:12.741Z","level":"info","message":"[episode.close] Job succeeded, jobId=job_07add46be62bdc8a93dd, attempt=1, maxAttempts=3"}
{"timestamp":"2026-10-02T17:27:12.741Z","level":"info","message":"[episode.close] Job started, jobId=job_6e90940b1956eb10bbe3, attempt=1, maxAttempts=3, sessionId=session_3dfb88b2f276450e4fa4, episodeId=episode_bb686d09d21dc0975cfc"}
{"timestamp":"2026-10-02T17:27:12.743Z","level":"info","message":"[episode.close] Job succeeded, jobId=job_6e90940b1956eb10bbe3, attempt=1, maxAttempts=3"}
{"timestamp":"2026-10-02T17:27:12.743Z","level":"info","message":"[episode.close] Job started, jobId=job_2fb098ff0b6da40fee4d, attempt=1, maxAttempts=3, sessionId=session_21687f038bb3e22a4d48, episodeId=episode_4e841e6b6861dcc6c131"}
{"timestamp":"2026-10-02T17:27:12.747Z","level":"info","message":"[episode.close] Job succeeded, jobId=job_2fb098ff0b6da40fee4d, attempt=1, maxAttempts=3"}
{"timestamp":"2026-10-02T17:27:12.747Z","level":"info","message":"[worker] Worker drain completed, leased=4, succeeded=4, failed=0, embeddingRetriesLeased=0, embeddingRetriesSucceeded=0, embeddingRetriesFailed=0"}
{"timestamp":"2026-10-02T17:27:12.751Z","level":"info","message":"[episode.close] Job started, jobId=job_5f707a0801a76f98b155, attempt=1, maxAttempts=3, sessionId=session_21687f038bb3e22a4d48, episodeId=episode_4e841e6b6861dcc6c131"}
{"timestamp":"2026-10-02T17:27:12.753Z","level":"info","message":"[episode.close] Job succeeded, jobId=job_5f707a0801a76f98b155, attempt=1, maxAttempts=3"}
{"timestamp":"2026-10-02T17:27:12.753Z","level":"info","message":"[episode.close] Job started, jobId=job_d8772081c470990f1d81, attempt=1, maxAttempts=3, sessionId=session_21687f038bb3e22a4d48, episodeId=episode_4e841e6b6861dcc6c131"}
{"timestamp":"2026-10-02T17:27:12.754Z","level":"info","message":"[episode.close] Job succeeded, jobId=job_d8772081c470990f1d81, attempt=1, maxAttempts=3"}
{"timestamp":"2026-10-02T17:27:12.755Z","level":"info","message":"[episode.close] Job started, jobId=job_f922d17822af12793a41, attempt=1, maxAttempts=3, sessionId=session_40d1451b3f36d6457e00, episodeId=episode_57ea250e02f7531b835c"}
{"timestamp":"2026-10-02T17:27:12.756Z","level":"info","message":"[episode.close] Job succeeded, jobId=job_f922d17822af12793a41, attempt=1, maxAttempts=3"}
{"timestamp":"2026-10-02T17:27:12.756Z","level":"info","message":"[episode.close] Job started, jobId=job_ace2e90c78cc70fbf0ca, attempt=1, maxAttempts=3, sessionId=session_21687f038bb3e22a4d48, episodeId=episode_4e841e6b6861dcc6c131"}
{"timestamp":"2026-10-02T17:27:12.758Z","level":"info","message":"[episode.close] Job succeeded, jobId=job_ace2e90c78cc70fbf0ca, attempt=1, maxAttempts=3"}
{"timestamp":"2026-10-02T17:27:12.758Z","level":"info","message":"[worker] Worker drain completed, leased=4, succeeded=4, failed=0, embeddingRetriesLeased=0, embeddingRetriesSucceeded=0, embeddingRetriesFailed=0"}
{"timestamp":"2026-10-02T17:27:12.765Z","level":"info","message":"[episode.close] Job started, jobId=job_47e48efa9be6deb8a36b, attempt=1, maxAttempts=3, sessionId=session_21687f038bb3e22a4d48, episodeId=episode_4e841e6b6861dcc6c131"}
{"timestamp":"2026-10-02T17:27:12.767Z","level":"info","message":"[episode.close] Job succeeded, jobId=job_47e48efa9be6deb8a36b, attempt=1, maxAttempts=3"}
{"timestamp":"2026-10-02T17:27:12.767Z","level":"info","message":"[episode.close] Job started, jobId=job_dbefca9614086734a2d4, attempt=1, maxAttempts=3, sessionId=session_21687f038bb3e22a4d48, episodeId=episode_4e841e6b6861dcc6c131"}
{"timestamp":"2026-10-02T17:27:12.768Z","level":"info","message":"[episode.close] Job succeeded, jobId=job_dbefca9614086734a2d4, attempt=1, maxAttempts=3"}
{"timestamp":"2026-10-02T17:27:12.769Z","level":"info","message":"[episode.close] Job started, jobId=job_6d59f909024222bec7f0, attempt=1, maxAttempts=3, sessionId=session_21687f038bb3e22a4d48, episodeId=episode_4e841e6b6861dcc6c131"}
{"timestamp":"2026-10-02T17:27:12.770Z","level":"info","message":"[episode.close] Job succeeded, jobId=job_6d59f909024222bec7f0, attempt=1, maxAttempts=3"}
{"timestamp":"2026-10-02T17:27:12.771Z","level":"info","message":"[episode.close] Job started, jobId=job_be1d8f0947bfb7040e42, attempt=1, maxAttempts=3, sessionId=session_24b5d0cfb4f864eb0f8a, episodeId=episode_539afdf598f2f6c61298"}
{"timestamp":"2026-10-02T17:27:12.777Z","level":"info","message":"[episode.close] Job succeeded, jobId=job_be1d8f0947bfb7040e42, attempt=1, maxAttempts=3"}
{"timestamp":"2026-10-02T17:27:12.777Z","level":"info","message":"[worker] Worker drain completed, leased=4, succeeded=4, failed=0, embeddingRetriesLeased=0, embeddingRetriesSucceeded=0, embeddingRetriesFailed=0"}
{"timestamp":"2026-10-02T17:27:12.781Z","level":"info","message":"[episode.close] Job started, jobId=job_3f59a51b6d958300f1b5, attempt=1, maxAttempts=3, sessionId=session_66e62dc17379e5c7517d, episodeId=episode_50d4c2c0f5a2b04f11a7"}
{"timestamp":"2026-10-02T17:27:12.782Z","level":"info","message":"[episode.close] Job succeeded, jobId=job_3f59a51b6d958300f1b5, attempt=1, maxAttempts=3"}
{"timestamp":"2026-10-02T17:27:12.783Z","level":"info","message":"[episode.close] Job started, jobId=job_fb8fd73a463b91c96182, attempt=1, maxAttempts=3, sessionId=session_66e62dc17379e5c7517d, episodeId=episode_50d4c2c0f5a2b04f11a7"}
{"timestamp":"2026-10-02T17:27:12.784Z","level":"info","message":"[episode.close] Job succeeded, jobId=job_fb8fd73a463b91c96182, attempt=1, maxAttempts=3"}
{"timestamp":"2026-10-02T17:27:12.785Z","level":"info","message":"[episode.close] Job started, jobId=job_e69ec37e092271657749, attempt=1, maxAttempts=3, sessionId=session_24b5d0cfb4f864eb0f8a, episodeId=episode_539afdf598f2f6c61298"}
{"timestamp":"2026-10-02T17:27:12.786Z","level":"info","message":"[episode.close] Job succeeded, jobId=job_e69ec37e092271657749, attempt=1, maxAttempts=3"}
{"timestamp":"2026-10-02T17:27:12.786Z","level":"info","message":"[episode.close] Job started, jobId=job_a3de9077788440b8e129, attempt=1, maxAttempts=3, sessionId=session_415f55695ed2fe657195, episodeId=episode_df1bbcebdec11f6ac4a9"}
{"timestamp":"2026-10-02T17:27:12.788Z","level":"info","message":"[episode.close] Job succeeded, jobId=job_a3de9077788440b8e129, attempt=1, maxAttempts=3"}
{"timestamp":"2026-10-02T17:27:12.788Z","level":"info","message":"[worker] Worker drain completed, leased=4, succeeded=4, failed=0, embeddingRetriesLeased=0, embeddingRetriesSucceeded=0, embeddingRetriesFailed=0"}
{"timestamp":"2026-10-02T17:27:12.796Z","level":"info","message":"[embedding] Job started, jobId=job_e76c17a1dd69be5ce563, attempt=1, maxAttempts=3, targetMemoryId=skill_82604dc097d2687ebc40"}
{"timestamp":"2026-10-02T17:27:13.999Z","level":"info","message":"[memory-service] source_turn.complete, source=deepseek_harness, profileId=standard, conversationId=session-9b4df3dc-ba83-44f0-9ee5-82c9acb93663, turnId=session-9b4df3dc-ba83-44f0-9ee5-82c9acb93663:1, channel=agent_source_scan, status=stored, sessionId=session_bf15b68f2cb3158050fa, episodeId=episode_3067c2270fbfa95f2b98, rawTurnId=raw_ef8e427b62c91ba6e228, l1MemoryIds=trace_1ea1d97f76a7271f8965"}
{"timestamp":"2026-10-02T17:27:14.030Z","level":"info","message":"[memory-service] source_turn.complete, source=deepseek_harness, profileId=standard, conversationId=session-9b4df3dc-ba83-44f0-9ee5-82c9acb93663, turnId=session-9b4df3dc-ba83-44f0-9ee5-82c9acb93663:2, channel=agent_source_scan, status=stored, sessionId=session_bf15b68f2cb3158050fa, episodeId=episode_f6f4552c254047a702d5, rawTurnId=raw_5a33e45231836cec9bce, l1MemoryIds=trace_0696fe71196cefdfde1d"}
{"timestamp":"2026-10-02T17:27:14.070Z","level":"info","message":"[memory-service] source_turn.complete, source=deepseek_harness, profileId=standard, conversationId=session-9b4df3dc-ba83-44f0-9ee5-82c9acb93663, turnId=session-9b4df3dc-ba83-44f0-9ee5-82c9acb93663:3, channel=agent_source_scan, status=stored, sessionId=session_bf15b68f2cb3158050fa, episodeId=episode_f6f4552c254047a702d5, rawTurnId=raw_15a703daa5d155f107ac, l1MemoryIds=trace_d8916d24f6a475b3ad04"}
{"timestamp":"2026-10-02T17:27:14.090Z","level":"info","message":"[agent-source] scan.completed, jobId=agent-scan-mur8juud, sourceId=all"}
{"timestamp":"2026-10-02T17:27:36.476Z","level":"info","message":"[embedding] Embedding request succeeded, provider=local, model=Xenova/all-MiniLM-L6-v2, role=query, batchSize=1, durationMs=23677"}
{"timestamp":"2026-10-02T17:27:36.499Z","level":"info","message":"[embedding] Job succeeded, jobId=job_e76c17a1dd69be5ce563, attempt=1, maxAttempts=3, targetMemoryId=skill_82604dc097d2687ebc40"}
{"timestamp":"2026-10-02T17:27:36.500Z","level":"info","message":"[worker] Worker drain completed, leased=1, succeeded=1, failed=0, embeddingRetriesLeased=0, embeddingRetriesSucceeded=0, embeddingRetriesFailed=0"}
{"timestamp":"2026-10-02T17:27:36.505Z","level":"info","message":"[episode.close] Job started, jobId=job_4067d0a55d3fc65fa89f, attempt=1, maxAttempts=3, sessionId=session_bf15b68f2cb3158050fa, episodeId=episode_3067c2270fbfa95f2b98"}
{"timestamp":"2026-10-02T17:27:36.507Z","level":"info","message":"[episode.close] Job succeeded, jobId=job_4067d0a55d3fc65fa89f, attempt=1, maxAttempts=3"}
{"timestamp":"2026-10-02T17:27:36.507Z","level":"info","message":"[episode.close] Job started, jobId=job_1d096563dba654415626, attempt=1, maxAttempts=3, sessionId=session_bf15b68f2cb3158050fa, episodeId=episode_f6f4552c254047a702d5"}
{"timestamp":"2026-10-02T17:27:36.509Z","level":"info","message":"[episode.close] Job succeeded, jobId=job_1d096563dba654415626, attempt=1, maxAttempts=3"}
{"timestamp":"2026-10-02T17:27:36.509Z","level":"info","message":"[episode.close] Job started, jobId=job_a5f96aaa243109b77780, attempt=1, maxAttempts=3, sessionId=session_bf15b68f2cb3158050fa, episodeId=episode_f6f4552c254047a702d5"}
{"timestamp":"2026-10-02T17:27:36.511Z","level":"info","message":"[episode.close] Job succeeded, jobId=job_a5f96aaa243109b77780, attempt=1, maxAttempts=3"}
{"timestamp":"2026-10-02T17:27:36.511Z","level":"info","message":"[episode.close] Job started, jobId=job_df795cc7328f2b4d402c, attempt=1, maxAttempts=3, sessionId=session_66e62dc17379e5c7517d, episodeId=episode_50d4c2c0f5a2b04f11a7"}
{"timestamp":"2026-10-02T17:27:36.516Z","level":"info","message":"[episode.close] Job succeeded, jobId=job_df795cc7328f2b4d402c, attempt=1, maxAttempts=3"}
{"timestamp":"2026-10-02T17:27:36.516Z","level":"info","message":"[worker] Worker drain completed, leased=4, succeeded=4, failed=0, embeddingRetriesLeased=0, embeddingRetriesSucceeded=0, embeddingRetriesFailed=0"}
{"timestamp":"2026-10-02T17:27:36.520Z","level":"info","message":"[episode.close] Job started, jobId=job_296708656c8cc7e7e4d3, attempt=1, maxAttempts=3, sessionId=session_415f55695ed2fe657195, episodeId=episode_df1bbcebdec11f6ac4a9"}
{"timestamp":"2026-10-02T17:27:36.522Z","level":"info","message":"[episode.close] Job succeeded, jobId=job_296708656c8cc7e7e4d3, attempt=1, maxAttempts=3"}
{"timestamp":"2026-10-02T17:27:36.522Z","level":"info","message":"[episode.close] Job started, jobId=job_318da5e3e94d6d306f7c, attempt=1, maxAttempts=3, sessionId=session_66e62dc17379e5c7517d, episodeId=episode_50d4c2c0f5a2b04f11a7"}
{"timestamp":"2026-10-02T17:27:36.524Z","level":"info","message":"[episode.close] Job succeeded, jobId=job_318da5e3e94d6d306f7c, attempt=1, maxAttempts=3"}
{"timestamp":"2026-10-02T17:27:36.524Z","level":"info","message":"[episode.close] Job started, jobId=job_fb052336d5b1d4286438, attempt=1, maxAttempts=3, sessionId=session_415f55695ed2fe657195, episodeId=episode_df1bbcebdec11f6ac4a9"}
{"timestamp":"2026-10-02T17:27:36.526Z","level":"info","message":"[episode.close] Job succeeded, jobId=job_fb052336d5b1d4286438, attempt=1, maxAttempts=3"}
{"timestamp":"2026-10-02T17:27:36.526Z","level":"info","message":"[episode.close] Job started, jobId=job_e1cb8d49ce1a70df3b82, attempt=1, maxAttempts=3, sessionId=session_415f55695ed2fe657195, episodeId=episode_df1bbcebdec11f6ac4a9"}
{"timestamp":"2026-10-02T17:27:36.528Z","level":"info","message":"[episode.close] Job succeeded, jobId=job_e1cb8d49ce1a70df3b82, attempt=1, maxAttempts=3"}
{"timestamp":"2026-10-02T17:27:36.528Z","level":"info","message":"[worker] Worker drain completed, leased=4, succeeded=4, failed=0, embeddingRetriesLeased=0, embeddingRetriesSucceeded=0, embeddingRetriesFailed=0"}
{"timestamp":"2026-10-02T17:27:36.532Z","level":"info","message":"[episode.close] Job started, jobId=job_d973e7ac30d5f50460b9, attempt=1, maxAttempts=3, sessionId=session_415f55695ed2fe657195, episodeId=episode_df1bbcebdec11f6ac4a9"}
{"timestamp":"2026-10-02T17:27:36.533Z","level":"info","message":"[episode.close] Job succeeded, jobId=job_d973e7ac30d5f50460b9, attempt=1, maxAttempts=3"}
{"timestamp":"2026-10-02T17:27:36.534Z","level":"info","message":"[episode.close] Job started, jobId=job_b3ec8b0cead75a79dff1, attempt=1, maxAttempts=3, sessionId=session_415f55695ed2fe657195, episodeId=episode_df1bbcebdec11f6ac4a9"}
{"timestamp":"2026-10-02T17:27:36.539Z","level":"info","message":"[episode.close] Job succeeded, jobId=job_b3ec8b0cead75a79dff1, attempt=1, maxAttempts=3"}
{"timestamp":"2026-10-02T17:27:36.539Z","level":"info","message":"[episode.close] Job started, jobId=job_aeca9ba659bc15c60fe4, attempt=1, maxAttempts=3, sessionId=session_748dea03838436c26b11, episodeId=episode_8bf4dcdf10276a085362"}
{"timestamp":"2026-10-02T17:27:36.543Z","level":"info","message":"[episode.close] Job succeeded, jobId=job_aeca9ba659bc15c60fe4, attempt=1, maxAttempts=3"}
{"timestamp":"2026-10-02T17:27:36.544Z","level":"info","message":"[episode.close] Job started, jobId=job_c3818573f49f0f9c41c9, attempt=1, maxAttempts=3, sessionId=session_915eddcf8229d00a984a, episodeId=episode_64c2c508a41056d518a8"}
{"timestamp":"2026-10-02T17:27:36.545Z","level":"info","message":"[episode.close] Job succeeded, jobId=job_c3818573f49f0f9c41c9, attempt=1, maxAttempts=3"}
{"timestamp":"2026-10-02T17:27:36.545Z","level":"info","message":"[worker] Worker drain completed, leased=4, succeeded=4, failed=0, embeddingRetriesLeased=0, embeddingRetriesSucceeded=0, embeddingRetriesFailed=0"}
{"timestamp":"2026-10-02T17:27:36.549Z","level":"info","message":"[episode.close] Job started, jobId=job_18e29dd3dbf16645a630, attempt=1, maxAttempts=3, sessionId=session_7be3610008816d8e60d3, episodeId=episode_96f791a824b8658f1e52"}
{"timestamp":"2026-10-02T17:27:36.550Z","level":"info","message":"[episode.close] Job succeeded, jobId=job_18e29dd3dbf16645a630, attempt=1, maxAttempts=3"}
{"timestamp":"2026-10-02T17:27:36.550Z","level":"info","message":"[episode.close] Job started, jobId=job_61d011a2c60cbcd65477, attempt=1, maxAttempts=3, sessionId=session_799fac0e7e67543440dc, episodeId=episode_bf09916698436cbb6bf4"}
{"timestamp":"2026-10-02T17:27:36.552Z","level":"info","message":"[episode.close] Job succeeded, jobId=job_61d011a2c60cbcd65477, attempt=1, maxAttempts=3"}
{"timestamp":"2026-10-02T17:27:36.552Z","level":"info","message":"[episode.close] Job started, jobId=job_ee1433fd9361b8e68845, attempt=1, maxAttempts=3, sessionId=session_72c2152d626f2214973f, episodeId=episode_7194f7a3db2377d229c2"}
{"timestamp":"2026-10-02T17:27:36.553Z","level":"info","message":"[episode.close] Job succeeded, jobId=job_ee1433fd9361b8e68845, attempt=1, maxAttempts=3"}
{"timestamp":"2026-10-02T17:27:36.553Z","level":"info","message":"[episode.close] Job started, jobId=job_9de316fa89535a4e48c3, attempt=1, maxAttempts=3, sessionId=session_c7bf9c2d901e460a39f8, episodeId=episode_e38ceb2985fefc09ccec"}
{"timestamp":"2026-10-02T17:27:36.555Z","level":"info","message":"[episode.close] Job succeeded, jobId=job_9de316fa89535a4e48c3, attempt=1, maxAttempts=3"}
{"timestamp":"2026-10-02T17:27:36.555Z","level":"info","message":"[worker] Worker drain completed, leased=4, succeeded=4, failed=0, embeddingRetriesLeased=0, embeddingRetriesSucceeded=0, embeddingRetriesFailed=0"}
{"timestamp":"2026-10-02T17:27:36.559Z","level":"info","message":"[episode.close] Job started, jobId=job_f04f733331b58923e42e, attempt=1, maxAttempts=3, sessionId=session_046da8461ea7cbd53811, episodeId=episode_4529c6b8d03682468f0e"}
{"timestamp":"2026-10-02T17:27:36.560Z","level":"info","message":"[episode.close] Job succeeded, jobId=job_f04f733331b58923e42e, attempt=1, maxAttempts=3"}
{"timestamp":"2026-10-02T17:27:36.560Z","level":"info","message":"[episode.close] Job started, jobId=job_9f1b3183bfc176408a2c, attempt=1, maxAttempts=3, sessionId=session_33e0dea43e1ed7e5cf00, episodeId=episode_6f943f6be37526b82dbd"}
{"timestamp":"2026-10-02T17:27:36.562Z","level":"info","message":"[episode.close] Job succeeded, jobId=job_9f1b3183bfc176408a2c, attempt=1, maxAttempts=3"}
{"timestamp":"2026-10-02T17:27:36.562Z","level":"info","message":"[episode.close] Job started, jobId=job_c7b00723e48ee5fb3628, attempt=1, maxAttempts=3, sessionId=session_94f26f8db5c2d9fb278a, episodeId=episode_be79cc9d18b4b15f08c9"}
{"timestamp":"2026-10-02T17:27:36.564Z","level":"info","message":"[episode.close] Job succeeded, jobId=job_c7b00723e48ee5fb3628, attempt=1, maxAttempts=3"}
{"timestamp":"2026-10-02T17:27:36.564Z","level":"info","message":"[episode.close] Job started, jobId=job_a956d448d3bfc702cad0, attempt=1, maxAttempts=3, sessionId=session_4c7183d08d0ac324428c, episodeId=episode_2ad7210ab2351486cce3"}
{"timestamp":"2026-10-02T17:27:36.565Z","level":"info","message":"[episode.close] Job succeeded, jobId=job_a956d448d3bfc702cad0, attempt=1, maxAttempts=3"}
{"timestamp":"2026-10-02T17:27:36.565Z","level":"info","message":"[worker] Worker drain completed, leased=4, succeeded=4, failed=0, embeddingRetriesLeased=0, embeddingRetriesSucceeded=0, embeddingRetriesFailed=0"}
{"timestamp":"2026-10-02T17:27:36.569Z","level":"info","message":"[episode.close] Job started, jobId=job_427206854223843f624f, attempt=1, maxAttempts=3, sessionId=session_66e62dc17379e5c7517d, episodeId=episode_50d4c2c0f5a2b04f11a7"}
{"timestamp":"2026-10-02T17:27:36.570Z","level":"info","message":"[episode.close] Job succeeded, jobId=job_427206854223843f624f, attempt=1, maxAttempts=3"}
{"timestamp":"2026-10-02T17:27:36.571Z","level":"info","message":"[episode.close] Job started, jobId=job_6b830d9c84eb61c760fc, attempt=1, maxAttempts=3, sessionId=session_748dea03838436c26b11, episodeId=episode_96e501bd6fe7ccb29289"}
{"timestamp":"2026-10-02T17:27:36.601Z","level":"info","message":"[episode.close] Job succeeded, jobId=job_6b830d9c84eb61c760fc, attempt=1, maxAttempts=3"}
{"timestamp":"2026-10-02T17:27:36.601Z","level":"info","message":"[episode.close] Job started, jobId=job_a75d3763523fd5fc3b45, attempt=1, maxAttempts=3, sessionId=session_a8267bd05dc0c61d0148, episodeId=episode_66fc0fcdf236b0e19938"}
{"timestamp":"2026-10-02T17:27:36.603Z","level":"info","message":"[episode.close] Job succeeded, jobId=job_a75d3763523fd5fc3b45, attempt=1, maxAttempts=3"}
{"timestamp":"2026-10-02T17:27:36.603Z","level":"info","message":"[episode.close] Job started, jobId=job_5d97202cd40886af33ec, attempt=1, maxAttempts=3, sessionId=session_e3f0515fb77749201ba0, episodeId=episode_be851aec0652c9f429d2"}
{"timestamp":"2026-10-02T17:27:36.605Z","level":"info","message":"[episode.close] Job succeeded, jobId=job_5d97202cd40886af33ec, attempt=1, maxAttempts=3"}
{"timestamp":"2026-10-02T17:27:36.605Z","level":"info","message":"[worker] Worker drain completed, leased=4, succeeded=4, failed=0, embeddingRetriesLeased=0, embeddingRetriesSucceeded=0, embeddingRetriesFailed=0"}
{"timestamp":"2026-10-02T17:27:36.608Z","level":"info","message":"[episode.close] Job started, jobId=job_67fc6be350380d8be153, attempt=1, maxAttempts=3, sessionId=session_94f26f8db5c2d9fb278a, episodeId=episode_e9eb020f942c0c69f916"}
{"timestamp":"2026-10-02T17:27:36.621Z","level":"info","message":"[episode.close] Job succeeded, jobId=job_67fc6be350380d8be153, attempt=1, maxAttempts=3"}
{"timestamp":"2026-10-02T17:27:36.621Z","level":"info","message":"[episode.close] Job started, jobId=job_7f635232cc9add604a4d, attempt=1, maxAttempts=3, sessionId=session_f4894cbb5cee22eab31f, episodeId=episode_83056281bde3f878c360"}
{"timestamp":"2026-10-02T17:27:36.629Z","level":"info","message":"[episode.close] Job succeeded, jobId=job_7f635232cc9add604a4d, attempt=1, maxAttempts=3"}
{"timestamp":"2026-10-02T17:27:36.629Z","level":"info","message":"[episode.close] Job started, jobId=job_eaaca7536cd53433d4b9, attempt=1, maxAttempts=3, sessionId=session_f4894cbb5cee22eab31f, episodeId=episode_5a58417d152fe8fef173"}
{"timestamp":"2026-10-02T17:27:36.630Z","level":"info","message":"[episode.close] Job succeeded, jobId=job_eaaca7536cd53433d4b9, attempt=1, maxAttempts=3"}
{"timestamp":"2026-10-02T17:27:36.631Z","level":"info","message":"[episode.close] Job started, jobId=job_56d335add52ff086d979, attempt=1, maxAttempts=3, sessionId=session_f4894cbb5cee22eab31f, episodeId=episode_5a58417d152fe8fef173"}
{"timestamp":"2026-10-02T17:27:36.632Z","level":"info","message":"[episode.close] Job succeeded, jobId=job_56d335add52ff086d979, attempt=1, maxAttempts=3"}
{"timestamp":"2026-10-02T17:27:36.632Z","level":"info","message":"[worker] Worker drain completed, leased=4, succeeded=4, failed=0, embeddingRetriesLeased=0, embeddingRetriesSucceeded=0, embeddingRetriesFailed=0"}
{"timestamp":"2026-10-02T17:27:36.634Z","level":"info","message":"[episode.close] Job started, jobId=job_23d80a1743cc903a5df5, attempt=1, maxAttempts=3, sessionId=session_f4894cbb5cee22eab31f, episodeId=episode_5a58417d152fe8fef173"}
{"timestamp":"2026-10-02T17:27:36.636Z","level":"info","message":"[episode.close] Job succeeded, jobId=job_23d80a1743cc903a5df5, attempt=1, maxAttempts=3"}
{"timestamp":"2026-10-02T17:27:36.636Z","level":"info","message":"[episode.close] Job started, jobId=job_bd382e5b54c270236543, attempt=1, maxAttempts=3, sessionId=session_f4894cbb5cee22eab31f, episodeId=episode_5a58417d152fe8fef173"}
{"timestamp":"2026-10-02T17:27:36.638Z","level":"info","message":"[episode.close] Job succeeded, jobId=job_bd382e5b54c270236543, attempt=1, maxAttempts=3"}
{"timestamp":"2026-10-02T17:27:36.638Z","level":"info","message":"[episode.close] Job started, jobId=job_b8a5f79980c0ca137f7c, attempt=1, maxAttempts=3, sessionId=session_f4894cbb5cee22eab31f, episodeId=episode_5a58417d152fe8fef173"}
{"timestamp":"2026-10-02T17:27:36.639Z","level":"info","message":"[episode.close] Job succeeded, jobId=job_b8a5f79980c0ca137f7c, attempt=1, maxAttempts=3"}
{"timestamp":"2026-10-02T17:27:36.639Z","level":"info","message":"[worker] Worker drain completed, leased=3, succeeded=3, failed=0, embeddingRetriesLeased=0, embeddingRetriesSucceeded=0, embeddingRetriesFailed=0"}
{"timestamp":"2026-10-02T17:27:36.643Z","level":"info","message":"[reflection] Job started, jobId=job_c76b6bf599109ff67ab7, attempt=1, maxAttempts=3, sessionId=session_3dfb88b2f276450e4fa4, episodeId=episode_9aa2d5b6f3d575b10955, targetMemoryId=trace_c376f9079b702239ee39"}
{"timestamp":"2026-10-02T17:27:36.652Z","level":"info","message":"[reflection] Job succeeded, jobId=job_c76b6bf599109ff67ab7, attempt=1, maxAttempts=3, targetMemoryId=trace_c376f9079b702239ee39"}
{"timestamp":"2026-10-02T17:27:36.652Z","level":"info","message":"[reflection] Job started, jobId=job_b610a3bb90bb55d8392e, attempt=1, maxAttempts=3, sessionId=session_3dfb88b2f276450e4fa4, episodeId=episode_81b57351f88e13273688, targetMemoryId=trace_51f00ad8eca79943de62"}
{"timestamp":"2026-10-02T17:27:36.661Z","level":"info","message":"[reflection] Job succeeded, jobId=job_b610a3bb90bb55d8392e, attempt=1, maxAttempts=3, targetMemoryId=trace_51f00ad8eca79943de62"}
{"timestamp":"2026-10-02T17:27:36.662Z","level":"info","message":"[reflection] Job started, jobId=job_81d73af43316132d1eb8, attempt=1, maxAttempts=3, sessionId=session_bf15b68f2cb3158050fa, episodeId=episode_3067c2270fbfa95f2b98, targetMemoryId=trace_1ea1d97f76a7271f8965"}
{"timestamp":"2026-10-02T17:27:36.677Z","level":"info","message":"[reflection] Job succeeded, jobId=job_81d73af43316132d1eb8, attempt=1, maxAttempts=3, targetMemoryId=trace_1ea1d97f76a7271f8965"}
{"timestamp":"2026-10-02T17:27:36.677Z","level":"info","message":"[reflection] Job started, jobId=job_a9b9ff1333c01443469a, attempt=1, maxAttempts=3, sessionId=session_748dea03838436c26b11, episodeId=episode_8bf4dcdf10276a085362, targetMemoryId=trace_d5764eb8759455b8bd07"}
{"timestamp":"2026-10-02T17:27:36.686Z","level":"info","message":"[reflection] Job succeeded, jobId=job_a9b9ff1333c01443469a, attempt=1, maxAttempts=3, targetMemoryId=trace_d5764eb8759455b8bd07"}
{"timestamp":"2026-10-02T17:27:36.686Z","level":"info","message":"[worker] Worker drain completed, leased=4, succeeded=4, failed=0, embeddingRetriesLeased=0, embeddingRetriesSucceeded=0, embeddingRetriesFailed=0"}
{"timestamp":"2026-10-02T17:27:36.690Z","level":"info","message":"[reflection] Job started, jobId=job_ca747f1e9554f793e695, attempt=1, maxAttempts=3, sessionId=session_94f26f8db5c2d9fb278a, episodeId=episode_be79cc9d18b4b15f08c9, targetMemoryId=trace_b3a2605d3177e319716a"}
{"timestamp":"2026-10-02T17:27:36.721Z","level":"info","message":"[reflection] Job succeeded, jobId=job_ca747f1e9554f793e695, attempt=1, maxAttempts=3, targetMemoryId=trace_b3a2605d3177e319716a"}
{"timestamp":"2026-10-02T17:27:36.722Z","level":"info","message":"[reflection] Job started, jobId=job_8db52f9879b6c08dca5f, attempt=1, maxAttempts=3, sessionId=session_f4894cbb5cee22eab31f, episodeId=episode_83056281bde3f878c360, targetMemoryId=trace_d4073aca64d0bc0f00b6"}
{"timestamp":"2026-10-02T17:27:36.728Z","level":"info","message":"[reflection] Job succeeded, jobId=job_8db52f9879b6c08dca5f, attempt=1, maxAttempts=3, targetMemoryId=trace_d4073aca64d0bc0f00b6"}
{"timestamp":"2026-10-02T17:27:36.728Z","level":"info","message":"[reflection] Job started, jobId=job_dc28a9ad3cc2fddf08e7, attempt=1, maxAttempts=3, sessionId=session_da73adc2fcd6783996e2, episodeId=episode_31d3b9072ad8fc06e0f1, targetMemoryId=trace_0fc212a396c17f16713c"}
{"timestamp":"2026-10-02T17:27:36.732Z","level":"info","message":"[reflection] Job succeeded, jobId=job_dc28a9ad3cc2fddf08e7, attempt=1, maxAttempts=3, targetMemoryId=trace_0fc212a396c17f16713c"}
{"timestamp":"2026-10-02T17:27:36.732Z","level":"info","message":"[reflection] Job started, jobId=job_ed3fa81bcee41d17ed33, attempt=1, maxAttempts=3, sessionId=session_3dfb88b2f276450e4fa4, episodeId=episode_bb686d09d21dc0975cfc, targetMemoryId=trace_f9deb7855c6c6c6c9a0f"}
{"timestamp":"2026-10-02T17:27:36.745Z","level":"info","message":"[reflection] Job succeeded, jobId=job_ed3fa81bcee41d17ed33, attempt=1, maxAttempts=3, targetMemoryId=trace_f9deb7855c6c6c6c9a0f"}
{"timestamp":"2026-10-02T17:27:36.745Z","level":"info","message":"[worker] Worker drain completed, leased=4, succeeded=4, failed=0, embeddingRetriesLeased=0, embeddingRetriesSucceeded=0, embeddingRetriesFailed=0"}
{"timestamp":"2026-10-02T17:27:36.749Z","level":"info","message":"[reflection] Job started, jobId=job_cee285920ae74b1942f1, attempt=1, maxAttempts=3, sessionId=session_21687f038bb3e22a4d48, episodeId=episode_4e841e6b6861dcc6c131, targetMemoryId=trace_3280e942d32c8ec11794"}
{"timestamp":"2026-10-02T17:27:36.759Z","level":"info","message":"[reflection] Job succeeded, jobId=job_cee285920ae74b1942f1, attempt=1, maxAttempts=3, targetMemoryId=trace_3280e942d32c8ec11794"}
{"timestamp":"2026-10-02T17:27:36.759Z","level":"info","message":"[reflection] Job started, jobId=job_21ae86ae21017761c272, attempt=1, maxAttempts=3, sessionId=session_40d1451b3f36d6457e00, episodeId=episode_57ea250e02f7531b835c, targetMemoryId=trace_42d4f9f4f58eac27216d"}
{"timestamp":"2026-10-02T17:27:36.762Z","level":"info","message":"[reflection] Job succeeded, jobId=job_21ae86ae21017761c272, attempt=1, maxAttempts=3, targetMemoryId=trace_42d4f9f4f58eac27216d"}
{"timestamp":"2026-10-02T17:27:36.763Z","level":"info","message":"[reflection] Job started, jobId=job_4ce258a05e7abfcd22ac, attempt=1, maxAttempts=3, sessionId=session_bf15b68f2cb3158050fa, episodeId=episode_f6f4552c254047a702d5, targetMemoryId=trace_0696fe71196cefdfde1d"}
{"timestamp":"2026-10-02T17:27:36.775Z","level":"info","message":"[reflection] Job succeeded, jobId=job_4ce258a05e7abfcd22ac, attempt=1, maxAttempts=3, targetMemoryId=trace_0696fe71196cefdfde1d"}
{"timestamp":"2026-10-02T17:27:36.775Z","level":"info","message":"[reflection] Job started, jobId=job_b7406911beb04842d602, attempt=1, maxAttempts=3, sessionId=session_24b5d0cfb4f864eb0f8a, episodeId=episode_539afdf598f2f6c61298, targetMemoryId=trace_0100aff7c07672a5d059"}
{"timestamp":"2026-10-02T17:27:36.798Z","level":"info","message":"[reflection] Job succeeded, jobId=job_b7406911beb04842d602, attempt=1, maxAttempts=3, targetMemoryId=trace_0100aff7c07672a5d059"}
{"timestamp":"2026-10-02T17:27:36.798Z","level":"info","message":"[worker] Worker drain completed, leased=4, succeeded=4, failed=0, embeddingRetriesLeased=0, embeddingRetriesSucceeded=0, embeddingRetriesFailed=0"}
{"timestamp":"2026-10-02T17:27:36.802Z","level":"info","message":"[reflection] Job started, jobId=job_047ab9dbf2c1e512e19d, attempt=1, maxAttempts=3, sessionId=session_415f55695ed2fe657195, episodeId=episode_df1bbcebdec11f6ac4a9, targetMemoryId=trace_bd7566926cffe70560be"}
{"timestamp":"2026-10-02T17:27:36.818Z","level":"info","message":"[reflection] Job succeeded, jobId=job_047ab9dbf2c1e512e19d, attempt=1, maxAttempts=3, targetMemoryId=trace_bd7566926cffe70560be"}
{"timestamp":"2026-10-02T17:27:36.818Z","level":"info","message":"[reflection] Job started, jobId=job_8bdf8730cd10dd1ba9c6, attempt=1, maxAttempts=3, sessionId=session_66e62dc17379e5c7517d, episodeId=episode_50d4c2c0f5a2b04f11a7, targetMemoryId=trace_e48ed766064bffdc9bad"}
{"timestamp":"2026-10-02T17:27:36.833Z","level":"info","message":"[reflection] Job succeeded, jobId=job_8bdf8730cd10dd1ba9c6, attempt=1, maxAttempts=3, targetMemoryId=trace_e48ed766064bffdc9bad"}
{"timestamp":"2026-10-02T17:27:36.833Z","level":"info","message":"[reflection] Job started, jobId=job_749064833b6556eb4a0c, attempt=1, maxAttempts=3, sessionId=session_4c7183d08d0ac324428c, episodeId=episode_2ad7210ab2351486cce3, targetMemoryId=trace_3809aef283e058ffb174"}
{"timestamp":"2026-10-02T17:27:36.861Z","level":"info","message":"[reflection] Job succeeded, jobId=job_749064833b6556eb4a0c, attempt=1, maxAttempts=3, targetMemoryId=trace_3809aef283e058ffb174"}
{"timestamp":"2026-10-02T17:27:36.861Z","level":"info","message":"[reflection] Job started, jobId=job_8a984f25c2d2de1b94b1, attempt=1, maxAttempts=3, sessionId=session_7be3610008816d8e60d3, episodeId=episode_96f791a824b8658f1e52, targetMemoryId=trace_11a7e909cab078699c7b"}
{"timestamp":"2026-10-02T17:27:36.872Z","level":"info","message":"[reflection] Job succeeded, jobId=job_8a984f25c2d2de1b94b1, attempt=1, maxAttempts=3, targetMemoryId=trace_11a7e909cab078699c7b"}
{"timestamp":"2026-10-02T17:27:36.872Z","level":"info","message":"[worker] Worker drain completed, leased=4, succeeded=4, failed=0, embeddingRetriesLeased=0, embeddingRetriesSucceeded=0, embeddingRetriesFailed=0"}
{"timestamp":"2026-10-02T17:27:36.876Z","level":"info","message":"[reflection] Job started, jobId=job_cb62f8070683cced7a75, attempt=1, maxAttempts=3, sessionId=session_915eddcf8229d00a984a, episodeId=episode_64c2c508a41056d518a8, targetMemoryId=trace_83166ad95de59c9a8b2d"}
{"timestamp":"2026-10-02T17:27:36.889Z","level":"info","message":"[reflection] Job succeeded, jobId=job_cb62f8070683cced7a75, attempt=1, maxAttempts=3, targetMemoryId=trace_83166ad95de59c9a8b2d"}
{"timestamp":"2026-10-02T17:27:36.889Z","level":"info","message":"[reflection] Job started, jobId=job_46646fd1e39daf9842bc, attempt=1, maxAttempts=3, sessionId=session_046da8461ea7cbd53811, episodeId=episode_4529c6b8d03682468f0e, targetMemoryId=trace_39369adffbdc98628642"}
{"timestamp":"2026-10-02T17:27:36.904Z","level":"info","message":"[reflection] Job succeeded, jobId=job_46646fd1e39daf9842bc, attempt=1, maxAttempts=3, targetMemoryId=trace_39369adffbdc98628642"}
{"timestamp":"2026-10-02T17:27:36.904Z","level":"info","message":"[reflection] Job started, jobId=job_7f2412618d561cfde548, attempt=1, maxAttempts=3, sessionId=session_c7bf9c2d901e460a39f8, episodeId=episode_e38ceb2985fefc09ccec, targetMemoryId=trace_48854882a848a5222e89"}
{"timestamp":"2026-10-02T17:27:36.919Z","level":"info","message":"[reflection] Job succeeded, jobId=job_7f2412618d561cfde548, attempt=1, maxAttempts=3, targetMemoryId=trace_48854882a848a5222e89"}
{"timestamp":"2026-10-02T17:27:36.920Z","level":"info","message":"[reflection] Job started, jobId=job_e6c4b0aedf964fb5ec3b, attempt=1, maxAttempts=3, sessionId=session_799fac0e7e67543440dc, episodeId=episode_bf09916698436cbb6bf4, targetMemoryId=trace_8742fe683c99c9f805ee"}
{"timestamp":"2026-10-02T17:27:36.942Z","level":"info","message":"[reflection] Job succeeded, jobId=job_e6c4b0aedf964fb5ec3b, attempt=1, maxAttempts=3, targetMemoryId=trace_8742fe683c99c9f805ee"}
{"timestamp":"2026-10-02T17:27:36.942Z","level":"info","message":"[worker] Worker drain completed, leased=4, succeeded=4, failed=0, embeddingRetriesLeased=0, embeddingRetriesSucceeded=0, embeddingRetriesFailed=0"}
{"timestamp":"2026-10-02T17:27:36.945Z","level":"info","message":"[reflection] Job started, jobId=job_741f8e4cb60bd9addb39, attempt=1, maxAttempts=3, sessionId=session_33e0dea43e1ed7e5cf00, episodeId=episode_6f943f6be37526b82dbd, targetMemoryId=trace_32e538f3130bb44e9c34"}
{"timestamp":"2026-10-02T17:27:36.959Z","level":"info","message":"[reflection] Job succeeded, jobId=job_741f8e4cb60bd9addb39, attempt=1, maxAttempts=3, targetMemoryId=trace_32e538f3130bb44e9c34"}
{"timestamp":"2026-10-02T17:27:36.959Z","level":"info","message":"[reflection] Job started, jobId=job_668ac02ef2a713f44a32, attempt=1, maxAttempts=3, sessionId=session_72c2152d626f2214973f, episodeId=episode_7194f7a3db2377d229c2, targetMemoryId=trace_2be869fb1737387825b6"}
{"timestamp":"2026-10-02T17:27:36.971Z","level":"info","message":"[reflection] Job succeeded, jobId=job_668ac02ef2a713f44a32, attempt=1, maxAttempts=3, targetMemoryId=trace_2be869fb1737387825b6"}
{"timestamp":"2026-10-02T17:27:36.971Z","level":"info","message":"[reflection] Job started, jobId=job_ddec66f6a33224636137, attempt=1, maxAttempts=3, sessionId=session_748dea03838436c26b11, episodeId=episode_96e501bd6fe7ccb29289, targetMemoryId=trace_6a0e3162f69c1254589a"}
{"timestamp":"2026-10-02T17:27:36.980Z","level":"info","message":"[reflection] Job succeeded, jobId=job_ddec66f6a33224636137, attempt=1, maxAttempts=3, targetMemoryId=trace_6a0e3162f69c1254589a"}
{"timestamp":"2026-10-02T17:27:36.980Z","level":"info","message":"[reflection] Job started, jobId=job_21e9afa8b57f65adb85f, attempt=1, maxAttempts=3, sessionId=session_a8267bd05dc0c61d0148, episodeId=episode_66fc0fcdf236b0e19938, targetMemoryId=trace_f1227b34213ce0505384"}
{"timestamp":"2026-10-02T17:27:36.985Z","level":"info","message":"[reflection] Job succeeded, jobId=job_21e9afa8b57f65adb85f, attempt=1, maxAttempts=3, targetMemoryId=trace_f1227b34213ce0505384"}
{"timestamp":"2026-10-02T17:27:36.985Z","level":"info","message":"[worker] Worker drain completed, leased=4, succeeded=4, failed=0, embeddingRetriesLeased=0, embeddingRetriesSucceeded=0, embeddingRetriesFailed=0"}
{"timestamp":"2026-10-02T17:27:36.989Z","level":"info","message":"[reflection] Job started, jobId=job_46b8bdb7d19e34d135cd, attempt=1, maxAttempts=3, sessionId=session_e3f0515fb77749201ba0, episodeId=episode_be851aec0652c9f429d2, targetMemoryId=trace_89b1bf04adbb91a7a0a9"}
{"timestamp":"2026-10-02T17:27:36.995Z","level":"info","message":"[reflection] Job succeeded, jobId=job_46b8bdb7d19e34d135cd, attempt=1, maxAttempts=3, targetMemoryId=trace_89b1bf04adbb91a7a0a9"}
{"timestamp":"2026-10-02T17:27:36.995Z","level":"info","message":"[reflection] Job started, jobId=job_427b17ba4bf1b265c709, attempt=1, maxAttempts=3, sessionId=session_94f26f8db5c2d9fb278a, episodeId=episode_e9eb020f942c0c69f916, targetMemoryId=trace_8cfe2a490b43ab7ae1fb"}
{"timestamp":"2026-10-02T17:27:37.000Z","level":"info","message":"[reflection] Job succeeded, jobId=job_427b17ba4bf1b265c709, attempt=1, maxAttempts=3, targetMemoryId=trace_8cfe2a490b43ab7ae1fb"}
{"timestamp":"2026-10-02T17:27:37.000Z","level":"info","message":"[worker] Worker drain completed, leased=2, succeeded=2, failed=0, embeddingRetriesLeased=0, embeddingRetriesSucceeded=0, embeddingRetriesFailed=0"}
{"timestamp":"2026-10-02T17:27:37.004Z","level":"info","message":"[decision.repair] Job started, jobId=job_145198c3585fa676e480, attempt=1, maxAttempts=3, sessionId=session_3dfb88b2f276450e4fa4, episodeId=episode_81b57351f88e13273688"}
{"timestamp":"2026-10-02T17:27:37.007Z","level":"info","message":"[decision.repair] Job succeeded, jobId=job_145198c3585fa676e480, attempt=1, maxAttempts=3"}
{"timestamp":"2026-10-02T17:27:37.008Z","level":"info","message":"[decision.repair] Job started, jobId=job_70cd08e19a592b5534a0, attempt=1, maxAttempts=3, sessionId=session_bf15b68f2cb3158050fa, episodeId=episode_f6f4552c254047a702d5"}
{"timestamp":"2026-10-02T17:27:37.028Z","level":"info","message":"[decision.repair] Job succeeded, jobId=job_70cd08e19a592b5534a0, attempt=1, maxAttempts=3"}
{"timestamp":"2026-10-02T17:27:37.028Z","level":"info","message":"[worker] Worker drain completed, leased=2, succeeded=2, failed=0, embeddingRetriesLeased=0, embeddingRetriesSucceeded=0, embeddingRetriesFailed=0"}
{"timestamp":"2026-10-02T17:27:37.031Z","level":"info","message":"[reward] Job started, jobId=job_be48e20e91b4ceffdcaa, attempt=1, maxAttempts=3, sessionId=session_bf15b68f2cb3158050fa, episodeId=episode_f6f4552c254047a702d5"}
{"timestamp":"2026-10-02T17:27:37.099Z","level":"info","message":"[reward] Job succeeded, jobId=job_be48e20e91b4ceffdcaa, attempt=1, maxAttempts=3"}
{"timestamp":"2026-10-02T17:27:37.099Z","level":"info","message":"[worker] Worker drain completed, leased=1, succeeded=1, failed=0, embeddingRetriesLeased=0, embeddingRetriesSucceeded=0, embeddingRetriesFailed=0"}
{"timestamp":"2026-10-02T17:27:37.104Z","level":"info","message":"[skill.cluster.assign] Job started, jobId=job_86a800c4d93b152eaed7, attempt=1, maxAttempts=3, sessionId=session_bf15b68f2cb3158050fa, episodeId=episode_f6f4552c254047a702d5"}
{"timestamp":"2026-10-02T17:27:37.112Z","level":"info","message":"[embedding] Embedding request succeeded, provider=local, model=Xenova/all-MiniLM-L6-v2, role=query, batchSize=1, durationMs=4"}
{"timestamp":"2026-10-02T17:27:37.117Z","level":"info","message":"[skill.cluster.assign] Evolution gate not satisfied, reason=no_cluster_above_fine_threshold, jobId=job_86a800c4d93b152eaed7"}
{"timestamp":"2026-10-02T17:27:37.119Z","level":"info","message":"[skill.cluster.assign] Job succeeded, jobId=job_86a800c4d93b152eaed7, attempt=1, maxAttempts=3"}
{"timestamp":"2026-10-02T17:27:37.119Z","level":"info","message":"[worker] Worker drain completed, leased=1, succeeded=1, failed=0, embeddingRetriesLeased=0, embeddingRetriesSucceeded=0, embeddingRetriesFailed=0"}
{"timestamp":"2026-10-02T17:27:37.127Z","level":"info","message":"[skill.batch.evolve] Job started, jobId=job_b3f5e33fc97182bfeedf, attempt=1, maxAttempts=3, sessionId=session_bf15b68f2cb3158050fa, episodeId=episode_f6f4552c254047a702d5"}
{"timestamp":"2026-10-02T17:27:37.132Z","level":"info","message":"[skill.batch.evolve] Evolution gate not satisfied, reason=failure_only_no_skill, jobId=job_b3f5e33fc97182bfeedf"}
{"timestamp":"2026-10-02T17:27:37.133Z","level":"info","message":"[skill.batch.evolve] Job succeeded, jobId=job_b3f5e33fc97182bfeedf, attempt=1, maxAttempts=3"}
{"timestamp":"2026-10-02T17:27:37.133Z","level":"info","message":"[worker] Worker drain completed, leased=1, succeeded=1, failed=0, embeddingRetriesLeased=0, embeddingRetriesSucceeded=0, embeddingRetriesFailed=0"}
{"timestamp":"2026-10-02T17:27:37.138Z","level":"info","message":"[user.memory.embedding] Job started, jobId=job_39b12468f20c5fc7ae35, attempt=1, maxAttempts=6, sessionId=session_3dfb88b2f276450e4fa4, episodeId=episode_9aa2d5b6f3d575b10955, targetMemoryId=user_memory_da86a2a58b427de27948"}
{"timestamp":"2026-10-02T17:27:37.144Z","level":"info","message":"[embedding] Embedding request succeeded, provider=local, model=Xenova/all-MiniLM-L6-v2, role=document, batchSize=1, durationMs=3"}
{"timestamp":"2026-10-02T17:27:37.145Z","level":"info","message":"[user.memory.embedding] Job succeeded, jobId=job_39b12468f20c5fc7ae35, attempt=1, maxAttempts=6, targetMemoryId=user_memory_da86a2a58b427de27948"}
{"timestamp":"2026-10-02T17:27:37.145Z","level":"info","message":"[user.memory.embedding] Job started, jobId=job_d035e02506b6c0c52559, attempt=1, maxAttempts=6, sessionId=session_415f55695ed2fe657195, episodeId=episode_df1bbcebdec11f6ac4a9, targetMemoryId=user_memory_49f4bf6f6ddfeb1c86bc"}
{"timestamp":"2026-10-02T17:27:37.153Z","level":"info","message":"[embedding] Embedding request succeeded, provider=local, model=Xenova/all-MiniLM-L6-v2, role=document, batchSize=1, durationMs=6"}
{"timestamp":"2026-10-02T17:27:37.154Z","level":"info","message":"[user.memory.embedding] Job succeeded, jobId=job_d035e02506b6c0c52559, attempt=1, maxAttempts=6, targetMemoryId=user_memory_49f4bf6f6ddfeb1c86bc"}
{"timestamp":"2026-10-02T17:27:37.154Z","level":"info","message":"[user.memory.embedding] Job started, jobId=job_f4b38f0dc62c656d0d71, attempt=1, maxAttempts=6, sessionId=session_415f55695ed2fe657195, episodeId=episode_df1bbcebdec11f6ac4a9, targetMemoryId=user_memory_3dd669f691ea6aaca8dd"}
{"timestamp":"2026-10-02T17:27:37.164Z","level":"info","message":"[embedding] Embedding request succeeded, provider=local, model=Xenova/all-MiniLM-L6-v2, role=document, batchSize=1, durationMs=8"}
{"timestamp":"2026-10-02T17:27:37.166Z","level":"info","message":"[user.memory.embedding] Job succeeded, jobId=job_f4b38f0dc62c656d0d71, attempt=1, maxAttempts=6, targetMemoryId=user_memory_3dd669f691ea6aaca8dd"}
{"timestamp":"2026-10-02T17:27:37.166Z","level":"info","message":"[negative.experience] Job started, jobId=job_c4308ebb5554b660fe70, attempt=1, maxAttempts=3, sessionId=session_bf15b68f2cb3158050fa, episodeId=episode_f6f4552c254047a702d5"}
{"timestamp":"2026-10-02T17:27:37.171Z","level":"info","message":"[negative.experience] Job succeeded, jobId=job_c4308ebb5554b660fe70, attempt=1, maxAttempts=3"}
{"timestamp":"2026-10-02T17:27:37.171Z","level":"info","message":"[worker] Worker drain completed, leased=4, succeeded=4, failed=0, embeddingRetriesLeased=0, embeddingRetriesSucceeded=0, embeddingRetriesFailed=0"}
{"timestamp":"2026-10-02T17:28:46.743Z","level":"info","message":"[memory.summary] Job started, jobId=job_6b000ea9eeac97eeb55c, attempt=1, maxAttempts=3, sessionId=session_f4894cbb5cee22eab31f, episodeId=episode_5a58417d152fe8fef173, targetMemoryId=trace_339aa7b50ac930ae3be9"}
{"timestamp":"2026-10-02T17:28:46.838Z","level":"info","message":"[memory.summary] Job started, jobId=job_ab05b946189e7b783b90, attempt=1, maxAttempts=3, sessionId=session_f4894cbb5cee22eab31f, episodeId=episode_5a58417d152fe8fef173, targetMemoryId=trace_b0ed0b05c2e4a3ea3ea2"}
{"timestamp":"2026-10-02T17:28:46.844Z","level":"info","message":"[memory.summary] Job started, jobId=job_698ed5234d0dffb9d7cd, attempt=1, maxAttempts=3, sessionId=session_f4894cbb5cee22eab31f, episodeId=episode_5a58417d152fe8fef173, targetMemoryId=trace_92465105389f6495b67f"}
{"timestamp":"2026-10-02T17:28:46.851Z","level":"info","message":"[memory.summary] Job started, jobId=job_07a06a60f600dad623a6, attempt=1, maxAttempts=3, sessionId=session_f4894cbb5cee22eab31f, episodeId=episode_5a58417d152fe8fef173, targetMemoryId=trace_841ab7e52c1ca309a10c"}
{"timestamp":"2026-10-02T17:28:46.875Z","level":"error","message":"[capture.summarize] Model HTTP request failed after the final attempt, provider=openai_compatible, model=qwen2.5:0.5b, attempt=1, maxAttempts=4, errorMessage=openai_compatible HTTP 404: model 'qwen2.5:0.5b' not found"}
{"timestamp":"2026-10-02T17:28:46.875Z","level":"error","message":"[capture.summarize] Model request failed, provider=openai_compatible, model=qwen2.5:0.5b, maxTokens=512, durationMs=127, errorMessage=openai_compatible HTTP 404: model 'qwen2.5:0.5b' not found"}
{"timestamp":"2026-10-02T17:28:46.875Z","level":"warn","message":"[capture.summarize] Summary model failed; switching to the evolution model, sourceMemoryId=trace_339aa7b50ac930ae3be9, episodeId=episode_5a58417d152fe8fef173, primaryModel=qwen2.5:0.5b, fallbackModel=qwen2.5:0.5b, errorMessage=openai_compatible HTTP 404: model 'qwen2.5:0.5b' not found"}
{"timestamp":"2026-10-02T17:28:46.877Z","level":"error","message":"[capture.summarize] Model HTTP request failed after the final attempt, provider=openai_compatible, model=qwen2.5:0.5b, attempt=1, maxAttempts=4, errorMessage=openai_compatible HTTP 404: model 'qwen2.5:0.5b' not found"}
{"timestamp":"2026-10-02T17:28:46.877Z","level":"error","message":"[capture.summarize] Model request failed, provider=openai_compatible, model=qwen2.5:0.5b, maxTokens=512, durationMs=37, errorMessage=openai_compatible HTTP 404: model 'qwen2.5:0.5b' not found"}
{"timestamp":"2026-10-02T17:28:46.877Z","level":"warn","message":"[capture.summarize] Summary model failed; switching to the evolution model, sourceMemoryId=trace_b0ed0b05c2e4a3ea3ea2, episodeId=episode_5a58417d152fe8fef173, primaryModel=qwen2.5:0.5b, fallbackModel=qwen2.5:0.5b, errorMessage=openai_compatible HTTP 404: model 'qwen2.5:0.5b' not found"}
{"timestamp":"2026-10-02T17:28:46.878Z","level":"error","message":"[capture.summarize] Model HTTP request failed after the final attempt, provider=openai_compatible, model=qwen2.5:0.5b, attempt=1, maxAttempts=4, errorMessage=openai_compatible HTTP 404: model 'qwen2.5:0.5b' not found"}
{"timestamp":"2026-10-02T17:28:46.878Z","level":"error","message":"[capture.summarize] Model request failed, provider=openai_compatible, model=qwen2.5:0.5b, maxTokens=512, durationMs=26, errorMessage=openai_compatible HTTP 404: model 'qwen2.5:0.5b' not found"}
{"timestamp":"2026-10-02T17:28:46.878Z","level":"warn","message":"[capture.summarize] Summary model failed; switching to the evolution model, sourceMemoryId=trace_841ab7e52c1ca309a10c, episodeId=episode_5a58417d152fe8fef173, primaryModel=qwen2.5:0.5b, fallbackModel=qwen2.5:0.5b, errorMessage=openai_compatible HTTP 404: model 'qwen2.5:0.5b' not found"}
{"timestamp":"2026-10-02T17:28:46.880Z","level":"error","message":"[capture.summarize] Model HTTP request failed after the final attempt, provider=openai_compatible, model=qwen2.5:0.5b, attempt=1, maxAttempts=4, errorMessage=openai_compatible HTTP 404: model 'qwen2.5:0.5b' not found"}
{"timestamp":"2026-10-02T17:28:46.880Z","level":"error","message":"[capture.summarize] Model request failed, provider=openai_compatible, model=qwen2.5:0.5b, maxTokens=512, durationMs=33, errorMessage=openai_compatible HTTP 404: model 'qwen2.5:0.5b' not found"}
{"timestamp":"2026-10-02T17:28:46.880Z","level":"warn","message":"[capture.summarize] Summary model failed; switching to the evolution model, sourceMemoryId=trace_92465105389f6495b67f, episodeId=episode_5a58417d152fe8fef173, primaryModel=qwen2.5:0.5b, fallbackModel=qwen2.5:0.5b, errorMessage=openai_compatible HTTP 404: model 'qwen2.5:0.5b' not found"}
{"timestamp":"2026-10-02T17:28:46.890Z","level":"error","message":"[capture.summarize] Model HTTP request failed after the final attempt, provider=openai_compatible, model=qwen2.5:0.5b, attempt=1, maxAttempts=3, errorMessage=openai_compatible HTTP 404: model 'qwen2.5:0.5b' not found"}
{"timestamp":"2026-10-02T17:28:46.890Z","level":"error","message":"[capture.summarize] Model request failed, provider=openai_compatible, model=qwen2.5:0.5b, maxTokens=512, durationMs=15, errorMessage=openai_compatible HTTP 404: model 'qwen2.5:0.5b' not found"}
{"timestamp":"2026-10-02T17:28:46.890Z","level":"error","message":"[capture.summarize] Both summary and evolution models failed, sourceMemoryId=trace_339aa7b50ac930ae3be9, episodeId=episode_5a58417d152fe8fef173, primaryModel=qwen2.5:0.5b, fallbackModel=qwen2.5:0.5b, primaryErrorMessage=openai_compatible HTTP 404: model 'qwen2.5:0.5b' not found, fallbackErrorMessage=openai_compatible HTTP 404: model 'qwen2.5:0.5b' not found"}
{"timestamp":"2026-10-02T17:28:46.893Z","level":"error","message":"[memory.summary] Job failed, jobId=job_6b000ea9eeac97eeb55c, attempt=1, maxAttempts=3, terminal=true, targetMemoryId=trace_339aa7b50ac930ae3be9, errorMessage=openai_compatible HTTP 404: model 'qwen2.5:0.5b' not found"}
{"timestamp":"2026-10-02T17:28:46.894Z","level":"error","message":"[capture.summarize] Model HTTP request failed after the final attempt, provider=openai_compatible, model=qwen2.5:0.5b, attempt=1, maxAttempts=3, errorMessage=openai_compatible HTTP 404: model 'qwen2.5:0.5b' not found"}
{"timestamp":"2026-10-02T17:28:46.894Z","level":"error","message":"[capture.summarize] Model request failed, provider=openai_compatible, model=qwen2.5:0.5b, maxTokens=512, durationMs=16, errorMessage=openai_compatible HTTP 404: model 'qwen2.5:0.5b' not found"}
{"timestamp":"2026-10-02T17:28:46.894Z","level":"error","message":"[capture.summarize] Both summary and evolution models failed, sourceMemoryId=trace_b0ed0b05c2e4a3ea3ea2, episodeId=episode_5a58417d152fe8fef173, primaryModel=qwen2.5:0.5b, fallbackModel=qwen2.5:0.5b, primaryErrorMessage=openai_compatible HTTP 404: model 'qwen2.5:0.5b' not found, fallbackErrorMessage=openai_compatible HTTP 404: model 'qwen2.5:0.5b' not found"}
{"timestamp":"2026-10-02T17:28:46.895Z","level":"error","message":"[memory.summary] Job failed, jobId=job_ab05b946189e7b783b90, attempt=1, maxAttempts=3, terminal=true, targetMemoryId=trace_b0ed0b05c2e4a3ea3ea2, errorMessage=openai_compatible HTTP 404: model 'qwen2.5:0.5b' not found"}
{"timestamp":"2026-10-02T17:28:46.896Z","level":"error","message":"[capture.summarize] Model HTTP request failed after the final attempt, provider=openai_compatible, model=qwen2.5:0.5b, attempt=1, maxAttempts=3, errorMessage=openai_compatible HTTP 404: model 'qwen2.5:0.5b' not found"}
{"timestamp":"2026-10-02T17:28:46.896Z","level":"error","message":"[capture.summarize] Model request failed, provider=openai_compatible, model=qwen2.5:0.5b, maxTokens=512, durationMs=16, errorMessage=openai_compatible HTTP 404: model 'qwen2.5:0.5b' not found"}
{"timestamp":"2026-10-02T17:28:46.896Z","level":"error","message":"[capture.summarize] Both summary and evolution models failed, sourceMemoryId=trace_92465105389f6495b67f, episodeId=episode_5a58417d152fe8fef173, primaryModel=qwen2.5:0.5b, fallbackModel=qwen2.5:0.5b, primaryErrorMessage=openai_compatible HTTP 404: model 'qwen2.5:0.5b' not found, fallbackErrorMessage=openai_compatible HTTP 404: model 'qwen2.5:0.5b' not found"}
{"timestamp":"2026-10-02T17:28:46.897Z","level":"error","message":"[memory.summary] Job failed, jobId=job_698ed5234d0dffb9d7cd, attempt=1, maxAttempts=3, terminal=true, targetMemoryId=trace_92465105389f6495b67f, errorMessage=openai_compatible HTTP 404: model 'qwen2.5:0.5b' not found"}
{"timestamp":"2026-10-02T17:28:46.898Z","level":"error","message":"[capture.summarize] Model HTTP request failed after the final attempt, provider=openai_compatible, model=qwen2.5:0.5b, attempt=1, maxAttempts=3, errorMessage=openai_compatible HTTP 404: model 'qwen2.5:0.5b' not found"}
{"timestamp":"2026-10-02T17:28:46.898Z","level":"error","message":"[capture.summarize] Model request failed, provider=openai_compatible, model=qwen2.5:0.5b, maxTokens=512, durationMs=20, errorMessage=openai_compatible HTTP 404: model 'qwen2.5:0.5b' not found"}
{"timestamp":"2026-10-02T17:28:46.898Z","level":"error","message":"[capture.summarize] Both summary and evolution models failed, sourceMemoryId=trace_841ab7e52c1ca309a10c, episodeId=episode_5a58417d152fe8fef173, primaryModel=qwen2.5:0.5b, fallbackModel=qwen2.5:0.5b, primaryErrorMessage=openai_compatible HTTP 404: model 'qwen2.5:0.5b' not found, fallbackErrorMessage=openai_compatible HTTP 404: model 'qwen2.5:0.5b' not found"}
{"timestamp":"2026-10-02T17:28:46.899Z","level":"error","message":"[memory.summary] Job failed, jobId=job_07a06a60f600dad623a6, attempt=1, maxAttempts=3, terminal=true, targetMemoryId=trace_841ab7e52c1ca309a10c, errorMessage=openai_compatible HTTP 404: model 'qwen2.5:0.5b' not found"}
{"timestamp":"2026-10-02T17:28:46.899Z","level":"info","message":"[worker] Worker drain completed, leased=4, succeeded=0, failed=4, embeddingRetriesLeased=0, embeddingRetriesSucceeded=0, embeddingRetriesFailed=0"}
{"timestamp":"2026-10-02T17:28:46.913Z","level":"info","message":"[memory.summary] Job started, jobId=job_9cd839845c34ddaec73c, attempt=1, maxAttempts=3, sessionId=session_f4894cbb5cee22eab31f, episodeId=episode_5a58417d152fe8fef173, targetMemoryId=trace_cad8030d2a5713a5f5ea"}
{"timestamp":"2026-10-02T17:28:46.918Z","level":"info","message":"[memory.summary] Job started, jobId=job_338781d3cb3618d1cc20, attempt=1, maxAttempts=3, sessionId=session_f4894cbb5cee22eab31f, episodeId=episode_83056281bde3f878c360, targetMemoryId=trace_d4073aca64d0bc0f00b6"}
{"timestamp":"2026-10-02T17:28:46.922Z","level":"info","message":"[memory.summary] Job started, jobId=job_a4f2b5c04a1138b464f1, attempt=1, maxAttempts=3, sessionId=session_94f26f8db5c2d9fb278a, episodeId=episode_e9eb020f942c0c69f916, targetMemoryId=trace_8cfe2a490b43ab7ae1fb"}
{"timestamp":"2026-10-02T17:28:46.926Z","level":"info","message":"[memory.summary] Job started, jobId=job_fd4f4b5c7f117089ca4f, attempt=1, maxAttempts=3, sessionId=session_e3f0515fb77749201ba0, episodeId=episode_be851aec0652c9f429d2, targetMemoryId=trace_89b1bf04adbb91a7a0a9"}
{"timestamp":"2026-10-02T17:28:46.937Z","level":"error","message":"[capture.summarize] Model HTTP request failed after the final attempt, provider=openai_compatible, model=qwen2.5:0.5b, attempt=1, maxAttempts=4, errorMessage=openai_compatible HTTP 404: model 'qwen2.5:0.5b' not found"}
{"timestamp":"2026-10-02T17:28:46.937Z","level":"error","message":"[capture.summarize] Model request failed, provider=openai_compatible, model=qwen2.5:0.5b, maxTokens=512, durationMs=23, errorMessage=openai_compatible HTTP 404: model 'qwen2.5:0.5b' not found"}
{"timestamp":"2026-10-02T17:28:46.937Z","level":"warn","message":"[capture.summarize] Summary model failed; switching to the evolution model, sourceMemoryId=trace_cad8030d2a5713a5f5ea, episodeId=episode_5a58417d152fe8fef173, primaryModel=qwen2.5:0.5b, fallbackModel=qwen2.5:0.5b, errorMessage=openai_compatible HTTP 404: model 'qwen2.5:0.5b' not found"}
{"timestamp":"2026-10-02T17:28:46.938Z","level":"error","message":"[capture.summarize] Model HTTP request failed after the final attempt, provider=openai_compatible, model=qwen2.5:0.5b, attempt=1, maxAttempts=4, errorMessage=openai_compatible HTTP 404: model 'qwen2.5:0.5b' not found"}
{"timestamp":"2026-10-02T17:28:46.938Z","level":"error","message":"[capture.summarize] Model request failed, provider=openai_compatible, model=qwen2.5:0.5b, maxTokens=512, durationMs=19, errorMessage=openai_compatible HTTP 404: model 'qwen2.5:0.5b' not found"}
{"timestamp":"2026-10-02T17:28:46.938Z","level":"warn","message":"[capture.summarize] Summary model failed; switching to the evolution model, sourceMemoryId=trace_d4073aca64d0bc0f00b6, episodeId=episode_83056281bde3f878c360, primaryModel=qwen2.5:0.5b, fallbackModel=qwen2.5:0.5b, errorMessage=openai_compatible HTTP 404: model 'qwen2.5:0.5b' not found"}
{"timestamp":"2026-10-02T17:28:46.940Z","level":"error","message":"[capture.summarize] Model HTTP request failed after the final attempt, provider=openai_compatible, model=qwen2.5:0.5b, attempt=1, maxAttempts=4, errorMessage=openai_compatible HTTP 404: model 'qwen2.5:0.5b' not found"}
{"timestamp":"2026-10-02T17:28:46.940Z","level":"error","message":"[capture.summarize] Model request failed, provider=openai_compatible, model=qwen2.5:0.5b, maxTokens=512, durationMs=17, errorMessage=openai_compatible HTTP 404: model 'qwen2.5:0.5b' not found"}
{"timestamp":"2026-10-02T17:28:46.940Z","level":"warn","message":"[capture.summarize] Summary model failed; switching to the evolution model, sourceMemoryId=trace_8cfe2a490b43ab7ae1fb, episodeId=episode_e9eb020f942c0c69f916, primaryModel=qwen2.5:0.5b, fallbackModel=qwen2.5:0.5b, errorMessage=openai_compatible HTTP 404: model 'qwen2.5:0.5b' not found"}
{"timestamp":"2026-10-02T17:28:46.941Z","level":"error","message":"[capture.summarize] Model HTTP request failed after the final attempt, provider=openai_compatible, model=qwen2.5:0.5b, attempt=1, maxAttempts=4, errorMessage=openai_compatible HTTP 404: model 'qwen2.5:0.5b' not found"}
{"timestamp":"2026-10-02T17:28:46.941Z","level":"error","message":"[capture.summarize] Model request failed, provider=openai_compatible, model=qwen2.5:0.5b, maxTokens=512, durationMs=14, errorMessage=openai_compatible HTTP 404: model 'qwen2.5:0.5b' not found"}
{"timestamp":"2026-10-02T17:28:46.941Z","level":"warn","message":"[capture.summarize] Summary model failed; switching to the evolution model, sourceMemoryId=trace_89b1bf04adbb91a7a0a9, episodeId=episode_be851aec0652c9f429d2, primaryModel=qwen2.5:0.5b, fallbackModel=qwen2.5:0.5b, errorMessage=openai_compatible HTTP 404: model 'qwen2.5:0.5b' not found"}
{"timestamp":"2026-10-02T17:28:46.945Z","level":"error","message":"[capture.summarize] Model HTTP request failed after the final attempt, provider=openai_compatible, model=qwen2.5:0.5b, attempt=1, maxAttempts=3, errorMessage=openai_compatible HTTP 404: model 'qwen2.5:0.5b' not found"}
{"timestamp":"2026-10-02T17:28:46.945Z","level":"error","message":"[capture.summarize] Model request failed, provider=openai_compatible, model=qwen2.5:0.5b, maxTokens=512, durationMs=8, errorMessage=openai_compatible HTTP 404: model 'qwen2.5:0.5b' not found"}
{"timestamp":"2026-10-02T17:28:46.945Z","level":"error","message":"[capture.summarize] Both summary and evolution models failed, sourceMemoryId=trace_cad8030d2a5713a5f5ea, episodeId=episode_5a58417d152fe8fef173, primaryModel=qwen2.5:0.5b, fallbackModel=qwen2.5:0.5b, primaryErrorMessage=openai_compatible HTTP 404: model 'qwen2.5:0.5b' not found, fallbackErrorMessage=openai_compatible HTTP 404: model 'qwen2.5:0.5b' not found"}
{"timestamp":"2026-10-02T17:28:46.946Z","level":"error","message":"[memory.summary] Job failed, jobId=job_9cd839845c34ddaec73c, attempt=1, maxAttempts=3, terminal=true, targetMemoryId=trace_cad8030d2a5713a5f5ea, errorMessage=openai_compatible HTTP 404: model 'qwen2.5:0.5b' not found"}
{"timestamp":"2026-10-02T17:28:46.947Z","level":"error","message":"[capture.summarize] Model HTTP request failed after the final attempt, provider=openai_compatible, model=qwen2.5:0.5b, attempt=1, maxAttempts=3, errorMessage=openai_compatible HTTP 404: model 'qwen2.5:0.5b' not found"}
{"timestamp":"2026-10-02T17:28:46.947Z","level":"error","message":"[capture.summarize] Model request failed, provider=openai_compatible, model=qwen2.5:0.5b, maxTokens=512, durationMs=9, errorMessage=openai_compatible HTTP 404: model 'qwen2.5:0.5b' not found"}
{"timestamp":"2026-10-02T17:28:46.947Z","level":"error","message":"[capture.summarize] Both summary and evolution models failed, sourceMemoryId=trace_d4073aca64d0bc0f00b6, episodeId=episode_83056281bde3f878c360, primaryModel=qwen2.5:0.5b, fallbackModel=qwen2.5:0.5b, primaryErrorMessage=openai_compatible HTTP 404: model 'qwen2.5:0.5b' not found, fallbackErrorMessage=openai_compatible HTTP 404: model 'qwen2.5:0.5b' not found"}
{"timestamp":"2026-10-02T17:28:46.948Z","level":"error","message":"[memory.summary] Job failed, jobId=job_338781d3cb3618d1cc20, attempt=1, maxAttempts=3, terminal=true, targetMemoryId=trace_d4073aca64d0bc0f00b6, errorMessage=openai_compatible HTTP 404: model 'qwen2.5:0.5b' not found"}
{"timestamp":"2026-10-02T17:28:46.949Z","level":"error","message":"[capture.summarize] Model HTTP request failed after the final attempt, provider=openai_compatible, model=qwen2.5:0.5b, attempt=1, maxAttempts=3, errorMessage=openai_compatible HTTP 404: model 'qwen2.5:0.5b' not found"}
{"timestamp":"2026-10-02T17:28:46.949Z","level":"error","message":"[capture.summarize] Model request failed, provider=openai_compatible, model=qwen2.5:0.5b, maxTokens=512, durationMs=9, errorMessage=openai_compatible HTTP 404: model 'qwen2.5:0.5b' not found"}
{"timestamp":"2026-10-02T17:28:46.949Z","level":"error","message":"[capture.summarize] Both summary and evolution models failed, sourceMemoryId=trace_8cfe2a490b43ab7ae1fb, episodeId=episode_e9eb020f942c0c69f916, primaryModel=qwen2.5:0.5b, fallbackModel=qwen2.5:0.5b, primaryErrorMessage=openai_compatible HTTP 404: model 'qwen2.5:0.5b' not found, fallbackErrorMessage=openai_compatible HTTP 404: model 'qwen2.5:0.5b' not found"}
{"timestamp":"2026-10-02T17:28:46.950Z","level":"error","message":"[memory.summary] Job failed, jobId=job_a4f2b5c04a1138b464f1, attempt=1, maxAttempts=3, terminal=true, targetMemoryId=trace_8cfe2a490b43ab7ae1fb, errorMessage=openai_compatible HTTP 404: model 'qwen2.5:0.5b' not found"}
{"timestamp":"2026-10-02T17:28:46.950Z","level":"error","message":"[capture.summarize] Model HTTP request failed after the final attempt, provider=openai_compatible, model=qwen2.5:0.5b, attempt=1, maxAttempts=3, errorMessage=openai_compatible HTTP 404: model 'qwen2.5:0.5b' not found"}
{"timestamp":"2026-10-02T17:28:46.950Z","level":"error","message":"[capture.summarize] Model request failed, provider=openai_compatible, model=qwen2.5:0.5b, maxTokens=512, durationMs=9, errorMessage=openai_compatible HTTP 404: model 'qwen2.5:0.5b' not found"}
{"timestamp":"2026-10-02T17:28:46.950Z","level":"error","message":"[capture.summarize] Both summary and evolution models failed, sourceMemoryId=trace_89b1bf04adbb91a7a0a9, episodeId=episode_be851aec0652c9f429d2, primaryModel=qwen2.5:0.5b, fallbackModel=qwen2.5:0.5b, primaryErrorMessage=openai_compatible HTTP 404: model 'qwen2.5:0.5b' not found, fallbackErrorMessage=openai_compatible HTTP 404: model 'qwen2.5:0.5b' not found"}
{"timestamp":"2026-10-02T17:28:46.951Z","level":"error","message":"[memory.summary] Job failed, jobId=job_fd4f4b5c7f117089ca4f, attempt=1, maxAttempts=3, terminal=true, targetMemoryId=trace_89b1bf04adbb91a7a0a9, errorMessage=openai_compatible HTTP 404: model 'qwen2.5:0.5b' not found"}
{"timestamp":"2026-10-02T17:28:46.951Z","level":"info","message":"[worker] Worker drain completed, leased=4, succeeded=0, failed=4, embeddingRetriesLeased=0, embeddingRetriesSucceeded=0, embeddingRetriesFailed=0"}
{"timestamp":"2026-10-02T17:28:46.959Z","level":"info","message":"[memory.summary] Job started, jobId=job_63f13e32d19eb5d3513e, attempt=1, maxAttempts=3, sessionId=session_a8267bd05dc0c61d0148, episodeId=episode_66fc0fcdf236b0e19938, targetMemoryId=trace_f1227b34213ce0505384"}
{"timestamp":"2026-10-02T17:28:46.962Z","level":"info","message":"[memory.summary] Job started, jobId=job_7ef03f54d7ee0419eef3, attempt=1, maxAttempts=3, sessionId=session_748dea03838436c26b11, episodeId=episode_96e501bd6fe7ccb29289, targetMemoryId=trace_6a0e3162f69c1254589a"}
{"timestamp":"2026-10-02T17:28:46.966Z","level":"info","message":"[memory.summary] Job started, jobId=job_1df6ed6e438d7129aa13, attempt=1, maxAttempts=3, sessionId=session_66e62dc17379e5c7517d, episodeId=episode_50d4c2c0f5a2b04f11a7, targetMemoryId=trace_aa55cc9376f38e8e87e6"}
{"timestamp":"2026-10-02T17:28:46.972Z","level":"info","message":"[memory.summary] Job started, jobId=job_8adb571637d8ce74212b, attempt=1, maxAttempts=3, sessionId=session_4c7183d08d0ac324428c, episodeId=episode_2ad7210ab2351486cce3, targetMemoryId=trace_3809aef283e058ffb174"}
{"timestamp":"2026-10-02T17:28:46.988Z","level":"error","message":"[capture.summarize] Model HTTP request failed after the final attempt, provider=openai_compatible, model=qwen2.5:0.5b, attempt=1, maxAttempts=4, errorMessage=openai_compatible HTTP 404: model 'qwen2.5:0.5b' not found"}
{"timestamp":"2026-10-02T17:28:46.988Z","level":"error","message":"[capture.summarize] Model request failed, provider=openai_compatible, model=qwen2.5:0.5b, maxTokens=512, durationMs=28, errorMessage=openai_compatible HTTP 404: model 'qwen2.5:0.5b' not found"}
{"timestamp":"2026-10-02T17:28:46.988Z","level":"warn","message":"[capture.summarize] Summary model failed; switching to the evolution model, sourceMemoryId=trace_f1227b34213ce0505384, episodeId=episode_66fc0fcdf236b0e19938, primaryModel=qwen2.5:0.5b, fallbackModel=qwen2.5:0.5b, errorMessage=openai_compatible HTTP 404: model 'qwen2.5:0.5b' not found"}
{"timestamp":"2026-10-02T17:28:46.989Z","level":"error","message":"[capture.summarize] Model HTTP request failed after the final attempt, provider=openai_compatible, model=qwen2.5:0.5b, attempt=1, maxAttempts=4, errorMessage=openai_compatible HTTP 404: model 'qwen2.5:0.5b' not found"}
{"timestamp":"2026-10-02T17:28:46.989Z","level":"error","message":"[capture.summarize] Model request failed, provider=openai_compatible, model=qwen2.5:0.5b, maxTokens=512, durationMs=13, errorMessage=openai_compatible HTTP 404: model 'qwen2.5:0.5b' not found"}
{"timestamp":"2026-10-02T17:28:46.989Z","level":"warn","message":"[capture.summarize] Summary model failed; switching to the evolution model, sourceMemoryId=trace_3809aef283e058ffb174, episodeId=episode_2ad7210ab2351486cce3, primaryModel=qwen2.5:0.5b, fallbackModel=qwen2.5:0.5b, errorMessage=openai_compatible HTTP 404: model 'qwen2.5:0.5b' not found"}
{"timestamp":"2026-10-02T17:28:46.990Z","level":"error","message":"[capture.summarize] Model HTTP request failed after the final attempt, provider=openai_compatible, model=qwen2.5:0.5b, attempt=1, maxAttempts=4, errorMessage=openai_compatible HTTP 404: model 'qwen2.5:0.5b' not found"}
{"timestamp":"2026-10-02T17:28:46.990Z","level":"error","message":"[capture.summarize] Model request failed, provider=openai_compatible, model=qwen2.5:0.5b, maxTokens=512, durationMs=22, errorMessage=openai_compatible HTTP 404: model 'qwen2.5:0.5b' not found"}
{"timestamp":"2026-10-02T17:28:46.990Z","level":"warn","message":"[capture.summarize] Summary model failed; switching to the evolution model, sourceMemoryId=trace_aa55cc9376f38e8e87e6, episodeId=episode_50d4c2c0f5a2b04f11a7, primaryModel=qwen2.5:0.5b, fallbackModel=qwen2.5:0.5b, errorMessage=openai_compatible HTTP 404: model 'qwen2.5:0.5b' not found"}
{"timestamp":"2026-10-02T17:28:46.991Z","level":"error","message":"[capture.summarize] Model HTTP request failed after the final attempt, provider=openai_compatible, model=qwen2.5:0.5b, attempt=1, maxAttempts=4, errorMessage=openai_compatible HTTP 404: model 'qwen2.5:0.5b' not found"}
{"timestamp":"2026-10-02T17:28:46.991Z","level":"error","message":"[capture.summarize] Model request failed, provider=openai_compatible, model=qwen2.5:0.5b, maxTokens=512, durationMs=27, errorMessage=openai_compatible HTTP 404: model 'qwen2.5:0.5b' not found"}
{"timestamp":"2026-10-02T17:28:46.991Z","level":"warn","message":"[capture.summarize] Summary model failed; switching to the evolution model, sourceMemoryId=trace_6a0e3162f69c1254589a, episodeId=episode_96e501bd6fe7ccb29289, primaryModel=qwen2.5:0.5b, fallbackModel=qwen2.5:0.5b, errorMessage=openai_compatible HTTP 404: model 'qwen2.5:0.5b' not found"}
{"timestamp":"2026-10-02T17:28:47.005Z","level":"info","message":"[memory-service] Configuration reloaded, changed=true, requiresRestart=false, restartFailedProcessing=true, summaryRouting=follow, evolutionRouting=follow, embeddingMode=local, memoryAddEnabled=true, memorySearchEnabled=true, summaryModel(provider=openai_compatible,model=qwen2.5:0.5b,maxTokens=300,timeoutMs=180000,maxRetries=3,malformedRetries=1), evolutionModel(provider=openai_compatible,model=qwen2.5:0.5b,maxTokens=600,timeoutMs=180000,maxRetries=2,malformedRetries=1), embeddingModel(provider=local,model=Xenova/all-MiniLM-L6-v2,timeoutMs=60000,maxRetries=2), evolutionGates(l2UseLlm=true,l2MinEpisodes=1,l2MinGain=0.02,l3UseLlm=true,l3MinPolicies=1,l3MinPolicyGain=0.02,l3MinPolicySupport=1,l3ClusterMinSimilarity=0.3,skillUseLlm=true,skillMinSupport=1,skillMinGain=0.02)"}
{"timestamp":"2026-10-02T17:28:47.010Z","level":"error","message":"[capture.summarize] Model HTTP request failed after the final attempt, provider=openai_compatible, model=qwen2.5:0.5b, attempt=1, maxAttempts=3, errorMessage=openai_compatible HTTP 404: model 'qwen2.5:0.5b' not found"}
{"timestamp":"2026-10-02T17:28:47.010Z","level":"error","message":"[capture.summarize] Model request failed, provider=openai_compatible, model=qwen2.5:0.5b, maxTokens=512, durationMs=22, errorMessage=openai_compatible HTTP 404: model 'qwen2.5:0.5b' not found"}
{"timestamp":"2026-10-02T17:28:47.010Z","level":"error","message":"[capture.summarize] Both summary and evolution models failed, sourceMemoryId=trace_f1227b34213ce0505384, episodeId=episode_66fc0fcdf236b0e19938, primaryModel=qwen2.5:0.5b, fallbackModel=qwen2.5:0.5b, primaryErrorMessage=openai_compatible HTTP 404: model 'qwen2.5:0.5b' not found, fallbackErrorMessage=openai_compatible HTTP 404: model 'qwen2.5:0.5b' not found"}
{"timestamp":"2026-10-02T17:28:47.011Z","level":"error","message":"[memory.summary] Job failed, jobId=job_63f13e32d19eb5d3513e, attempt=1, maxAttempts=3, terminal=true, targetMemoryId=trace_f1227b34213ce0505384, errorMessage=openai_compatible HTTP 404: model 'qwen2.5:0.5b' not found"}
{"timestamp":"2026-10-02T17:28:47.012Z","level":"error","message":"[capture.summarize] Model HTTP request failed after the final attempt, provider=openai_compatible, model=qwen2.5:0.5b, attempt=1, maxAttempts=3, errorMessage=openai_compatible HTTP 404: model 'qwen2.5:0.5b' not found"}
{"timestamp":"2026-10-02T17:28:47.012Z","level":"error","message":"[capture.summarize] Model request failed, provider=openai_compatible, model=qwen2.5:0.5b, maxTokens=512, durationMs=23, errorMessage=openai_compatible HTTP 404: model 'qwen2.5:0.5b' not found"}
{"timestamp":"2026-10-02T17:28:47.012Z","level":"error","message":"[capture.summarize] Both summary and evolution models failed, sourceMemoryId=trace_3809aef283e058ffb174, episodeId=episode_2ad7210ab2351486cce3, primaryModel=qwen2.5:0.5b, fallbackModel=qwen2.5:0.5b, primaryErrorMessage=openai_compatible HTTP 404: model 'qwen2.5:0.5b' not found, fallbackErrorMessage=openai_compatible HTTP 404: model 'qwen2.5:0.5b' not found"}
{"timestamp":"2026-10-02T17:28:47.014Z","level":"error","message":"[memory.summary] Job failed, jobId=job_8adb571637d8ce74212b, attempt=1, maxAttempts=3, terminal=true, targetMemoryId=trace_3809aef283e058ffb174, errorMessage=openai_compatible HTTP 404: model 'qwen2.5:0.5b' not found"}
{"timestamp":"2026-10-02T17:28:47.015Z","level":"error","message":"[capture.summarize] Model HTTP request failed after the final attempt, provider=openai_compatible, model=qwen2.5:0.5b, attempt=1, maxAttempts=3, errorMessage=openai_compatible HTTP 404: model 'qwen2.5:0.5b' not found"}
{"timestamp":"2026-10-02T17:28:47.015Z","level":"error","message":"[capture.summarize] Model request failed, provider=openai_compatible, model=qwen2.5:0.5b, maxTokens=512, durationMs=25, errorMessage=openai_compatible HTTP 404: model 'qwen2.5:0.5b' not found"}
{"timestamp":"2026-10-02T17:28:47.015Z","level":"error","message":"[capture.summarize] Both summary and evolution models failed, sourceMemoryId=trace_aa55cc9376f38e8e87e6, episodeId=episode_50d4c2c0f5a2b04f11a7, primaryModel=qwen2.5:0.5b, fallbackModel=qwen2.5:0.5b, primaryErrorMessage=openai_compatible HTTP 404: model 'qwen2.5:0.5b' not found, fallbackErrorMessage=openai_compatible HTTP 404: model 'qwen2.5:0.5b' not found"}
{"timestamp":"2026-10-02T17:28:47.016Z","level":"error","message":"[memory.summary] Job failed, jobId=job_1df6ed6e438d7129aa13, attempt=1, maxAttempts=3, terminal=true, targetMemoryId=trace_aa55cc9376f38e8e87e6, errorMessage=openai_compatible HTTP 404: model 'qwen2.5:0.5b' not found"}
{"timestamp":"2026-10-02T17:28:47.016Z","level":"error","message":"[capture.summarize] Model HTTP request failed after the final attempt, provider=openai_compatible, model=qwen2.5:0.5b, attempt=1, maxAttempts=3, errorMessage=openai_compatible HTTP 404: model 'qwen2.5:0.5b' not found"}
{"timestamp":"2026-10-02T17:28:47.017Z","level":"error","message":"[capture.summarize] Model request failed, provider=openai_compatible, model=qwen2.5:0.5b, maxTokens=512, durationMs=26, errorMessage=openai_compatible HTTP 404: model 'qwen2.5:0.5b' not found"}
{"timestamp":"2026-10-02T17:28:47.017Z","level":"error","message":"[capture.summarize] Both summary and evolution models failed, sourceMemoryId=trace_6a0e3162f69c1254589a, episodeId=episode_96e501bd6fe7ccb29289, primaryModel=qwen2.5:0.5b, fallbackModel=qwen2.5:0.5b, primaryErrorMessage=openai_compatible HTTP 404: model 'qwen2.5:0.5b' not found, fallbackErrorMessage=openai_compatible HTTP 404: model 'qwen2.5:0.5b' not found"}
{"timestamp":"2026-10-02T17:28:47.018Z","level":"error","message":"[memory.summary] Job failed, jobId=job_7ef03f54d7ee0419eef3, attempt=1, maxAttempts=3, terminal=true, targetMemoryId=trace_6a0e3162f69c1254589a, errorMessage=openai_compatible HTTP 404: model 'qwen2.5:0.5b' not found"}
{"timestamp":"2026-10-02T17:28:47.018Z","level":"info","message":"[worker] Worker drain completed, leased=4, succeeded=0, failed=4, embeddingRetriesLeased=0, embeddingRetriesSucceeded=0, embeddingRetriesFailed=0"}
{"timestamp":"2026-10-02T17:28:47.026Z","level":"info","message":"[memory.summary] Job started, jobId=job_23c7b94a34e9cda6f915, attempt=1, maxAttempts=3, sessionId=session_f4894cbb5cee22eab31f, targetMemoryId=trace_339aa7b50ac930ae3be9"}
{"timestamp":"2026-10-02T17:28:47.032Z","level":"info","message":"[memory.summary] Job started, jobId=job_0cac89c851ecb403b5e4, attempt=1, maxAttempts=3, sessionId=session_f4894cbb5cee22eab31f, targetMemoryId=trace_b0ed0b05c2e4a3ea3ea2"}
{"timestamp":"2026-10-02T17:28:47.036Z","level":"info","message":"[memory.summary] Job started, jobId=job_c5e270a134049598f5ab, attempt=1, maxAttempts=3, sessionId=session_f4894cbb5cee22eab31f, targetMemoryId=trace_92465105389f6495b67f"}
{"timestamp":"2026-10-02T17:28:47.040Z","level":"info","message":"[memory.summary] Job started, jobId=job_995c3ba5a8bd128169b1, attempt=1, maxAttempts=3, sessionId=session_f4894cbb5cee22eab31f, targetMemoryId=trace_841ab7e52c1ca309a10c"}
{"timestamp":"2026-10-02T17:28:47.053Z","level":"error","message":"[capture.summarize] Model HTTP request failed after the final attempt, provider=openai_compatible, model=qwen2.5:0.5b, attempt=1, maxAttempts=4, errorMessage=openai_compatible HTTP 404: model 'qwen2.5:0.5b' not found"}
{"timestamp":"2026-10-02T17:28:47.053Z","level":"error","message":"[capture.summarize] Model request failed, provider=openai_compatible, model=qwen2.5:0.5b, maxTokens=512, durationMs=24, errorMessage=openai_compatible HTTP 404: model 'qwen2.5:0.5b' not found"}
{"timestamp":"2026-10-02T17:28:47.054Z","level":"warn","message":"[capture.summarize] Summary model failed; switching to the evolution model, sourceMemoryId=trace_339aa7b50ac930ae3be9, episodeId=episode_5a58417d152fe8fef173, primaryModel=qwen2.5:0.5b, fallbackModel=qwen2.5:0.5b, errorMessage=openai_compatible HTTP 404: model 'qwen2.5:0.5b' not found"}
{"timestamp":"2026-10-02T17:28:47.055Z","level":"error","message":"[capture.summarize] Model HTTP request failed after the final attempt, provider=openai_compatible, model=qwen2.5:0.5b, attempt=1, maxAttempts=4, errorMessage=openai_compatible HTTP 404: model 'qwen2.5:0.5b' not found"}
{"timestamp":"2026-10-02T17:28:47.055Z","level":"error","message":"[capture.summarize] Model request failed, provider=openai_compatible, model=qwen2.5:0.5b, maxTokens=512, durationMs=21, errorMessage=openai_compatible HTTP 404: model 'qwen2.5:0.5b' not found"}
{"timestamp":"2026-10-02T17:28:47.055Z","level":"warn","message":"[capture.summarize] Summary model failed; switching to the evolution model, sourceMemoryId=trace_b0ed0b05c2e4a3ea3ea2, episodeId=episode_5a58417d152fe8fef173, primaryModel=qwen2.5:0.5b, fallbackModel=qwen2.5:0.5b, errorMessage=openai_compatible HTTP 404: model 'qwen2.5:0.5b' not found"}
{"timestamp":"2026-10-02T17:28:47.056Z","level":"error","message":"[capture.summarize] Model HTTP request failed after the final attempt, provider=openai_compatible, model=qwen2.5:0.5b, attempt=1, maxAttempts=4, errorMessage=openai_compatible HTTP 404: model 'qwen2.5:0.5b' not found"}
{"timestamp":"2026-10-02T17:28:47.056Z","level":"error","message":"[capture.summarize] Model request failed, provider=openai_compatible, model=qwen2.5:0.5b, maxTokens=512, durationMs=19, errorMessage=openai_compatible HTTP 404: model 'qwen2.5:0.5b' not found"}
{"timestamp":"2026-10-02T17:28:47.056Z","level":"warn","message":"[capture.summarize] Summary model failed; switching to the evolution model, sourceMemoryId=trace_92465105389f6495b67f, episodeId=episode_5a58417d152fe8fef173, primaryModel=qwen2.5:0.5b, fallbackModel=qwen2.5:0.5b, errorMessage=openai_compatible HTTP 404: model 'qwen2.5:0.5b' not found"}
{"timestamp":"2026-10-02T17:28:47.057Z","level":"error","message":"[capture.summarize] Model HTTP request failed after the final attempt, provider=openai_compatible, model=qwen2.5:0.5b, attempt=1, maxAttempts=4, errorMessage=openai_compatible HTTP 404: model 'qwen2.5:0.5b' not found"}
{"timestamp":"2026-10-02T17:28:47.057Z","level":"error","message":"[capture.summarize] Model request failed, provider=openai_compatible, model=qwen2.5:0.5b, maxTokens=512, durationMs=15, errorMessage=openai_compatible HTTP 404: model 'qwen2.5:0.5b' not found"}
{"timestamp":"2026-10-02T17:28:47.057Z","level":"warn","message":"[capture.summarize] Summary model failed; switching to the evolution model, sourceMemoryId=trace_841ab7e52c1ca309a10c, episodeId=episode_5a58417d152fe8fef173, primaryModel=qwen2.5:0.5b, fallbackModel=qwen2.5:0.5b, errorMessage=openai_compatible HTTP 404: model 'qwen2.5:0.5b' not found"}
{"timestamp":"2026-10-02T17:28:47.063Z","level":"error","message":"[capture.summarize] Model HTTP request failed after the final attempt, provider=openai_compatible, model=qwen2.5:0.5b, attempt=1, maxAttempts=3, errorMessage=openai_compatible HTTP 404: model 'qwen2.5:0.5b' not found"}
{"timestamp":"2026-10-02T17:28:47.063Z","level":"error","message":"[capture.summarize] Model request failed, provider=openai_compatible, model=qwen2.5:0.5b, maxTokens=512, durationMs=9, errorMessage=openai_compatible HTTP 404: model 'qwen2.5:0.5b' not found"}
{"timestamp":"2026-10-02T17:28:47.063Z","level":"error","message":"[capture.summarize] Both summary and evolution models failed, sourceMemoryId=trace_339aa7b50ac930ae3be9, episodeId=episode_5a58417d152fe8fef173, primaryModel=qwen2.5:0.5b, fallbackModel=qwen2.5:0.5b, primaryErrorMessage=openai_compatible HTTP 404: model 'qwen2.5:0.5b' not found, fallbackErrorMessage=openai_compatible HTTP 404: model 'qwen2.5:0.5b' not found"}
{"timestamp":"2026-10-02T17:28:47.065Z","level":"error","message":"[memory.summary] Job failed, jobId=job_23c7b94a34e9cda6f915, attempt=1, maxAttempts=3, terminal=true, targetMemoryId=trace_339aa7b50ac930ae3be9, errorMessage=openai_compatible HTTP 404: model 'qwen2.5:0.5b' not found"}
{"timestamp":"2026-10-02T17:28:47.066Z","level":"error","message":"[capture.summarize] Model HTTP request failed after the final attempt, provider=openai_compatible, model=qwen2.5:0.5b, attempt=1, maxAttempts=3, errorMessage=openai_compatible HTTP 404: model 'qwen2.5:0.5b' not found"}
{"timestamp":"2026-10-02T17:28:47.067Z","level":"error","message":"[capture.summarize] Model request failed, provider=openai_compatible, model=qwen2.5:0.5b, maxTokens=512, durationMs=12, errorMessage=openai_compatible HTTP 404: model 'qwen2.5:0.5b' not found"}
{"timestamp":"2026-10-02T17:28:47.067Z","level":"error","message":"[capture.summarize] Both summary and evolution models failed, sourceMemoryId=trace_b0ed0b05c2e4a3ea3ea2, episodeId=episode_5a58417d152fe8fef173, primaryModel=qwen2.5:0.5b, fallbackModel=qwen2.5:0.5b, primaryErrorMessage=openai_compatible HTTP 404: model 'qwen2.5:0.5b' not found, fallbackErrorMessage=openai_compatible HTTP 404: model 'qwen2.5:0.5b' not found"}
{"timestamp":"2026-10-02T17:28:47.068Z","level":"error","message":"[memory.summary] Job failed, jobId=job_0cac89c851ecb403b5e4, attempt=1, maxAttempts=3, terminal=true, targetMemoryId=trace_b0ed0b05c2e4a3ea3ea2, errorMessage=openai_compatible HTTP 404: model 'qwen2.5:0.5b' not found"}
{"timestamp":"2026-10-02T17:28:47.068Z","level":"error","message":"[capture.summarize] Model HTTP request failed after the final attempt, provider=openai_compatible, model=qwen2.5:0.5b, attempt=1, maxAttempts=3, errorMessage=openai_compatible HTTP 404: model 'qwen2.5:0.5b' not found"}
{"timestamp":"2026-10-02T17:28:47.068Z","level":"error","message":"[capture.summarize] Model request failed, provider=openai_compatible, model=qwen2.5:0.5b, maxTokens=512, durationMs=11, errorMessage=openai_compatible HTTP 404: model 'qwen2.5:0.5b' not found"}
{"timestamp":"2026-10-02T17:28:47.069Z","level":"error","message":"[capture.summarize] Both summary and evolution models failed, sourceMemoryId=trace_841ab7e52c1ca309a10c, episodeId=episode_5a58417d152fe8fef173, primaryModel=qwen2.5:0.5b, fallbackModel=qwen2.5:0.5b, primaryErrorMessage=openai_compatible HTTP 404: model 'qwen2.5:0.5b' not found, fallbackErrorMessage=openai_compatible HTTP 404: model 'qwen2.5:0.5b' not found"}
{"timestamp":"2026-10-02T17:28:47.070Z","level":"error","message":"[memory.summary] Job failed, jobId=job_995c3ba5a8bd128169b1, attempt=1, maxAttempts=3, terminal=true, targetMemoryId=trace_841ab7e52c1ca309a10c, errorMessage=openai_compatible HTTP 404: model 'qwen2.5:0.5b' not found"}
{"timestamp":"2026-10-02T17:28:47.070Z","level":"error","message":"[capture.summarize] Model HTTP request failed after the final attempt, provider=openai_compatible, model=qwen2.5:0.5b, attempt=1, maxAttempts=3, errorMessage=openai_compatible HTTP 404: model 'qwen2.5:0.5b' not found"}
{"timestamp":"2026-10-02T17:28:47.070Z","level":"error","message":"[capture.summarize] Model request failed, provider=openai_compatible, model=qwen2.5:0.5b, maxTokens=512, durationMs=14, errorMessage=openai_compatible HTTP 404: model 'qwen2.5:0.5b' not found"}
{"timestamp":"2026-10-02T17:28:47.070Z","level":"error","message":"[capture.summarize] Both summary and evolution models failed, sourceMemoryId=trace_92465105389f6495b67f, episodeId=episode_5a58417d152fe8fef173, primaryModel=qwen2.5:0.5b, fallbackModel=qwen2.5:0.5b, primaryErrorMessage=openai_compatible HTTP 404: model 'qwen2.5:0.5b' not found, fallbackErrorMessage=openai_compatible HTTP 404: model 'qwen2.5:0.5b' not found"}
{"timestamp":"2026-10-02T17:28:47.072Z","level":"error","message":"[memory.summary] Job failed, jobId=job_c5e270a134049598f5ab, attempt=1, maxAttempts=3, terminal=true, targetMemoryId=trace_92465105389f6495b67f, errorMessage=openai_compatible HTTP 404: model 'qwen2.5:0.5b' not found"}
{"timestamp":"2026-10-02T17:28:47.072Z","level":"info","message":"[worker] Worker drain completed, leased=4, succeeded=0, failed=4, embeddingRetriesLeased=0, embeddingRetriesSucceeded=0, embeddingRetriesFailed=0"}
{"timestamp":"2026-10-02T17:28:47.076Z","level":"info","message":"[memory.summary] Job started, jobId=job_4abb4f0f8061727fff07, attempt=1, maxAttempts=3, sessionId=session_f4894cbb5cee22eab31f, targetMemoryId=trace_cad8030d2a5713a5f5ea"}
{"timestamp":"2026-10-02T17:28:47.080Z","level":"info","message":"[memory.summary] Job started, jobId=job_03d5f4dbcbbb635fea1a, attempt=1, maxAttempts=3, sessionId=session_f4894cbb5cee22eab31f, targetMemoryId=trace_d4073aca64d0bc0f00b6"}
{"timestamp":"2026-10-02T17:28:47.085Z","level":"info","message":"[memory.summary] Job started, jobId=job_f1112f41b4282cdd0fdf, attempt=1, maxAttempts=3, sessionId=session_94f26f8db5c2d9fb278a, targetMemoryId=trace_8cfe2a490b43ab7ae1fb"}
{"timestamp":"2026-10-02T17:28:47.089Z","level":"info","message":"[memory.summary] Job started, jobId=job_e0a93e6ce55e125744e4, attempt=1, maxAttempts=3, sessionId=session_e3f0515fb77749201ba0, targetMemoryId=trace_89b1bf04adbb91a7a0a9"}
{"timestamp":"2026-10-02T17:28:47.101Z","level":"error","message":"[capture.summarize] Model HTTP request failed after the final attempt, provider=openai_compatible, model=qwen2.5:0.5b, attempt=1, maxAttempts=4, errorMessage=openai_compatible HTTP 404: model 'qwen2.5:0.5b' not found"}
{"timestamp":"2026-10-02T17:28:47.101Z","level":"error","message":"[capture.summarize] Model request failed, provider=openai_compatible, model=qwen2.5:0.5b, maxTokens=512, durationMs=24, errorMessage=openai_compatible HTTP 404: model 'qwen2.5:0.5b' not found"}
{"timestamp":"2026-10-02T17:28:47.101Z","level":"warn","message":"[capture.summarize] Summary model failed; switching to the evolution model, sourceMemoryId=trace_cad8030d2a5713a5f5ea, episodeId=episode_5a58417d152fe8fef173, primaryModel=qwen2.5:0.5b, fallbackModel=qwen2.5:0.5b, errorMessage=openai_compatible HTTP 404: model 'qwen2.5:0.5b' not found"}
{"timestamp":"2026-10-02T17:28:47.104Z","level":"error","message":"[capture.summarize] Model HTTP request failed after the final attempt, provider=openai_compatible, model=qwen2.5:0.5b, attempt=1, maxAttempts=4, errorMessage=openai_compatible HTTP 404: model 'qwen2.5:0.5b' not found"}
{"timestamp":"2026-10-02T17:28:47.104Z","level":"error","message":"[capture.summarize] Model request failed, provider=openai_compatible, model=qwen2.5:0.5b, maxTokens=512, durationMs=23, errorMessage=openai_compatible HTTP 404: model 'qwen2.5:0.5b' not found"}
{"timestamp":"2026-10-02T17:28:47.104Z","level":"warn","message":"[capture.summarize] Summary model failed; switching to the evolution model, sourceMemoryId=trace_d4073aca64d0bc0f00b6, episodeId=episode_83056281bde3f878c360, primaryModel=qwen2.5:0.5b, fallbackModel=qwen2.5:0.5b, errorMessage=openai_compatible HTTP 404: model 'qwen2.5:0.5b' not found"}
{"timestamp":"2026-10-02T17:28:47.105Z","level":"error","message":"[capture.summarize] Model HTTP request failed after the final attempt, provider=openai_compatible, model=qwen2.5:0.5b, attempt=1, maxAttempts=4, errorMessage=openai_compatible HTTP 404: model 'qwen2.5:0.5b' not found"}
{"timestamp":"2026-10-02T17:28:47.105Z","level":"error","message":"[capture.summarize] Model request failed, provider=openai_compatible, model=qwen2.5:0.5b, maxTokens=512, durationMs=14, errorMessage=openai_compatible HTTP 404: model 'qwen2.5:0.5b' not found"}
{"timestamp":"2026-10-02T17:28:47.106Z","level":"warn","message":"[capture.summarize] Summary model failed; switching to the evolution model, sourceMemoryId=trace_89b1bf04adbb91a7a0a9, episodeId=episode_be851aec0652c9f429d2, primaryModel=qwen2.5:0.5b, fallbackModel=qwen2.5:0.5b, errorMessage=openai_compatible HTTP 404: model 'qwen2.5:0.5b' not found"}
{"timestamp":"2026-10-02T17:28:47.106Z","level":"error","message":"[capture.summarize] Model HTTP request failed after the final attempt, provider=openai_compatible, model=qwen2.5:0.5b, attempt=1, maxAttempts=4, errorMessage=openai_compatible HTTP 404: model 'qwen2.5:0.5b' not found"}
{"timestamp":"2026-10-02T17:28:47.106Z","level":"error","message":"[capture.summarize] Model request failed, provider=openai_compatible, model=qwen2.5:0.5b, maxTokens=512, durationMs=20, errorMessage=openai_compatible HTTP 404: model 'qwen2.5:0.5b' not found"}
{"timestamp":"2026-10-02T17:28:47.106Z","level":"warn","message":"[capture.summarize] Summary model failed; switching to the evolution model, sourceMemoryId=trace_8cfe2a490b43ab7ae1fb, episodeId=episode_e9eb020f942c0c69f916, primaryModel=qwen2.5:0.5b, fallbackModel=qwen2.5:0.5b, errorMessage=openai_compatible HTTP 404: model 'qwen2.5:0.5b' not found"}
{"timestamp":"2026-10-02T17:28:47.107Z","level":"error","message":"[capture.summarize] Model HTTP request failed after the final attempt, provider=openai_compatible, model=qwen2.5:0.5b, attempt=1, maxAttempts=3, errorMessage=openai_compatible HTTP 404: model 'qwen2.5:0.5b' not found"}
{"timestamp":"2026-10-02T17:28:47.108Z","level":"error","message":"[capture.summarize] Model request failed, provider=openai_compatible, model=qwen2.5:0.5b, maxTokens=512, durationMs=7, errorMessage=openai_compatible HTTP 404: model 'qwen2.5:0.5b' not found"}
{"timestamp":"2026-10-02T17:28:47.108Z","level":"error","message":"[capture.summarize] Both summary and evolution models failed, sourceMemoryId=trace_cad8030d2a5713a5f5ea, episodeId=episode_5a58417d152fe8fef173, primaryModel=qwen2.5:0.5b, fallbackModel=qwen2.5:0.5b, primaryErrorMessage=openai_compatible HTTP 404: model 'qwen2.5:0.5b' not found, fallbackErrorMessage=openai_compatible HTTP 404: model 'qwen2.5:0.5b' not found"}
{"timestamp":"2026-10-02T17:28:47.109Z","level":"error","message":"[memory.summary] Job failed, jobId=job_4abb4f0f8061727fff07, attempt=1, maxAttempts=3, terminal=true, targetMemoryId=trace_cad8030d2a5713a5f5ea, errorMessage=openai_compatible HTTP 404: model 'qwen2.5:0.5b' not found"}
{"timestamp":"2026-10-02T17:28:47.113Z","level":"error","message":"[capture.summarize] Model HTTP request failed after the final attempt, provider=openai_compatible, model=qwen2.5:0.5b, attempt=1, maxAttempts=3, errorMessage=openai_compatible HTTP 404: model 'qwen2.5:0.5b' not found"}
{"timestamp":"2026-10-02T17:28:47.113Z","level":"error","message":"[capture.summarize] Model request failed, provider=openai_compatible, model=qwen2.5:0.5b, maxTokens=512, durationMs=9, errorMessage=openai_compatible HTTP 404: model 'qwen2.5:0.5b' not found"}
{"timestamp":"2026-10-02T17:28:47.113Z","level":"error","message":"[capture.summarize] Both summary and evolution models failed, sourceMemoryId=trace_d4073aca64d0bc0f00b6, episodeId=episode_83056281bde3f878c360, primaryModel=qwen2.5:0.5b, fallbackModel=qwen2.5:0.5b, primaryErrorMessage=openai_compatible HTTP 404: model 'qwen2.5:0.5b' not found, fallbackErrorMessage=openai_compatible HTTP 404: model 'qwen2.5:0.5b' not found"}
{"timestamp":"2026-10-02T17:28:47.115Z","level":"error","message":"[memory.summary] Job failed, jobId=job_03d5f4dbcbbb635fea1a, attempt=1, maxAttempts=3, terminal=true, targetMemoryId=trace_d4073aca64d0bc0f00b6, errorMessage=openai_compatible HTTP 404: model 'qwen2.5:0.5b' not found"}
{"timestamp":"2026-10-02T17:28:47.116Z","level":"error","message":"[capture.summarize] Model HTTP request failed after the final attempt, provider=openai_compatible, model=qwen2.5:0.5b, attempt=1, maxAttempts=3, errorMessage=openai_compatible HTTP 404: model 'qwen2.5:0.5b' not found"}
{"timestamp":"2026-10-02T17:28:47.116Z","level":"error","message":"[capture.summarize] Model request failed, provider=openai_compatible, model=qwen2.5:0.5b, maxTokens=512, durationMs=10, errorMessage=openai_compatible HTTP 404: model 'qwen2.5:0.5b' not found"}
{"timestamp":"2026-10-02T17:28:47.116Z","level":"error","message":"[capture.summarize] Both summary and evolution models failed, sourceMemoryId=trace_8cfe2a490b43ab7ae1fb, episodeId=episode_e9eb020f942c0c69f916, primaryModel=qwen2.5:0.5b, fallbackModel=qwen2.5:0.5b, primaryErrorMessage=openai_compatible HTTP 404: model 'qwen2.5:0.5b' not found, fallbackErrorMessage=openai_compatible HTTP 404: model 'qwen2.5:0.5b' not found"}
{"timestamp":"2026-10-02T17:28:47.117Z","level":"error","message":"[memory.summary] Job failed, jobId=job_f1112f41b4282cdd0fdf, attempt=1, maxAttempts=3, terminal=true, targetMemoryId=trace_8cfe2a490b43ab7ae1fb, errorMessage=openai_compatible HTTP 404: model 'qwen2.5:0.5b' not found"}
{"timestamp":"2026-10-02T17:28:47.118Z","level":"error","message":"[capture.summarize] Model HTTP request failed after the final attempt, provider=openai_compatible, model=qwen2.5:0.5b, attempt=1, maxAttempts=3, errorMessage=openai_compatible HTTP 404: model 'qwen2.5:0.5b' not found"}
{"timestamp":"2026-10-02T17:28:47.118Z","level":"error","message":"[capture.summarize] Model request failed, provider=openai_compatible, model=qwen2.5:0.5b, maxTokens=512, durationMs=12, errorMessage=openai_compatible HTTP 404: model 'qwen2.5:0.5b' not found"}
{"timestamp":"2026-10-02T17:28:47.118Z","level":"error","message":"[capture.summarize] Both summary and evolution models failed, sourceMemoryId=trace_89b1bf04adbb91a7a0a9, episodeId=episode_be851aec0652c9f429d2, primaryModel=qwen2.5:0.5b, fallbackModel=qwen2.5:0.5b, primaryErrorMessage=openai_compatible HTTP 404: model 'qwen2.5:0.5b' not found, fallbackErrorMessage=openai_compatible HTTP 404: model 'qwen2.5:0.5b' not found"}
{"timestamp":"2026-10-02T17:28:47.119Z","level":"error","message":"[memory.summary] Job failed, jobId=job_e0a93e6ce55e125744e4, attempt=1, maxAttempts=3, terminal=true, targetMemoryId=trace_89b1bf04adbb91a7a0a9, errorMessage=openai_compatible HTTP 404: model 'qwen2.5:0.5b' not found"}
{"timestamp":"2026-10-02T17:28:47.119Z","level":"info","message":"[worker] Worker drain completed, leased=4, succeeded=0, failed=4, embeddingRetriesLeased=0, embeddingRetriesSucceeded=0, embeddingRetriesFailed=0"}
{"timestamp":"2026-10-02T17:28:47.130Z","level":"info","message":"[memory.summary] Job started, jobId=job_bd5f6b4bf3002a07250b, attempt=1, maxAttempts=3, sessionId=session_94f26f8db5c2d9fb278a, episodeId=episode_be79cc9d18b4b15f08c9, targetMemoryId=trace_b3a2605d3177e319716a"}
{"timestamp":"2026-10-02T17:28:47.137Z","level":"info","message":"[memory.summary] Job started, jobId=job_6fdcd7fecc4235d9c7ef, attempt=1, maxAttempts=3, sessionId=session_33e0dea43e1ed7e5cf00, episodeId=episode_6f943f6be37526b82dbd, targetMemoryId=trace_32e538f3130bb44e9c34"}
{"timestamp":"2026-10-02T17:28:47.144Z","level":"info","message":"[memory.summary] Job started, jobId=job_1a9829bd14e5e7c124b5, attempt=1, maxAttempts=3, sessionId=session_046da8461ea7cbd53811, episodeId=episode_4529c6b8d03682468f0e, targetMemoryId=trace_39369adffbdc98628642"}
{"timestamp":"2026-10-02T17:28:47.149Z","level":"info","message":"[memory.summary] Job started, jobId=job_f72c1959ed9c90d2e4ce, attempt=1, maxAttempts=3, sessionId=session_c7bf9c2d901e460a39f8, episodeId=episode_e38ceb2985fefc09ccec, targetMemoryId=trace_48854882a848a5222e89"}
{"timestamp":"2026-10-02T17:28:47.165Z","level":"error","message":"[capture.summarize] Model HTTP request failed after the final attempt, provider=openai_compatible, model=qwen2.5:0.5b, attempt=1, maxAttempts=4, errorMessage=openai_compatible HTTP 404: model 'qwen2.5:0.5b' not found"}
{"timestamp":"2026-10-02T17:28:47.165Z","level":"error","message":"[capture.summarize] Model request failed, provider=openai_compatible, model=qwen2.5:0.5b, maxTokens=512, durationMs=32, errorMessage=openai_compatible HTTP 404: model 'qwen2.5:0.5b' not found"}
{"timestamp":"2026-10-02T17:28:47.165Z","level":"warn","message":"[capture.summarize] Summary model failed; switching to the evolution model, sourceMemoryId=trace_b3a2605d3177e319716a, episodeId=episode_be79cc9d18b4b15f08c9, primaryModel=qwen2.5:0.5b, fallbackModel=qwen2.5:0.5b, errorMessage=openai_compatible HTTP 404: model 'qwen2.5:0.5b' not found"}
{"timestamp":"2026-10-02T17:28:47.167Z","level":"error","message":"[capture.summarize] Model HTTP request failed after the final attempt, provider=openai_compatible, model=qwen2.5:0.5b, attempt=1, maxAttempts=4, errorMessage=openai_compatible HTTP 404: model 'qwen2.5:0.5b' not found"}
{"timestamp":"2026-10-02T17:28:47.167Z","level":"error","message":"[capture.summarize] Model request failed, provider=openai_compatible, model=qwen2.5:0.5b, maxTokens=512, durationMs=27, errorMessage=openai_compatible HTTP 404: model 'qwen2.5:0.5b' not found"}
{"timestamp":"2026-10-02T17:28:47.167Z","level":"warn","message":"[capture.summarize] Summary model failed; switching to the evolution model, sourceMemoryId=trace_32e538f3130bb44e9c34, episodeId=episode_6f943f6be37526b82dbd, primaryModel=qwen2.5:0.5b, fallbackModel=qwen2.5:0.5b, errorMessage=openai_compatible HTTP 404: model 'qwen2.5:0.5b' not found"}
{"timestamp":"2026-10-02T17:28:47.168Z","level":"error","message":"[capture.summarize] Model HTTP request failed after the final attempt, provider=openai_compatible, model=qwen2.5:0.5b, attempt=1, maxAttempts=4, errorMessage=openai_compatible HTTP 404: model 'qwen2.5:0.5b' not found"}
{"timestamp":"2026-10-02T17:28:47.168Z","level":"error","message":"[capture.summarize] Model request failed, provider=openai_compatible, model=qwen2.5:0.5b, maxTokens=512, durationMs=16, errorMessage=openai_compatible HTTP 404: model 'qwen2.5:0.5b' not found"}
{"timestamp":"2026-10-02T17:28:47.168Z","level":"warn","message":"[capture.summarize] Summary model failed; switching to the evolution model, sourceMemoryId=trace_48854882a848a5222e89, episodeId=episode_e38ceb2985fefc09ccec, primaryModel=qwen2.5:0.5b, fallbackModel=qwen2.5:0.5b, errorMessage=openai_compatible HTTP 404: model 'qwen2.5:0.5b' not found"}
{"timestamp":"2026-10-02T17:28:47.169Z","level":"error","message":"[capture.summarize] Model HTTP request failed after the final attempt, provider=openai_compatible, model=qwen2.5:0.5b, attempt=1, maxAttempts=4, errorMessage=openai_compatible HTTP 404: model 'qwen2.5:0.5b' not found"}
{"timestamp":"2026-10-02T17:28:47.169Z","level":"error","message":"[capture.summarize] Model request failed, provider=openai_compatible, model=qwen2.5:0.5b, maxTokens=512, durationMs=23, errorMessage=openai_compatible HTTP 404: model 'qwen2.5:0.5b' not found"}
{"timestamp":"2026-10-02T17:28:47.169Z","level":"warn","message":"[capture.summarize] Summary model failed; switching to the evolution model, sourceMemoryId=trace_39369adffbdc98628642, episodeId=episode_4529c6b8d03682468f0e, primaryModel=qwen2.5:0.5b, fallbackModel=qwen2.5:0.5b, errorMessage=openai_compatible HTTP 404: model 'qwen2.5:0.5b' not found"}
{"timestamp":"2026-10-02T17:28:47.174Z","level":"error","message":"[capture.summarize] Model HTTP request failed after the final attempt, provider=openai_compatible, model=qwen2.5:0.5b, attempt=1, maxAttempts=3, errorMessage=openai_compatible HTTP 404: model 'qwen2.5:0.5b' not found"}
{"timestamp":"2026-10-02T17:28:47.174Z","level":"error","message":"[capture.summarize] Model request failed, provider=openai_compatible, model=qwen2.5:0.5b, maxTokens=512, durationMs=9, errorMessage=openai_compatible HTTP 404: model 'qwen2.5:0.5b' not found"}
{"timestamp":"2026-10-02T17:28:47.174Z","level":"error","message":"[capture.summarize] Both summary and evolution models failed, sourceMemoryId=trace_b3a2605d3177e319716a, episodeId=episode_be79cc9d18b4b15f08c9, primaryModel=qwen2.5:0.5b, fallbackModel=qwen2.5:0.5b, primaryErrorMessage=openai_compatible HTTP 404: model 'qwen2.5:0.5b' not found, fallbackErrorMessage=openai_compatible HTTP 404: model 'qwen2.5:0.5b' not found"}
{"timestamp":"2026-10-02T17:28:47.177Z","level":"error","message":"[memory.summary] Job failed, jobId=job_bd5f6b4bf3002a07250b, attempt=1, maxAttempts=3, terminal=true, targetMemoryId=trace_b3a2605d3177e319716a, errorMessage=openai_compatible HTTP 404: model 'qwen2.5:0.5b' not found"}
{"timestamp":"2026-10-02T17:28:47.177Z","level":"error","message":"[capture.summarize] Model HTTP request failed after the final attempt, provider=openai_compatible, model=qwen2.5:0.5b, attempt=1, maxAttempts=3, errorMessage=openai_compatible HTTP 404: model 'qwen2.5:0.5b' not found"}
{"timestamp":"2026-10-02T17:28:47.178Z","level":"error","message":"[capture.summarize] Model request failed, provider=openai_compatible, model=qwen2.5:0.5b, maxTokens=512, durationMs=11, errorMessage=openai_compatible HTTP 404: model 'qwen2.5:0.5b' not found"}
{"timestamp":"2026-10-02T17:28:47.178Z","level":"error","message":"[capture.summarize] Both summary and evolution models failed, sourceMemoryId=trace_32e538f3130bb44e9c34, episodeId=episode_6f943f6be37526b82dbd, primaryModel=qwen2.5:0.5b, fallbackModel=qwen2.5:0.5b, primaryErrorMessage=openai_compatible HTTP 404: model 'qwen2.5:0.5b' not found, fallbackErrorMessage=openai_compatible HTTP 404: model 'qwen2.5:0.5b' not found"}
{"timestamp":"2026-10-02T17:28:47.180Z","level":"error","message":"[memory.summary] Job failed, jobId=job_6fdcd7fecc4235d9c7ef, attempt=1, maxAttempts=3, terminal=true, targetMemoryId=trace_32e538f3130bb44e9c34, errorMessage=openai_compatible HTTP 404: model 'qwen2.5:0.5b' not found"}
{"timestamp":"2026-10-02T17:28:47.183Z","level":"error","message":"[capture.summarize] Model HTTP request failed after the final attempt, provider=openai_compatible, model=qwen2.5:0.5b, attempt=1, maxAttempts=3, errorMessage=openai_compatible HTTP 404: model 'qwen2.5:0.5b' not found"}
{"timestamp":"2026-10-02T17:28:47.183Z","level":"error","message":"[capture.summarize] Model request failed, provider=openai_compatible, model=qwen2.5:0.5b, maxTokens=512, durationMs=14, errorMessage=openai_compatible HTTP 404: model 'qwen2.5:0.5b' not found"}
{"timestamp":"2026-10-02T17:28:47.183Z","level":"error","message":"[capture.summarize] Both summary and evolution models failed, sourceMemoryId=trace_39369adffbdc98628642, episodeId=episode_4529c6b8d03682468f0e, primaryModel=qwen2.5:0.5b, fallbackModel=qwen2.5:0.5b, primaryErrorMessage=openai_compatible HTTP 404: model 'qwen2.5:0.5b' not found, fallbackErrorMessage=openai_compatible HTTP 404: model 'qwen2.5:0.5b' not found"}
{"timestamp":"2026-10-02T17:28:47.186Z","level":"error","message":"[memory.summary] Job failed, jobId=job_1a9829bd14e5e7c124b5, attempt=1, maxAttempts=3, terminal=true, targetMemoryId=trace_39369adffbdc98628642, errorMessage=openai_compatible HTTP 404: model 'qwen2.5:0.5b' not found"}
{"timestamp":"2026-10-02T17:28:47.187Z","level":"error","message":"[capture.summarize] Model HTTP request failed after the final attempt, provider=openai_compatible, model=qwen2.5:0.5b, attempt=1, maxAttempts=3, errorMessage=openai_compatible HTTP 404: model 'qwen2.5:0.5b' not found"}
{"timestamp":"2026-10-02T17:28:47.187Z","level":"error","message":"[capture.summarize] Model request failed, provider=openai_compatible, model=qwen2.5:0.5b, maxTokens=512, durationMs=19, errorMessage=openai_compatible HTTP 404: model 'qwen2.5:0.5b' not found"}
{"timestamp":"2026-10-02T17:28:47.187Z","level":"error","message":"[capture.summarize] Both summary and evolution models failed, sourceMemoryId=trace_48854882a848a5222e89, episodeId=episode_e38ceb2985fefc09ccec, primaryModel=qwen2.5:0.5b, fallbackModel=qwen2.5:0.5b, primaryErrorMessage=openai_compatible HTTP 404: model 'qwen2.5:0.5b' not found, fallbackErrorMessage=openai_compatible HTTP 404: model 'qwen2.5:0.5b' not found"}
{"timestamp":"2026-10-02T17:28:47.189Z","level":"error","message":"[memory.summary] Job failed, jobId=job_f72c1959ed9c90d2e4ce, attempt=1, maxAttempts=3, terminal=true, targetMemoryId=trace_48854882a848a5222e89, errorMessage=openai_compatible HTTP 404: model 'qwen2.5:0.5b' not found"}
{"timestamp":"2026-10-02T17:28:47.189Z","level":"info","message":"[worker] Worker drain completed, leased=4, succeeded=0, failed=4, embeddingRetriesLeased=0, embeddingRetriesSucceeded=0, embeddingRetriesFailed=0"}
{"timestamp":"2026-10-02T17:28:47.194Z","level":"info","message":"[memory.summary] Job started, jobId=job_f4d890d8ef25a0f2cc56, attempt=1, maxAttempts=3, sessionId=session_72c2152d626f2214973f, episodeId=episode_7194f7a3db2377d229c2, targetMemoryId=trace_2be869fb1737387825b6"}
{"timestamp":"2026-10-02T17:28:47.201Z","level":"info","message":"[memory.summary] Job started, jobId=job_ed02d464a71aead2eba7, attempt=1, maxAttempts=3, sessionId=session_799fac0e7e67543440dc, episodeId=episode_bf09916698436cbb6bf4, targetMemoryId=trace_8742fe683c99c9f805ee"}
{"timestamp":"2026-10-02T17:28:47.208Z","level":"info","message":"[memory.summary] Job started, jobId=job_eb3397f6b49aaa4bc511, attempt=1, maxAttempts=3, sessionId=session_7be3610008816d8e60d3, episodeId=episode_96f791a824b8658f1e52, targetMemoryId=trace_11a7e909cab078699c7b"}
{"timestamp":"2026-10-02T17:28:47.214Z","level":"info","message":"[memory.summary] Job started, jobId=job_91dca321ec660e36bd3b, attempt=1, maxAttempts=3, sessionId=session_915eddcf8229d00a984a, episodeId=episode_64c2c508a41056d518a8, targetMemoryId=trace_83166ad95de59c9a8b2d"}
{"timestamp":"2026-10-02T17:28:47.232Z","level":"error","message":"[capture.summarize] Model HTTP request failed after the final attempt, provider=openai_compatible, model=qwen2.5:0.5b, attempt=1, maxAttempts=4, errorMessage=openai_compatible HTTP 404: model 'qwen2.5:0.5b' not found"}
{"timestamp":"2026-10-02T17:28:47.232Z","level":"error","message":"[capture.summarize] Model request failed, provider=openai_compatible, model=qwen2.5:0.5b, maxTokens=512, durationMs=35, errorMessage=openai_compatible HTTP 404: model 'qwen2.5:0.5b' not found"}
{"timestamp":"2026-10-02T17:28:47.232Z","level":"warn","message":"[capture.summarize] Summary model failed; switching to the evolution model, sourceMemoryId=trace_2be869fb1737387825b6, episodeId=episode_7194f7a3db2377d229c2, primaryModel=qwen2.5:0.5b, fallbackModel=qwen2.5:0.5b, errorMessage=openai_compatible HTTP 404: model 'qwen2.5:0.5b' not found"}
{"timestamp":"2026-10-02T17:28:47.234Z","level":"error","message":"[capture.summarize] Model HTTP request failed after the final attempt, provider=openai_compatible, model=qwen2.5:0.5b, attempt=1, maxAttempts=4, errorMessage=openai_compatible HTTP 404: model 'qwen2.5:0.5b' not found"}
{"timestamp":"2026-10-02T17:28:47.234Z","level":"error","message":"[capture.summarize] Model request failed, provider=openai_compatible, model=qwen2.5:0.5b, maxTokens=512, durationMs=16, errorMessage=openai_compatible HTTP 404: model 'qwen2.5:0.5b' not found"}
{"timestamp":"2026-10-02T17:28:47.234Z","level":"warn","message":"[capture.summarize] Summary model failed; switching to the evolution model, sourceMemoryId=trace_83166ad95de59c9a8b2d, episodeId=episode_64c2c508a41056d518a8, primaryModel=qwen2.5:0.5b, fallbackModel=qwen2.5:0.5b, errorMessage=openai_compatible HTTP 404: model 'qwen2.5:0.5b' not found"}
{"timestamp":"2026-10-02T17:28:47.235Z","level":"error","message":"[capture.summarize] Model HTTP request failed after the final attempt, provider=openai_compatible, model=qwen2.5:0.5b, attempt=1, maxAttempts=4, errorMessage=openai_compatible HTTP 404: model 'qwen2.5:0.5b' not found"}
{"timestamp":"2026-10-02T17:28:47.235Z","level":"error","message":"[capture.summarize] Model request failed, provider=openai_compatible, model=qwen2.5:0.5b, maxTokens=512, durationMs=31, errorMessage=openai_compatible HTTP 404: model 'qwen2.5:0.5b' not found"}
{"timestamp":"2026-10-02T17:28:47.236Z","level":"warn","message":"[capture.summarize] Summary model failed; switching to the evolution model, sourceMemoryId=trace_8742fe683c99c9f805ee, episodeId=episode_bf09916698436cbb6bf4, primaryModel=qwen2.5:0.5b, fallbackModel=qwen2.5:0.5b, errorMessage=openai_compatible HTTP 404: model 'qwen2.5:0.5b' not found"}
{"timestamp":"2026-10-02T17:28:47.237Z","level":"error","message":"[capture.summarize] Model HTTP request failed after the final attempt, provider=openai_compatible, model=qwen2.5:0.5b, attempt=1, maxAttempts=4, errorMessage=openai_compatible HTTP 404: model 'qwen2.5:0.5b' not found"}
{"timestamp":"2026-10-02T17:28:47.237Z","level":"error","message":"[capture.summarize] Model request failed, provider=openai_compatible, model=qwen2.5:0.5b, maxTokens=512, durationMs=26, errorMessage=openai_compatible HTTP 404: model 'qwen2.5:0.5b' not found"}
{"timestamp":"2026-10-02T17:28:47.237Z","level":"warn","message":"[capture.summarize] Summary model failed; switching to the evolution model, sourceMemoryId=trace_11a7e909cab078699c7b, episodeId=episode_96f791a824b8658f1e52, primaryModel=qwen2.5:0.5b, fallbackModel=qwen2.5:0.5b, errorMessage=openai_compatible HTTP 404: model 'qwen2.5:0.5b' not found"}
{"timestamp":"2026-10-02T17:28:47.241Z","level":"error","message":"[capture.summarize] Model HTTP request failed after the final attempt, provider=openai_compatible, model=qwen2.5:0.5b, attempt=1, maxAttempts=3, errorMessage=openai_compatible HTTP 404: model 'qwen2.5:0.5b' not found"}
{"timestamp":"2026-10-02T17:28:47.241Z","level":"error","message":"[capture.summarize] Model request failed, provider=openai_compatible, model=qwen2.5:0.5b, maxTokens=512, durationMs=8, errorMessage=openai_compatible HTTP 404: model 'qwen2.5:0.5b' not found"}
{"timestamp":"2026-10-02T17:28:47.241Z","level":"error","message":"[capture.summarize] Both summary and evolution models failed, sourceMemoryId=trace_2be869fb1737387825b6, episodeId=episode_7194f7a3db2377d229c2, primaryModel=qwen2.5:0.5b, fallbackModel=qwen2.5:0.5b, primaryErrorMessage=openai_compatible HTTP 404: model 'qwen2.5:0.5b' not found, fallbackErrorMessage=openai_compatible HTTP 404: model 'qwen2.5:0.5b' not found"}
{"timestamp":"2026-10-02T17:28:47.243Z","level":"error","message":"[memory.summary] Job failed, jobId=job_f4d890d8ef25a0f2cc56, attempt=1, maxAttempts=3, terminal=true, targetMemoryId=trace_2be869fb1737387825b6, errorMessage=openai_compatible HTTP 404: model 'qwen2.5:0.5b' not found"}
{"timestamp":"2026-10-02T17:28:47.244Z","level":"error","message":"[capture.summarize] Model HTTP request failed after the final attempt, provider=openai_compatible, model=qwen2.5:0.5b, attempt=1, maxAttempts=3, errorMessage=openai_compatible HTTP 404: model 'qwen2.5:0.5b' not found"}
{"timestamp":"2026-10-02T17:28:47.244Z","level":"error","message":"[capture.summarize] Model request failed, provider=openai_compatible, model=qwen2.5:0.5b, maxTokens=512, durationMs=10, errorMessage=openai_compatible HTTP 404: model 'qwen2.5:0.5b' not found"}
{"timestamp":"2026-10-02T17:28:47.244Z","level":"error","message":"[capture.summarize] Both summary and evolution models failed, sourceMemoryId=trace_83166ad95de59c9a8b2d, episodeId=episode_64c2c508a41056d518a8, primaryModel=qwen2.5:0.5b, fallbackModel=qwen2.5:0.5b, primaryErrorMessage=openai_compatible HTTP 404: model 'qwen2.5:0.5b' not found, fallbackErrorMessage=openai_compatible HTTP 404: model 'qwen2.5:0.5b' not found"}
{"timestamp":"2026-10-02T17:28:47.246Z","level":"error","message":"[memory.summary] Job failed, jobId=job_91dca321ec660e36bd3b, attempt=1, maxAttempts=3, terminal=true, targetMemoryId=trace_83166ad95de59c9a8b2d, errorMessage=openai_compatible HTTP 404: model 'qwen2.5:0.5b' not found"}
{"timestamp":"2026-10-02T17:28:47.246Z","level":"error","message":"[capture.summarize] Model HTTP request failed after the final attempt, provider=openai_compatible, model=qwen2.5:0.5b, attempt=1, maxAttempts=3, errorMessage=openai_compatible HTTP 404: model 'qwen2.5:0.5b' not found"}
{"timestamp":"2026-10-02T17:28:47.246Z","level":"error","message":"[capture.summarize] Model request failed, provider=openai_compatible, model=qwen2.5:0.5b, maxTokens=512, durationMs=10, errorMessage=openai_compatible HTTP 404: model 'qwen2.5:0.5b' not found"}
{"timestamp":"2026-10-02T17:28:47.246Z","level":"error","message":"[capture.summarize] Both summary and evolution models failed, sourceMemoryId=trace_8742fe683c99c9f805ee, episodeId=episode_bf09916698436cbb6bf4, primaryModel=qwen2.5:0.5b, fallbackModel=qwen2.5:0.5b, primaryErrorMessage=openai_compatible HTTP 404: model 'qwen2.5:0.5b' not found, fallbackErrorMessage=openai_compatible HTTP 404: model 'qwen2.5:0.5b' not found"}
{"timestamp":"2026-10-02T17:28:47.248Z","level":"error","message":"[memory.summary] Job failed, jobId=job_ed02d464a71aead2eba7, attempt=1, maxAttempts=3, terminal=true, targetMemoryId=trace_8742fe683c99c9f805ee, errorMessage=openai_compatible HTTP 404: model 'qwen2.5:0.5b' not found"}
{"timestamp":"2026-10-02T17:28:47.248Z","level":"error","message":"[capture.summarize] Model HTTP request failed after the final attempt, provider=openai_compatible, model=qwen2.5:0.5b, attempt=1, maxAttempts=3, errorMessage=openai_compatible HTTP 404: model 'qwen2.5:0.5b' not found"}
{"timestamp":"2026-10-02T17:28:47.248Z","level":"error","message":"[capture.summarize] Model request failed, provider=openai_compatible, model=qwen2.5:0.5b, maxTokens=512, durationMs=11, errorMessage=openai_compatible HTTP 404: model 'qwen2.5:0.5b' not found"}
{"timestamp":"2026-10-02T17:28:47.248Z","level":"error","message":"[capture.summarize] Both summary and evolution models failed, sourceMemoryId=trace_11a7e909cab078699c7b, episodeId=episode_96f791a824b8658f1e52, primaryModel=qwen2.5:0.5b, fallbackModel=qwen2.5:0.5b, primaryErrorMessage=openai_compatible HTTP 404: model 'qwen2.5:0.5b' not found, fallbackErrorMessage=openai_compatible HTTP 404: model 'qwen2.5:0.5b' not found"}
{"timestamp":"2026-10-02T17:28:47.250Z","level":"error","message":"[memory.summary] Job failed, jobId=job_eb3397f6b49aaa4bc511, attempt=1, maxAttempts=3, terminal=true, targetMemoryId=trace_11a7e909cab078699c7b, errorMessage=openai_compatible HTTP 404: model 'qwen2.5:0.5b' not found"}
{"timestamp":"2026-10-02T17:28:47.250Z","level":"info","message":"[worker] Worker drain completed, leased=4, succeeded=0, failed=4, embeddingRetriesLeased=0, embeddingRetriesSucceeded=0, embeddingRetriesFailed=0"}
{"timestamp":"2026-10-02T17:28:47.268Z","level":"info","message":"[memory.summary] Job started, jobId=job_03639fd05e08b7931f3d, attempt=1, maxAttempts=3, sessionId=session_748dea03838436c26b11, episodeId=episode_8bf4dcdf10276a085362, targetMemoryId=trace_d5764eb8759455b8bd07"}
{"timestamp":"2026-10-02T17:28:47.272Z","level":"info","message":"[memory.summary] Job started, jobId=job_3f61e3f2ba3f15c01f04, attempt=1, maxAttempts=3, sessionId=session_415f55695ed2fe657195, episodeId=episode_df1bbcebdec11f6ac4a9, targetMemoryId=trace_9dae5b3ff8e4314195c8"}
{"timestamp":"2026-10-02T17:28:47.274Z","level":"info","message":"[memory.summary] Job started, jobId=job_7879b5547a7857dfc2a1, attempt=1, maxAttempts=3, sessionId=session_415f55695ed2fe657195, episodeId=episode_df1bbcebdec11f6ac4a9, targetMemoryId=trace_363c84e779340fd4396f"}
{"timestamp":"2026-10-02T17:28:47.277Z","level":"info","message":"[memory.summary] Job started, jobId=job_1d72a92ee16f1d65a551, attempt=1, maxAttempts=3, sessionId=session_415f55695ed2fe657195, episodeId=episode_df1bbcebdec11f6ac4a9, targetMemoryId=trace_244b382f4fb4ebb943df"}
{"timestamp":"2026-10-02T17:28:47.287Z","level":"error","message":"[capture.summarize] Model HTTP request failed after the final attempt, provider=openai_compatible, model=qwen2.5:0.5b, attempt=1, maxAttempts=4, errorMessage=openai_compatible HTTP 404: model 'qwen2.5:0.5b' not found"}
{"timestamp":"2026-10-02T17:28:47.287Z","level":"error","message":"[capture.summarize] Model request failed, provider=openai_compatible, model=qwen2.5:0.5b, maxTokens=512, durationMs=17, errorMessage=openai_compatible HTTP 404: model 'qwen2.5:0.5b' not found"}
{"timestamp":"2026-10-02T17:28:47.287Z","level":"warn","message":"[capture.summarize] Summary model failed; switching to the evolution model, sourceMemoryId=trace_d5764eb8759455b8bd07, episodeId=episode_8bf4dcdf10276a085362, primaryModel=qwen2.5:0.5b, fallbackModel=qwen2.5:0.5b, errorMessage=openai_compatible HTTP 404: model 'qwen2.5:0.5b' not found"}
{"timestamp":"2026-10-02T17:28:47.289Z","level":"error","message":"[capture.summarize] Model HTTP request failed after the final attempt, provider=openai_compatible, model=qwen2.5:0.5b, attempt=1, maxAttempts=4, errorMessage=openai_compatible HTTP 404: model 'qwen2.5:0.5b' not found"}
{"timestamp":"2026-10-02T17:28:47.289Z","level":"error","message":"[capture.summarize] Model request failed, provider=openai_compatible, model=qwen2.5:0.5b, maxTokens=512, durationMs=17, errorMessage=openai_compatible HTTP 404: model 'qwen2.5:0.5b' not found"}
{"timestamp":"2026-10-02T17:28:47.289Z","level":"warn","message":"[capture.summarize] Summary model failed; switching to the evolution model, sourceMemoryId=trace_9dae5b3ff8e4314195c8, episodeId=episode_df1bbcebdec11f6ac4a9, primaryModel=qwen2.5:0.5b, fallbackModel=qwen2.5:0.5b, errorMessage=openai_compatible HTTP 404: model 'qwen2.5:0.5b' not found"}
{"timestamp":"2026-10-02T17:28:47.290Z","level":"error","message":"[capture.summarize] Model HTTP request failed after the final attempt, provider=openai_compatible, model=qwen2.5:0.5b, attempt=1, maxAttempts=4, errorMessage=openai_compatible HTTP 404: model 'qwen2.5:0.5b' not found"}
{"timestamp":"2026-10-02T17:28:47.290Z","level":"error","message":"[capture.summarize] Model request failed, provider=openai_compatible, model=qwen2.5:0.5b, maxTokens=512, durationMs=15, errorMessage=openai_compatible HTTP 404: model 'qwen2.5:0.5b' not found"}
{"timestamp":"2026-10-02T17:28:47.290Z","level":"warn","message":"[capture.summarize] Summary model failed; switching to the evolution model, sourceMemoryId=trace_363c84e779340fd4396f, episodeId=episode_df1bbcebdec11f6ac4a9, primaryModel=qwen2.5:0.5b, fallbackModel=qwen2.5:0.5b, errorMessage=openai_compatible HTTP 404: model 'qwen2.5:0.5b' not found"}
{"timestamp":"2026-10-02T17:28:47.291Z","level":"error","message":"[capture.summarize] Model HTTP request failed after the final attempt, provider=openai_compatible, model=qwen2.5:0.5b, attempt=1, maxAttempts=4, errorMessage=openai_compatible HTTP 404: model 'qwen2.5:0.5b' not found"}
{"timestamp":"2026-10-02T17:28:47.291Z","level":"error","message":"[capture.summarize] Model request failed, provider=openai_compatible, model=qwen2.5:0.5b, maxTokens=512, durationMs=13, errorMessage=openai_compatible HTTP 404: model 'qwen2.5:0.5b' not found"}
{"timestamp":"2026-10-02T17:28:47.291Z","level":"warn","message":"[capture.summarize] Summary model failed; switching to the evolution model, sourceMemoryId=trace_244b382f4fb4ebb943df, episodeId=episode_df1bbcebdec11f6ac4a9, primaryModel=qwen2.5:0.5b, fallbackModel=qwen2.5:0.5b, errorMessage=openai_compatible HTTP 404: model 'qwen2.5:0.5b' not found"}
{"timestamp":"2026-10-02T17:28:47.294Z","level":"error","message":"[capture.summarize] Model HTTP request failed after the final attempt, provider=openai_compatible, model=qwen2.5:0.5b, attempt=1, maxAttempts=3, errorMessage=openai_compatible HTTP 404: model 'qwen2.5:0.5b' not found"}
{"timestamp":"2026-10-02T17:28:47.294Z","level":"error","message":"[capture.summarize] Model request failed, provider=openai_compatible, model=qwen2.5:0.5b, maxTokens=512, durationMs=7, errorMessage=openai_compatible HTTP 404: model 'qwen2.5:0.5b' not found"}
{"timestamp":"2026-10-02T17:28:47.294Z","level":"error","message":"[capture.summarize] Both summary and evolution models failed, sourceMemoryId=trace_d5764eb8759455b8bd07, episodeId=episode_8bf4dcdf10276a085362, primaryModel=qwen2.5:0.5b, fallbackModel=qwen2.5:0.5b, primaryErrorMessage=openai_compatible HTTP 404: model 'qwen2.5:0.5b' not found, fallbackErrorMessage=openai_compatible HTTP 404: model 'qwen2.5:0.5b' not found"}
{"timestamp":"2026-10-02T17:28:47.296Z","level":"error","message":"[memory.summary] Job failed, jobId=job_03639fd05e08b7931f3d, attempt=1, maxAttempts=3, terminal=true, targetMemoryId=trace_d5764eb8759455b8bd07, errorMessage=openai_compatible HTTP 404: model 'qwen2.5:0.5b' not found"}
{"timestamp":"2026-10-02T17:28:47.297Z","level":"error","message":"[capture.summarize] Model HTTP request failed after the final attempt, provider=openai_compatible, model=qwen2.5:0.5b, attempt=1, maxAttempts=3, errorMessage=openai_compatible HTTP 404: model 'qwen2.5:0.5b' not found"}
{"timestamp":"2026-10-02T17:28:47.297Z","level":"error","message":"[capture.summarize] Model request failed, provider=openai_compatible, model=qwen2.5:0.5b, maxTokens=512, durationMs=8, errorMessage=openai_compatible HTTP 404: model 'qwen2.5:0.5b' not found"}
{"timestamp":"2026-10-02T17:28:47.297Z","level":"error","message":"[capture.summarize] Both summary and evolution models failed, sourceMemoryId=trace_9dae5b3ff8e4314195c8, episodeId=episode_df1bbcebdec11f6ac4a9, primaryModel=qwen2.5:0.5b, fallbackModel=qwen2.5:0.5b, primaryErrorMessage=openai_compatible HTTP 404: model 'qwen2.5:0.5b' not found, fallbackErrorMessage=openai_compatible HTTP 404: model 'qwen2.5:0.5b' not found"}
{"timestamp":"2026-10-02T17:28:47.298Z","level":"error","message":"[memory.summary] Job failed, jobId=job_3f61e3f2ba3f15c01f04, attempt=1, maxAttempts=3, terminal=true, targetMemoryId=trace_9dae5b3ff8e4314195c8, errorMessage=openai_compatible HTTP 404: model 'qwen2.5:0.5b' not found"}
{"timestamp":"2026-10-02T17:28:47.299Z","level":"error","message":"[capture.summarize] Model HTTP request failed after the final attempt, provider=openai_compatible, model=qwen2.5:0.5b, attempt=1, maxAttempts=3, errorMessage=openai_compatible HTTP 404: model 'qwen2.5:0.5b' not found"}
{"timestamp":"2026-10-02T17:28:47.299Z","level":"error","message":"[capture.summarize] Model request failed, provider=openai_compatible, model=qwen2.5:0.5b, maxTokens=512, durationMs=9, errorMessage=openai_compatible HTTP 404: model 'qwen2.5:0.5b' not found"}
{"timestamp":"2026-10-02T17:28:47.299Z","level":"error","message":"[capture.summarize] Both summary and evolution models failed, sourceMemoryId=trace_363c84e779340fd4396f, episodeId=episode_df1bbcebdec11f6ac4a9, primaryModel=qwen2.5:0.5b, fallbackModel=qwen2.5:0.5b, primaryErrorMessage=openai_compatible HTTP 404: model 'qwen2.5:0.5b' not found, fallbackErrorMessage=openai_compatible HTTP 404: model 'qwen2.5:0.5b' not found"}
{"timestamp":"2026-10-02T17:28:47.300Z","level":"error","message":"[memory.summary] Job failed, jobId=job_7879b5547a7857dfc2a1, attempt=1, maxAttempts=3, terminal=true, targetMemoryId=trace_363c84e779340fd4396f, errorMessage=openai_compatible HTTP 404: model 'qwen2.5:0.5b' not found"}
{"timestamp":"2026-10-02T17:28:47.300Z","level":"error","message":"[capture.summarize] Model HTTP request failed after the final attempt, provider=openai_compatible, model=qwen2.5:0.5b, attempt=1, maxAttempts=3, errorMessage=openai_compatible HTTP 404: model 'qwen2.5:0.5b' not found"}
{"timestamp":"2026-10-02T17:28:47.300Z","level":"error","message":"[capture.summarize] Model request failed, provider=openai_compatible, model=qwen2.5:0.5b, maxTokens=512, durationMs=9, errorMessage=openai_compatible HTTP 404: model 'qwen2.5:0.5b' not found"}
{"timestamp":"2026-10-02T17:28:47.300Z","level":"error","message":"[capture.summarize] Both summary and evolution models failed, sourceMemoryId=trace_244b382f4fb4ebb943df, episodeId=episode_df1bbcebdec11f6ac4a9, primaryModel=qwen2.5:0.5b, fallbackModel=qwen2.5:0.5b, primaryErrorMessage=openai_compatible HTTP 404: model 'qwen2.5:0.5b' not found, fallbackErrorMessage=openai_compatible HTTP 404: model 'qwen2.5:0.5b' not found"}
{"timestamp":"2026-10-02T17:28:47.301Z","level":"error","message":"[memory.summary] Job failed, jobId=job_1d72a92ee16f1d65a551, attempt=1, maxAttempts=3, terminal=true, targetMemoryId=trace_244b382f4fb4ebb943df, errorMessage=openai_compatible HTTP 404: model 'qwen2.5:0.5b' not found"}
{"timestamp":"2026-10-02T17:28:47.301Z","level":"info","message":"[worker] Worker drain completed, leased=4, succeeded=0, failed=4, embeddingRetriesLeased=0, embeddingRetriesSucceeded=0, embeddingRetriesFailed=0"}
{"timestamp":"2026-10-02T17:28:47.314Z","level":"info","message":"[memory.summary] Job started, jobId=job_cb9c8d2939c92ec635ae, attempt=1, maxAttempts=3, sessionId=session_415f55695ed2fe657195, episodeId=episode_df1bbcebdec11f6ac4a9, targetMemoryId=trace_af9ff21d8d1f0bee0262"}
{"timestamp":"2026-10-02T17:28:47.317Z","level":"info","message":"[memory.summary] Job started, jobId=job_30d0cee043621f8f6863, attempt=1, maxAttempts=3, sessionId=session_66e62dc17379e5c7517d, episodeId=episode_50d4c2c0f5a2b04f11a7, targetMemoryId=trace_9be1f628e6bb0c5df748"}
{"timestamp":"2026-10-02T17:28:47.320Z","level":"info","message":"[memory.summary] Job started, jobId=job_a67df19fb14095a9c1c9, attempt=1, maxAttempts=3, sessionId=session_415f55695ed2fe657195, episodeId=episode_df1bbcebdec11f6ac4a9, targetMemoryId=trace_b594a27f78125c32168f"}
{"timestamp":"2026-10-02T17:28:47.322Z","level":"info","message":"[memory.summary] Job started, jobId=job_9a4da2d92b1f0badfb94, attempt=1, maxAttempts=3, sessionId=session_66e62dc17379e5c7517d, episodeId=episode_50d4c2c0f5a2b04f11a7, targetMemoryId=trace_799e0f18fd7a288bbb73"}
{"timestamp":"2026-10-02T17:28:47.337Z","level":"error","message":"[capture.summarize] Model HTTP request failed after the final attempt, provider=openai_compatible, model=qwen2.5:0.5b, attempt=1, maxAttempts=4, errorMessage=openai_compatible HTTP 404: model 'qwen2.5:0.5b' not found"}
{"timestamp":"2026-10-02T17:28:47.337Z","level":"error","message":"[capture.summarize] Model request failed, provider=openai_compatible, model=qwen2.5:0.5b, maxTokens=512, durationMs=22, errorMessage=openai_compatible HTTP 404: model 'qwen2.5:0.5b' not found"}
{"timestamp":"2026-10-02T17:28:47.337Z","level":"warn","message":"[capture.summarize] Summary model failed; switching to the evolution model, sourceMemoryId=trace_af9ff21d8d1f0bee0262, episodeId=episode_df1bbcebdec11f6ac4a9, primaryModel=qwen2.5:0.5b, fallbackModel=qwen2.5:0.5b, errorMessage=openai_compatible HTTP 404: model 'qwen2.5:0.5b' not found"}
{"timestamp":"2026-10-02T17:28:47.338Z","level":"error","message":"[capture.summarize] Model HTTP request failed after the final attempt, provider=openai_compatible, model=qwen2.5:0.5b, attempt=1, maxAttempts=4, errorMessage=openai_compatible HTTP 404: model 'qwen2.5:0.5b' not found"}
{"timestamp":"2026-10-02T17:28:47.338Z","level":"error","message":"[capture.summarize] Model request failed, provider=openai_compatible, model=qwen2.5:0.5b, maxTokens=512, durationMs=15, errorMessage=openai_compatible HTTP 404: model 'qwen2.5:0.5b' not found"}
{"timestamp":"2026-10-02T17:28:47.338Z","level":"warn","message":"[capture.summarize] Summary model failed; switching to the evolution model, sourceMemoryId=trace_799e0f18fd7a288bbb73, episodeId=episode_50d4c2c0f5a2b04f11a7, primaryModel=qwen2.5:0.5b, fallbackModel=qwen2.5:0.5b, errorMessage=openai_compatible HTTP 404: model 'qwen2.5:0.5b' not found"}
{"timestamp":"2026-10-02T17:28:47.338Z","level":"error","message":"[capture.summarize] Model HTTP request failed after the final attempt, provider=openai_compatible, model=qwen2.5:0.5b, attempt=1, maxAttempts=4, errorMessage=openai_compatible HTTP 404: model 'qwen2.5:0.5b' not found"}
{"timestamp":"2026-10-02T17:28:47.338Z","level":"error","message":"[capture.summarize] Model request failed, provider=openai_compatible, model=qwen2.5:0.5b, maxTokens=512, durationMs=20, errorMessage=openai_compatible HTTP 404: model 'qwen2.5:0.5b' not found"}
{"timestamp":"2026-10-02T17:28:47.338Z","level":"warn","message":"[capture.summarize] Summary model failed; switching to the evolution model, sourceMemoryId=trace_9be1f628e6bb0c5df748, episodeId=episode_50d4c2c0f5a2b04f11a7, primaryModel=qwen2.5:0.5b, fallbackModel=qwen2.5:0.5b, errorMessage=openai_compatible HTTP 404: model 'qwen2.5:0.5b' not found"}
{"timestamp":"2026-10-02T17:28:47.339Z","level":"error","message":"[capture.summarize] Model HTTP request failed after the final attempt, provider=openai_compatible, model=qwen2.5:0.5b, attempt=1, maxAttempts=4, errorMessage=openai_compatible HTTP 404: model 'qwen2.5:0.5b' not found"}
{"timestamp":"2026-10-02T17:28:47.339Z","level":"error","message":"[capture.summarize] Model request failed, provider=openai_compatible, model=qwen2.5:0.5b, maxTokens=512, durationMs=18, errorMessage=openai_compatible HTTP 404: model 'qwen2.5:0.5b' not found"}
{"timestamp":"2026-10-02T17:28:47.339Z","level":"warn","message":"[capture.summarize] Summary model failed; switching to the evolution model, sourceMemoryId=trace_b594a27f78125c32168f, episodeId=episode_df1bbcebdec11f6ac4a9, primaryModel=qwen2.5:0.5b, fallbackModel=qwen2.5:0.5b, errorMessage=openai_compatible HTTP 404: model 'qwen2.5:0.5b' not found"}
{"timestamp":"2026-10-02T17:28:47.346Z","level":"error","message":"[capture.summarize] Model HTTP request failed after the final attempt, provider=openai_compatible, model=qwen2.5:0.5b, attempt=1, maxAttempts=3, errorMessage=openai_compatible HTTP 404: model 'qwen2.5:0.5b' not found"}
{"timestamp":"2026-10-02T17:28:47.346Z","level":"error","message":"[capture.summarize] Model request failed, provider=openai_compatible, model=qwen2.5:0.5b, maxTokens=512, durationMs=9, errorMessage=openai_compatible HTTP 404: model 'qwen2.5:0.5b' not found"}
{"timestamp":"2026-10-02T17:28:47.346Z","level":"error","message":"[capture.summarize] Both summary and evolution models failed, sourceMemoryId=trace_af9ff21d8d1f0bee0262, episodeId=episode_df1bbcebdec11f6ac4a9, primaryModel=qwen2.5:0.5b, fallbackModel=qwen2.5:0.5b, primaryErrorMessage=openai_compatible HTTP 404: model 'qwen2.5:0.5b' not found, fallbackErrorMessage=openai_compatible HTTP 404: model 'qwen2.5:0.5b' not found"}
{"timestamp":"2026-10-02T17:28:47.347Z","level":"error","message":"[memory.summary] Job failed, jobId=job_cb9c8d2939c92ec635ae, attempt=1, maxAttempts=3, terminal=true, targetMemoryId=trace_af9ff21d8d1f0bee0262, errorMessage=openai_compatible HTTP 404: model 'qwen2.5:0.5b' not found"}
{"timestamp":"2026-10-02T17:28:47.348Z","level":"error","message":"[capture.summarize] Model HTTP request failed after the final attempt, provider=openai_compatible, model=qwen2.5:0.5b, attempt=1, maxAttempts=3, errorMessage=openai_compatible HTTP 404: model 'qwen2.5:0.5b' not found"}
{"timestamp":"2026-10-02T17:28:47.348Z","level":"error","message":"[capture.summarize] Model request failed, provider=openai_compatible, model=qwen2.5:0.5b, maxTokens=512, durationMs=10, errorMessage=openai_compatible HTTP 404: model 'qwen2.5:0.5b' not found"}
{"timestamp":"2026-10-02T17:28:47.348Z","level":"error","message":"[capture.summarize] Both summary and evolution models failed, sourceMemoryId=trace_799e0f18fd7a288bbb73, episodeId=episode_50d4c2c0f5a2b04f11a7, primaryModel=qwen2.5:0.5b, fallbackModel=qwen2.5:0.5b, primaryErrorMessage=openai_compatible HTTP 404: model 'qwen2.5:0.5b' not found, fallbackErrorMessage=openai_compatible HTTP 404: model 'qwen2.5:0.5b' not found"}
{"timestamp":"2026-10-02T17:28:47.349Z","level":"error","message":"[memory.summary] Job failed, jobId=job_9a4da2d92b1f0badfb94, attempt=1, maxAttempts=3, terminal=true, targetMemoryId=trace_799e0f18fd7a288bbb73, errorMessage=openai_compatible HTTP 404: model 'qwen2.5:0.5b' not found"}
{"timestamp":"2026-10-02T17:28:47.349Z","level":"error","message":"[capture.summarize] Model HTTP request failed after the final attempt, provider=openai_compatible, model=qwen2.5:0.5b, attempt=1, maxAttempts=3, errorMessage=openai_compatible HTTP 404: model 'qwen2.5:0.5b' not found"}
{"timestamp":"2026-10-02T17:28:47.349Z","level":"error","message":"[capture.summarize] Model request failed, provider=openai_compatible, model=qwen2.5:0.5b, maxTokens=512, durationMs=10, errorMessage=openai_compatible HTTP 404: model 'qwen2.5:0.5b' not found"}
{"timestamp":"2026-10-02T17:28:47.349Z","level":"error","message":"[capture.summarize] Both summary and evolution models failed, sourceMemoryId=trace_b594a27f78125c32168f, episodeId=episode_df1bbcebdec11f6ac4a9, primaryModel=qwen2.5:0.5b, fallbackModel=qwen2.5:0.5b, primaryErrorMessage=openai_compatible HTTP 404: model 'qwen2.5:0.5b' not found, fallbackErrorMessage=openai_compatible HTTP 404: model 'qwen2.5:0.5b' not found"}
{"timestamp":"2026-10-02T17:28:47.350Z","level":"error","message":"[memory.summary] Job failed, jobId=job_a67df19fb14095a9c1c9, attempt=1, maxAttempts=3, terminal=true, targetMemoryId=trace_b594a27f78125c32168f, errorMessage=openai_compatible HTTP 404: model 'qwen2.5:0.5b' not found"}
{"timestamp":"2026-10-02T17:28:47.351Z","level":"error","message":"[capture.summarize] Model HTTP request failed after the final attempt, provider=openai_compatible, model=qwen2.5:0.5b, attempt=1, maxAttempts=3, errorMessage=openai_compatible HTTP 404: model 'qwen2.5:0.5b' not found"}
{"timestamp":"2026-10-02T17:28:47.351Z","level":"error","message":"[capture.summarize] Model request failed, provider=openai_compatible, model=qwen2.5:0.5b, maxTokens=512, durationMs=13, errorMessage=openai_compatible HTTP 404: model 'qwen2.5:0.5b' not found"}
{"timestamp":"2026-10-02T17:28:47.351Z","level":"error","message":"[capture.summarize] Both summary and evolution models failed, sourceMemoryId=trace_9be1f628e6bb0c5df748, episodeId=episode_50d4c2c0f5a2b04f11a7, primaryModel=qwen2.5:0.5b, fallbackModel=qwen2.5:0.5b, primaryErrorMessage=openai_compatible HTTP 404: model 'qwen2.5:0.5b' not found, fallbackErrorMessage=openai_compatible HTTP 404: model 'qwen2.5:0.5b' not found"}
{"timestamp":"2026-10-02T17:28:47.351Z","level":"error","message":"[memory.summary] Job failed, jobId=job_30d0cee043621f8f6863, attempt=1, maxAttempts=3, terminal=true, targetMemoryId=trace_9be1f628e6bb0c5df748, errorMessage=openai_compatible HTTP 404: model 'qwen2.5:0.5b' not found"}
{"timestamp":"2026-10-02T17:28:47.351Z","level":"info","message":"[worker] Worker drain completed, leased=4, succeeded=0, failed=4, embeddingRetriesLeased=0, embeddingRetriesSucceeded=0, embeddingRetriesFailed=0"}
{"timestamp":"2026-10-02T17:28:47.361Z","level":"info","message":"[memory.summary] Job started, jobId=job_f271caeaad0775900540, attempt=1, maxAttempts=3, sessionId=session_415f55695ed2fe657195, episodeId=episode_df1bbcebdec11f6ac4a9, targetMemoryId=trace_bd7566926cffe70560be"}
{"timestamp":"2026-10-02T17:28:47.366Z","level":"info","message":"[memory.summary] Job started, jobId=job_f0ed46bc8ad00a1f3b9d, attempt=1, maxAttempts=3, sessionId=session_24b5d0cfb4f864eb0f8a, episodeId=episode_539afdf598f2f6c61298, targetMemoryId=trace_201d8407aa9cef92e925"}
{"timestamp":"2026-10-02T17:28:47.370Z","level":"info","message":"[memory.summary] Job started, jobId=job_5226b051908c0967966b, attempt=1, maxAttempts=3, sessionId=session_66e62dc17379e5c7517d, episodeId=episode_50d4c2c0f5a2b04f11a7, targetMemoryId=trace_168555dd7175811d2a05"}
{"timestamp":"2026-10-02T17:28:47.373Z","level":"info","message":"[memory.summary] Job started, jobId=job_6534cceeea09855f4eb7, attempt=1, maxAttempts=3, sessionId=session_66e62dc17379e5c7517d, episodeId=episode_50d4c2c0f5a2b04f11a7, targetMemoryId=trace_e48ed766064bffdc9bad"}
{"timestamp":"2026-10-02T17:28:47.386Z","level":"error","message":"[capture.summarize] Model HTTP request failed after the final attempt, provider=openai_compatible, model=qwen2.5:0.5b, attempt=1, maxAttempts=4, errorMessage=openai_compatible HTTP 404: model 'qwen2.5:0.5b' not found"}
{"timestamp":"2026-10-02T17:28:47.386Z","level":"error","message":"[capture.summarize] Model request failed, provider=openai_compatible, model=qwen2.5:0.5b, maxTokens=512, durationMs=15, errorMessage=openai_compatible HTTP 404: model 'qwen2.5:0.5b' not found"}
{"timestamp":"2026-10-02T17:28:47.386Z","level":"warn","message":"[capture.summarize] Summary model failed; switching to the evolution model, sourceMemoryId=trace_168555dd7175811d2a05, episodeId=episode_50d4c2c0f5a2b04f11a7, primaryModel=qwen2.5:0.5b, fallbackModel=qwen2.5:0.5b, errorMessage=openai_compatible HTTP 404: model 'qwen2.5:0.5b' not found"}
{"timestamp":"2026-10-02T17:28:47.387Z","level":"error","message":"[capture.summarize] Model HTTP request failed after the final attempt, provider=openai_compatible, model=qwen2.5:0.5b, attempt=1, maxAttempts=4, errorMessage=openai_compatible HTTP 404: model 'qwen2.5:0.5b' not found"}
{"timestamp":"2026-10-02T17:28:47.387Z","level":"error","message":"[capture.summarize] Model request failed, provider=openai_compatible, model=qwen2.5:0.5b, maxTokens=512, durationMs=14, errorMessage=openai_compatible HTTP 404: model 'qwen2.5:0.5b' not found"}
{"timestamp":"2026-10-02T17:28:47.387Z","level":"warn","message":"[capture.summarize] Summary model failed; switching to the evolution model, sourceMemoryId=trace_e48ed766064bffdc9bad, episodeId=episode_50d4c2c0f5a2b04f11a7, primaryModel=qwen2.5:0.5b, fallbackModel=qwen2.5:0.5b, errorMessage=openai_compatible HTTP 404: model 'qwen2.5:0.5b' not found"}
{"timestamp":"2026-10-02T17:28:47.388Z","level":"error","message":"[capture.summarize] Model HTTP request failed after the final attempt, provider=openai_compatible, model=qwen2.5:0.5b, attempt=1, maxAttempts=4, errorMessage=openai_compatible HTTP 404: model 'qwen2.5:0.5b' not found"}
{"timestamp":"2026-10-02T17:28:47.388Z","level":"error","message":"[capture.summarize] Model request failed, provider=openai_compatible, model=qwen2.5:0.5b, maxTokens=512, durationMs=20, errorMessage=openai_compatible HTTP 404: model 'qwen2.5:0.5b' not found"}
{"timestamp":"2026-10-02T17:28:47.388Z","level":"warn","message":"[capture.summarize] Summary model failed; switching to the evolution model, sourceMemoryId=trace_201d8407aa9cef92e925, episodeId=episode_539afdf598f2f6c61298, primaryModel=qwen2.5:0.5b, fallbackModel=qwen2.5:0.5b, errorMessage=openai_compatible HTTP 404: model 'qwen2.5:0.5b' not found"}
{"timestamp":"2026-10-02T17:28:47.389Z","level":"error","message":"[capture.summarize] Model HTTP request failed after the final attempt, provider=openai_compatible, model=qwen2.5:0.5b, attempt=1, maxAttempts=4, errorMessage=openai_compatible HTTP 404: model 'qwen2.5:0.5b' not found"}
{"timestamp":"2026-10-02T17:28:47.389Z","level":"error","message":"[capture.summarize] Model request failed, provider=openai_compatible, model=qwen2.5:0.5b, maxTokens=512, durationMs=27, errorMessage=openai_compatible HTTP 404: model 'qwen2.5:0.5b' not found"}
{"timestamp":"2026-10-02T17:28:47.389Z","level":"warn","message":"[capture.summarize] Summary model failed; switching to the evolution model, sourceMemoryId=trace_bd7566926cffe70560be, episodeId=episode_df1bbcebdec11f6ac4a9, primaryModel=qwen2.5:0.5b, fallbackModel=qwen2.5:0.5b, errorMessage=openai_compatible HTTP 404: model 'qwen2.5:0.5b' not found"}
{"timestamp":"2026-10-02T17:28:47.393Z","level":"error","message":"[capture.summarize] Model HTTP request failed after the final attempt, provider=openai_compatible, model=qwen2.5:0.5b, attempt=1, maxAttempts=3, errorMessage=openai_compatible HTTP 404: model 'qwen2.5:0.5b' not found"}
{"timestamp":"2026-10-02T17:28:47.393Z","level":"error","message":"[capture.summarize] Model request failed, provider=openai_compatible, model=qwen2.5:0.5b, maxTokens=512, durationMs=7, errorMessage=openai_compatible HTTP 404: model 'qwen2.5:0.5b' not found"}
{"timestamp":"2026-10-02T17:28:47.393Z","level":"error","message":"[capture.summarize] Both summary and evolution models failed, sourceMemoryId=trace_168555dd7175811d2a05, episodeId=episode_50d4c2c0f5a2b04f11a7, primaryModel=qwen2.5:0.5b, fallbackModel=qwen2.5:0.5b, primaryErrorMessage=openai_compatible HTTP 404: model 'qwen2.5:0.5b' not found, fallbackErrorMessage=openai_compatible HTTP 404: model 'qwen2.5:0.5b' not found"}
{"timestamp":"2026-10-02T17:28:47.394Z","level":"error","message":"[memory.summary] Job failed, jobId=job_5226b051908c0967966b, attempt=1, maxAttempts=3, terminal=true, targetMemoryId=trace_168555dd7175811d2a05, errorMessage=openai_compatible HTTP 404: model 'qwen2.5:0.5b' not found"}
{"timestamp":"2026-10-02T17:28:47.398Z","level":"error","message":"[capture.summarize] Model HTTP request failed after the final attempt, provider=openai_compatible, model=qwen2.5:0.5b, attempt=1, maxAttempts=3, errorMessage=openai_compatible HTTP 404: model 'qwen2.5:0.5b' not found"}
{"timestamp":"2026-10-02T17:28:47.398Z","level":"error","message":"[capture.summarize] Model request failed, provider=openai_compatible, model=qwen2.5:0.5b, maxTokens=512, durationMs=11, errorMessage=openai_compatible HTTP 404: model 'qwen2.5:0.5b' not found"}
{"timestamp":"2026-10-02T17:28:47.398Z","level":"error","message":"[capture.summarize] Both summary and evolution models failed, sourceMemoryId=trace_e48ed766064bffdc9bad, episodeId=episode_50d4c2c0f5a2b04f11a7, primaryModel=qwen2.5:0.5b, fallbackModel=qwen2.5:0.5b, primaryErrorMessage=openai_compatible HTTP 404: model 'qwen2.5:0.5b' not found, fallbackErrorMessage=openai_compatible HTTP 404: model 'qwen2.5:0.5b' not found"}
{"timestamp":"2026-10-02T17:28:47.399Z","level":"error","message":"[memory.summary] Job failed, jobId=job_6534cceeea09855f4eb7, attempt=1, maxAttempts=3, terminal=true, targetMemoryId=trace_e48ed766064bffdc9bad, errorMessage=openai_compatible HTTP 404: model 'qwen2.5:0.5b' not found"}
{"timestamp":"2026-10-02T17:28:47.399Z","level":"error","message":"[capture.summarize] Model HTTP request failed after the final attempt, provider=openai_compatible, model=qwen2.5:0.5b, attempt=1, maxAttempts=3, errorMessage=openai_compatible HTTP 404: model 'qwen2.5:0.5b' not found"}
{"timestamp":"2026-10-02T17:28:47.399Z","level":"error","message":"[capture.summarize] Model request failed, provider=openai_compatible, model=qwen2.5:0.5b, maxTokens=512, durationMs=10, errorMessage=openai_compatible HTTP 404: model 'qwen2.5:0.5b' not found"}
{"timestamp":"2026-10-02T17:28:47.399Z","level":"error","message":"[capture.summarize] Both summary and evolution models failed, sourceMemoryId=trace_bd7566926cffe70560be, episodeId=episode_df1bbcebdec11f6ac4a9, primaryModel=qwen2.5:0.5b, fallbackModel=qwen2.5:0.5b, primaryErrorMessage=openai_compatible HTTP 404: model 'qwen2.5:0.5b' not found, fallbackErrorMessage=openai_compatible HTTP 404: model 'qwen2.5:0.5b' not found"}
{"timestamp":"2026-10-02T17:28:47.400Z","level":"error","message":"[memory.summary] Job failed, jobId=job_f271caeaad0775900540, attempt=1, maxAttempts=3, terminal=true, targetMemoryId=trace_bd7566926cffe70560be, errorMessage=openai_compatible HTTP 404: model 'qwen2.5:0.5b' not found"}
{"timestamp":"2026-10-02T17:28:47.400Z","level":"error","message":"[capture.summarize] Model HTTP request failed after the final attempt, provider=openai_compatible, model=qwen2.5:0.5b, attempt=1, maxAttempts=3, errorMessage=openai_compatible HTTP 404: model 'qwen2.5:0.5b' not found"}
{"timestamp":"2026-10-02T17:28:47.400Z","level":"error","message":"[capture.summarize] Model request failed, provider=openai_compatible, model=qwen2.5:0.5b, maxTokens=512, durationMs=12, errorMessage=openai_compatible HTTP 404: model 'qwen2.5:0.5b' not found"}
{"timestamp":"2026-10-02T17:28:47.400Z","level":"error","message":"[capture.summarize] Both summary and evolution models failed, sourceMemoryId=trace_201d8407aa9cef92e925, episodeId=episode_539afdf598f2f6c61298, primaryModel=qwen2.5:0.5b, fallbackModel=qwen2.5:0.5b, primaryErrorMessage=openai_compatible HTTP 404: model 'qwen2.5:0.5b' not found, fallbackErrorMessage=openai_compatible HTTP 404: model 'qwen2.5:0.5b' not found"}
{"timestamp":"2026-10-02T17:28:47.401Z","level":"error","message":"[memory.summary] Job failed, jobId=job_f0ed46bc8ad00a1f3b9d, attempt=1, maxAttempts=3, terminal=true, targetMemoryId=trace_201d8407aa9cef92e925, errorMessage=openai_compatible HTTP 404: model 'qwen2.5:0.5b' not found"}
{"timestamp":"2026-10-02T17:28:47.401Z","level":"info","message":"[worker] Worker drain completed, leased=4, succeeded=0, failed=4, embeddingRetriesLeased=0, embeddingRetriesSucceeded=0, embeddingRetriesFailed=0"}
{"timestamp":"2026-10-02T17:28:47.407Z","level":"info","message":"[memory.summary] Job started, jobId=job_f4425f2c7e508f945315, attempt=1, maxAttempts=3, sessionId=session_24b5d0cfb4f864eb0f8a, episodeId=episode_539afdf598f2f6c61298, targetMemoryId=trace_0100aff7c07672a5d059"}
{"timestamp":"2026-10-02T17:28:47.411Z","level":"info","message":"[memory.summary] Job started, jobId=job_0ee734a5a18f26f6549b, attempt=1, maxAttempts=3, sessionId=session_bf15b68f2cb3158050fa, episodeId=episode_f6f4552c254047a702d5, targetMemoryId=trace_d8916d24f6a475b3ad04"}
{"timestamp":"2026-10-02T17:28:47.415Z","level":"info","message":"[memory.summary] Job started, jobId=job_c91543f8c7ac50191507, attempt=1, maxAttempts=3, sessionId=session_bf15b68f2cb3158050fa, episodeId=episode_f6f4552c254047a702d5, targetMemoryId=trace_0696fe71196cefdfde1d"}
{"timestamp":"2026-10-02T17:28:47.418Z","level":"info","message":"[memory.summary] Job started, jobId=job_863e5dc75ce43ffe0cf3, attempt=1, maxAttempts=3, sessionId=session_bf15b68f2cb3158050fa, episodeId=episode_3067c2270fbfa95f2b98, targetMemoryId=trace_1ea1d97f76a7271f8965"}
{"timestamp":"2026-10-02T17:28:47.431Z","level":"error","message":"[capture.summarize] Model HTTP request failed after the final attempt, provider=openai_compatible, model=qwen2.5:0.5b, attempt=1, maxAttempts=4, errorMessage=openai_compatible HTTP 404: model 'qwen2.5:0.5b' not found"}
{"timestamp":"2026-10-02T17:28:47.431Z","level":"error","message":"[capture.summarize] Model request failed, provider=openai_compatible, model=qwen2.5:0.5b, maxTokens=512, durationMs=23, errorMessage=openai_compatible HTTP 404: model 'qwen2.5:0.5b' not found"}
{"timestamp":"2026-10-02T17:28:47.431Z","level":"warn","message":"[capture.summarize] Summary model failed; switching to the evolution model, sourceMemoryId=trace_0100aff7c07672a5d059, episodeId=episode_539afdf598f2f6c61298, primaryModel=qwen2.5:0.5b, fallbackModel=qwen2.5:0.5b, errorMessage=openai_compatible HTTP 404: model 'qwen2.5:0.5b' not found"}
{"timestamp":"2026-10-02T17:28:47.435Z","level":"error","message":"[capture.summarize] Model HTTP request failed after the final attempt, provider=openai_compatible, model=qwen2.5:0.5b, attempt=1, maxAttempts=4, errorMessage=openai_compatible HTTP 404: model 'qwen2.5:0.5b' not found"}
{"timestamp":"2026-10-02T17:28:47.435Z","level":"error","message":"[capture.summarize] Model request failed, provider=openai_compatible, model=qwen2.5:0.5b, maxTokens=512, durationMs=22, errorMessage=openai_compatible HTTP 404: model 'qwen2.5:0.5b' not found"}
{"timestamp":"2026-10-02T17:28:47.435Z","level":"warn","message":"[capture.summarize] Summary model failed; switching to the evolution model, sourceMemoryId=trace_d8916d24f6a475b3ad04, episodeId=episode_f6f4552c254047a702d5, primaryModel=qwen2.5:0.5b, fallbackModel=qwen2.5:0.5b, errorMessage=openai_compatible HTTP 404: model 'qwen2.5:0.5b' not found"}
{"timestamp":"2026-10-02T17:28:47.436Z","level":"error","message":"[capture.summarize] Model HTTP request failed after the final attempt, provider=openai_compatible, model=qwen2.5:0.5b, attempt=1, maxAttempts=4, errorMessage=openai_compatible HTTP 404: model 'qwen2.5:0.5b' not found"}
{"timestamp":"2026-10-02T17:28:47.436Z","level":"error","message":"[capture.summarize] Model request failed, provider=openai_compatible, model=qwen2.5:0.5b, maxTokens=512, durationMs=20, errorMessage=openai_compatible HTTP 404: model 'qwen2.5:0.5b' not found"}
{"timestamp":"2026-10-02T17:28:47.436Z","level":"warn","message":"[capture.summarize] Summary model failed; switching to the evolution model, sourceMemoryId=trace_0696fe71196cefdfde1d, episodeId=episode_f6f4552c254047a702d5, primaryModel=qwen2.5:0.5b, fallbackModel=qwen2.5:0.5b, errorMessage=openai_compatible HTTP 404: model 'qwen2.5:0.5b' not found"}
{"timestamp":"2026-10-02T17:28:47.437Z","level":"error","message":"[capture.summarize] Model HTTP request failed after the final attempt, provider=openai_compatible, model=qwen2.5:0.5b, attempt=1, maxAttempts=4, errorMessage=openai_compatible HTTP 404: model 'qwen2.5:0.5b' not found"}
{"timestamp":"2026-10-02T17:28:47.437Z","level":"error","message":"[capture.summarize] Model request failed, provider=openai_compatible, model=qwen2.5:0.5b, maxTokens=512, durationMs=17, errorMessage=openai_compatible HTTP 404: model 'qwen2.5:0.5b' not found"}
{"timestamp":"2026-10-02T17:28:47.437Z","level":"warn","message":"[capture.summarize] Summary model failed; switching to the evolution model, sourceMemoryId=trace_1ea1d97f76a7271f8965, episodeId=episode_3067c2270fbfa95f2b98, primaryModel=qwen2.5:0.5b, fallbackModel=qwen2.5:0.5b, errorMessage=openai_compatible HTTP 404: model 'qwen2.5:0.5b' not found"}
{"timestamp":"2026-10-02T17:28:47.440Z","level":"error","message":"[capture.summarize] Model HTTP request failed after the final attempt, provider=openai_compatible, model=qwen2.5:0.5b, attempt=1, maxAttempts=3, errorMessage=openai_compatible HTTP 404: model 'qwen2.5:0.5b' not found"}
{"timestamp":"2026-10-02T17:28:47.440Z","level":"error","message":"[capture.summarize] Model request failed, provider=openai_compatible, model=qwen2.5:0.5b, maxTokens=512, durationMs=9, errorMessage=openai_compatible HTTP 404: model 'qwen2.5:0.5b' not found"}
{"timestamp":"2026-10-02T17:28:47.440Z","level":"error","message":"[capture.summarize] Both summary and evolution models failed, sourceMemoryId=trace_0100aff7c07672a5d059, episodeId=episode_539afdf598f2f6c61298, primaryModel=qwen2.5:0.5b, fallbackModel=qwen2.5:0.5b, primaryErrorMessage=openai_compatible HTTP 404: model 'qwen2.5:0.5b' not found, fallbackErrorMessage=openai_compatible HTTP 404: model 'qwen2.5:0.5b' not found"}
{"timestamp":"2026-10-02T17:28:47.441Z","level":"error","message":"[memory.summary] Job failed, jobId=job_f4425f2c7e508f945315, attempt=1, maxAttempts=3, terminal=true, targetMemoryId=trace_0100aff7c07672a5d059, errorMessage=openai_compatible HTTP 404: model 'qwen2.5:0.5b' not found"}
{"timestamp":"2026-10-02T17:28:47.443Z","level":"error","message":"[capture.summarize] Model HTTP request failed after the final attempt, provider=openai_compatible, model=qwen2.5:0.5b, attempt=1, maxAttempts=3, errorMessage=openai_compatible HTTP 404: model 'qwen2.5:0.5b' not found"}
{"timestamp":"2026-10-02T17:28:47.443Z","level":"error","message":"[capture.summarize] Model request failed, provider=openai_compatible, model=qwen2.5:0.5b, maxTokens=512, durationMs=8, errorMessage=openai_compatible HTTP 404: model 'qwen2.5:0.5b' not found"}
{"timestamp":"2026-10-02T17:28:47.443Z","level":"error","message":"[capture.summarize] Both summary and evolution models failed, sourceMemoryId=trace_d8916d24f6a475b3ad04, episodeId=episode_f6f4552c254047a702d5, primaryModel=qwen2.5:0.5b, fallbackModel=qwen2.5:0.5b, primaryErrorMessage=openai_compatible HTTP 404: model 'qwen2.5:0.5b' not found, fallbackErrorMessage=openai_compatible HTTP 404: model 'qwen2.5:0.5b' not found"}
{"timestamp":"2026-10-02T17:28:47.445Z","level":"error","message":"[memory.summary] Job failed, jobId=job_0ee734a5a18f26f6549b, attempt=1, maxAttempts=3, terminal=true, targetMemoryId=trace_d8916d24f6a475b3ad04, errorMessage=openai_compatible HTTP 404: model 'qwen2.5:0.5b' not found"}
{"timestamp":"2026-10-02T17:28:47.446Z","level":"error","message":"[capture.summarize] Model HTTP request failed after the final attempt, provider=openai_compatible, model=qwen2.5:0.5b, attempt=1, maxAttempts=3, errorMessage=openai_compatible HTTP 404: model 'qwen2.5:0.5b' not found"}
{"timestamp":"2026-10-02T17:28:47.446Z","level":"error","message":"[capture.summarize] Model request failed, provider=openai_compatible, model=qwen2.5:0.5b, maxTokens=512, durationMs=9, errorMessage=openai_compatible HTTP 404: model 'qwen2.5:0.5b' not found"}
{"timestamp":"2026-10-02T17:28:47.446Z","level":"error","message":"[capture.summarize] Both summary and evolution models failed, sourceMemoryId=trace_1ea1d97f76a7271f8965, episodeId=episode_3067c2270fbfa95f2b98, primaryModel=qwen2.5:0.5b, fallbackModel=qwen2.5:0.5b, primaryErrorMessage=openai_compatible HTTP 404: model 'qwen2.5:0.5b' not found, fallbackErrorMessage=openai_compatible HTTP 404: model 'qwen2.5:0.5b' not found"}
{"timestamp":"2026-10-02T17:28:47.448Z","level":"error","message":"[memory.summary] Job failed, jobId=job_863e5dc75ce43ffe0cf3, attempt=1, maxAttempts=3, terminal=true, targetMemoryId=trace_1ea1d97f76a7271f8965, errorMessage=openai_compatible HTTP 404: model 'qwen2.5:0.5b' not found"}
{"timestamp":"2026-10-02T17:28:47.448Z","level":"error","message":"[capture.summarize] Model HTTP request failed after the final attempt, provider=openai_compatible, model=qwen2.5:0.5b, attempt=1, maxAttempts=3, errorMessage=openai_compatible HTTP 404: model 'qwen2.5:0.5b' not found"}
{"timestamp":"2026-10-02T17:28:47.448Z","level":"error","message":"[capture.summarize] Model request failed, provider=openai_compatible, model=qwen2.5:0.5b, maxTokens=512, durationMs=12, errorMessage=openai_compatible HTTP 404: model 'qwen2.5:0.5b' not found"}
{"timestamp":"2026-10-02T17:28:47.448Z","level":"error","message":"[capture.summarize] Both summary and evolution models failed, sourceMemoryId=trace_0696fe71196cefdfde1d, episodeId=episode_f6f4552c254047a702d5, primaryModel=qwen2.5:0.5b, fallbackModel=qwen2.5:0.5b, primaryErrorMessage=openai_compatible HTTP 404: model 'qwen2.5:0.5b' not found, fallbackErrorMessage=openai_compatible HTTP 404: model 'qwen2.5:0.5b' not found"}
{"timestamp":"2026-10-02T17:28:47.449Z","level":"error","message":"[memory.summary] Job failed, jobId=job_c91543f8c7ac50191507, attempt=1, maxAttempts=3, terminal=true, targetMemoryId=trace_0696fe71196cefdfde1d, errorMessage=openai_compatible HTTP 404: model 'qwen2.5:0.5b' not found"}
{"timestamp":"2026-10-02T17:28:47.449Z","level":"info","message":"[worker] Worker drain completed, leased=4, succeeded=0, failed=4, embeddingRetriesLeased=0, embeddingRetriesSucceeded=0, embeddingRetriesFailed=0"}
{"timestamp":"2026-10-02T17:28:47.467Z","level":"info","message":"[memory.summary] Job started, jobId=job_97192f723e2d5df0e097, attempt=1, maxAttempts=3, sessionId=session_21687f038bb3e22a4d48, episodeId=episode_4e841e6b6861dcc6c131, targetMemoryId=trace_43167cc629e36df7a175"}
{"timestamp":"2026-10-02T17:28:47.470Z","level":"info","message":"[memory.summary] Job started, jobId=job_8f8e98782e88c676aff9, attempt=1, maxAttempts=3, sessionId=session_21687f038bb3e22a4d48, episodeId=episode_4e841e6b6861dcc6c131, targetMemoryId=trace_4d4e717dffeb662918af"}
{"timestamp":"2026-10-02T17:28:47.472Z","level":"info","message":"[memory.summary] Job started, jobId=job_b5a9bc4ffc8313fc3122, attempt=1, maxAttempts=3, sessionId=session_21687f038bb3e22a4d48, episodeId=episode_4e841e6b6861dcc6c131, targetMemoryId=trace_b6f6e7a552f0aeafa3d3"}
{"timestamp":"2026-10-02T17:28:47.474Z","level":"info","message":"[memory.summary] Job started, jobId=job_263d3fb5f0246f94de16, attempt=1, maxAttempts=3, sessionId=session_40d1451b3f36d6457e00, episodeId=episode_57ea250e02f7531b835c, targetMemoryId=trace_42d4f9f4f58eac27216d"}
{"timestamp":"2026-10-02T17:28:47.485Z","level":"error","message":"[capture.summarize] Model HTTP request failed after the final attempt, provider=openai_compatible, model=qwen2.5:0.5b, attempt=1, maxAttempts=4, errorMessage=openai_compatible HTTP 404: model 'qwen2.5:0.5b' not found"}
{"timestamp":"2026-10-02T17:28:47.486Z","level":"error","message":"[capture.summarize] Model request failed, provider=openai_compatible, model=qwen2.5:0.5b, maxTokens=512, durationMs=18, errorMessage=openai_compatible HTTP 404: model 'qwen2.5:0.5b' not found"}
{"timestamp":"2026-10-02T17:28:47.486Z","level":"warn","message":"[capture.summarize] Summary model failed; switching to the evolution model, sourceMemoryId=trace_43167cc629e36df7a175, episodeId=episode_4e841e6b6861dcc6c131, primaryModel=qwen2.5:0.5b, fallbackModel=qwen2.5:0.5b, errorMessage=openai_compatible HTTP 404: model 'qwen2.5:0.5b' not found"}
{"timestamp":"2026-10-02T17:28:47.487Z","level":"error","message":"[capture.summarize] Model HTTP request failed after the final attempt, provider=openai_compatible, model=qwen2.5:0.5b, attempt=1, maxAttempts=4, errorMessage=openai_compatible HTTP 404: model 'qwen2.5:0.5b' not found"}
{"timestamp":"2026-10-02T17:28:47.487Z","level":"error","message":"[capture.summarize] Model request failed, provider=openai_compatible, model=qwen2.5:0.5b, maxTokens=512, durationMs=12, errorMessage=openai_compatible HTTP 404: model 'qwen2.5:0.5b' not found"}
{"timestamp":"2026-10-02T17:28:47.487Z","level":"warn","message":"[capture.summarize] Summary model failed; switching to the evolution model, sourceMemoryId=trace_42d4f9f4f58eac27216d, episodeId=episode_57ea250e02f7531b835c, primaryModel=qwen2.5:0.5b, fallbackModel=qwen2.5:0.5b, errorMessage=openai_compatible HTTP 404: model 'qwen2.5:0.5b' not found"}
{"timestamp":"2026-10-02T17:28:47.488Z","level":"error","message":"[capture.summarize] Model HTTP request failed after the final attempt, provider=openai_compatible, model=qwen2.5:0.5b, attempt=1, maxAttempts=4, errorMessage=openai_compatible HTTP 404: model 'qwen2.5:0.5b' not found"}
{"timestamp":"2026-10-02T17:28:47.488Z","level":"error","message":"[capture.summarize] Model request failed, provider=openai_compatible, model=qwen2.5:0.5b, maxTokens=512, durationMs=17, errorMessage=openai_compatible HTTP 404: model 'qwen2.5:0.5b' not found"}
{"timestamp":"2026-10-02T17:28:47.488Z","level":"warn","message":"[capture.summarize] Summary model failed; switching to the evolution model, sourceMemoryId=trace_4d4e717dffeb662918af, episodeId=episode_4e841e6b6861dcc6c131, primaryModel=qwen2.5:0.5b, fallbackModel=qwen2.5:0.5b, errorMessage=openai_compatible HTTP 404: model 'qwen2.5:0.5b' not found"}
{"timestamp":"2026-10-02T17:28:47.489Z","level":"error","message":"[capture.summarize] Model HTTP request failed after the final attempt, provider=openai_compatible, model=qwen2.5:0.5b, attempt=1, maxAttempts=4, errorMessage=openai_compatible HTTP 404: model 'qwen2.5:0.5b' not found"}
{"timestamp":"2026-10-02T17:28:47.489Z","level":"error","message":"[capture.summarize] Model request failed, provider=openai_compatible, model=qwen2.5:0.5b, maxTokens=512, durationMs=16, errorMessage=openai_compatible HTTP 404: model 'qwen2.5:0.5b' not found"}
{"timestamp":"2026-10-02T17:28:47.489Z","level":"warn","message":"[capture.summarize] Summary model failed; switching to the evolution model, sourceMemoryId=trace_b6f6e7a552f0aeafa3d3, episodeId=episode_4e841e6b6861dcc6c131, primaryModel=qwen2.5:0.5b, fallbackModel=qwen2.5:0.5b, errorMessage=openai_compatible HTTP 404: model 'qwen2.5:0.5b' not found"}
{"timestamp":"2026-10-02T17:28:47.493Z","level":"error","message":"[capture.summarize] Model HTTP request failed after the final attempt, provider=openai_compatible, model=qwen2.5:0.5b, attempt=1, maxAttempts=3, errorMessage=openai_compatible HTTP 404: model 'qwen2.5:0.5b' not found"}
{"timestamp":"2026-10-02T17:28:47.494Z","level":"error","message":"[capture.summarize] Model request failed, provider=openai_compatible, model=qwen2.5:0.5b, maxTokens=512, durationMs=8, errorMessage=openai_compatible HTTP 404: model 'qwen2.5:0.5b' not found"}
{"timestamp":"2026-10-02T17:28:47.494Z","level":"error","message":"[capture.summarize] Both summary and evolution models failed, sourceMemoryId=trace_43167cc629e36df7a175, episodeId=episode_4e841e6b6861dcc6c131, primaryModel=qwen2.5:0.5b, fallbackModel=qwen2.5:0.5b, primaryErrorMessage=openai_compatible HTTP 404: model 'qwen2.5:0.5b' not found, fallbackErrorMessage=openai_compatible HTTP 404: model 'qwen2.5:0.5b' not found"}
{"timestamp":"2026-10-02T17:28:47.495Z","level":"error","message":"[memory.summary] Job failed, jobId=job_97192f723e2d5df0e097, attempt=1, maxAttempts=3, terminal=true, targetMemoryId=trace_43167cc629e36df7a175, errorMessage=openai_compatible HTTP 404: model 'qwen2.5:0.5b' not found"}
{"timestamp":"2026-10-02T17:28:47.495Z","level":"error","message":"[capture.summarize] Model HTTP request failed after the final attempt, provider=openai_compatible, model=qwen2.5:0.5b, attempt=1, maxAttempts=3, errorMessage=openai_compatible HTTP 404: model 'qwen2.5:0.5b' not found"}
{"timestamp":"2026-10-02T17:28:47.495Z","level":"error","message":"[capture.summarize] Model request failed, provider=openai_compatible, model=qwen2.5:0.5b, maxTokens=512, durationMs=8, errorMessage=openai_compatible HTTP 404: model 'qwen2.5:0.5b' not found"}
{"timestamp":"2026-10-02T17:28:47.495Z","level":"error","message":"[capture.summarize] Both summary and evolution models failed, sourceMemoryId=trace_42d4f9f4f58eac27216d, episodeId=episode_57ea250e02f7531b835c, primaryModel=qwen2.5:0.5b, fallbackModel=qwen2.5:0.5b, primaryErrorMessage=openai_compatible HTTP 404: model 'qwen2.5:0.5b' not found, fallbackErrorMessage=openai_compatible HTTP 404: model 'qwen2.5:0.5b' not found"}
{"timestamp":"2026-10-02T17:28:47.497Z","level":"error","message":"[memory.summary] Job failed, jobId=job_263d3fb5f0246f94de16, attempt=1, maxAttempts=3, terminal=true, targetMemoryId=trace_42d4f9f4f58eac27216d, errorMessage=openai_compatible HTTP 404: model 'qwen2.5:0.5b' not found"}
{"timestamp":"2026-10-02T17:28:47.498Z","level":"error","message":"[capture.summarize] Model HTTP request failed after the final attempt, provider=openai_compatible, model=qwen2.5:0.5b, attempt=1, maxAttempts=3, errorMessage=openai_compatible HTTP 404: model 'qwen2.5:0.5b' not found"}
{"timestamp":"2026-10-02T17:28:47.498Z","level":"error","message":"[capture.summarize] Model request failed, provider=openai_compatible, model=qwen2.5:0.5b, maxTokens=512, durationMs=9, errorMessage=openai_compatible HTTP 404: model 'qwen2.5:0.5b' not found"}
{"timestamp":"2026-10-02T17:28:47.498Z","level":"error","message":"[capture.summarize] Both summary and evolution models failed, sourceMemoryId=trace_b6f6e7a552f0aeafa3d3, episodeId=episode_4e841e6b6861dcc6c131, primaryModel=qwen2.5:0.5b, fallbackModel=qwen2.5:0.5b, primaryErrorMessage=openai_compatible HTTP 404: model 'qwen2.5:0.5b' not found, fallbackErrorMessage=openai_compatible HTTP 404: model 'qwen2.5:0.5b' not found"}
{"timestamp":"2026-10-02T17:28:47.498Z","level":"error","message":"[memory.summary] Job failed, jobId=job_b5a9bc4ffc8313fc3122, attempt=1, maxAttempts=3, terminal=true, targetMemoryId=trace_b6f6e7a552f0aeafa3d3, errorMessage=openai_compatible HTTP 404: model 'qwen2.5:0.5b' not found"}
{"timestamp":"2026-10-02T17:28:47.499Z","level":"error","message":"[capture.summarize] Model HTTP request failed after the final attempt, provider=openai_compatible, model=qwen2.5:0.5b, attempt=1, maxAttempts=3, errorMessage=openai_compatible HTTP 404: model 'qwen2.5:0.5b' not found"}
{"timestamp":"2026-10-02T17:28:47.499Z","level":"error","message":"[capture.summarize] Model request failed, provider=openai_compatible, model=qwen2.5:0.5b, maxTokens=512, durationMs=11, errorMessage=openai_compatible HTTP 404: model 'qwen2.5:0.5b' not found"}
{"timestamp":"2026-10-02T17:28:47.499Z","level":"error","message":"[capture.summarize] Both summary and evolution models failed, sourceMemoryId=trace_4d4e717dffeb662918af, episodeId=episode_4e841e6b6861dcc6c131, primaryModel=qwen2.5:0.5b, fallbackModel=qwen2.5:0.5b, primaryErrorMessage=openai_compatible HTTP 404: model 'qwen2.5:0.5b' not found, fallbackErrorMessage=openai_compatible HTTP 404: model 'qwen2.5:0.5b' not found"}
{"timestamp":"2026-10-02T17:28:47.500Z","level":"error","message":"[memory.summary] Job failed, jobId=job_8f8e98782e88c676aff9, attempt=1, maxAttempts=3, terminal=true, targetMemoryId=trace_4d4e717dffeb662918af, errorMessage=openai_compatible HTTP 404: model 'qwen2.5:0.5b' not found"}
{"timestamp":"2026-10-02T17:28:47.500Z","level":"info","message":"[worker] Worker drain completed, leased=4, succeeded=0, failed=4, embeddingRetriesLeased=0, embeddingRetriesSucceeded=0, embeddingRetriesFailed=0"}
{"timestamp":"2026-10-02T17:28:47.513Z","level":"info","message":"[memory.summary] Job started, jobId=job_acdca729dd843319f97d, attempt=1, maxAttempts=3, sessionId=session_21687f038bb3e22a4d48, episodeId=episode_4e841e6b6861dcc6c131, targetMemoryId=trace_f7f37c21616eb07a8b43"}
{"timestamp":"2026-10-02T17:28:47.515Z","level":"info","message":"[memory.summary] Job started, jobId=job_289b5d3dda0f5b6fab88, attempt=1, maxAttempts=3, sessionId=session_21687f038bb3e22a4d48, episodeId=episode_4e841e6b6861dcc6c131, targetMemoryId=trace_7032754a2ca0ebade215"}
{"timestamp":"2026-10-02T17:28:47.518Z","level":"info","message":"[memory.summary] Job started, jobId=job_b6641162aba65afdbd1e, attempt=1, maxAttempts=3, sessionId=session_21687f038bb3e22a4d48, episodeId=episode_4e841e6b6861dcc6c131, targetMemoryId=trace_3280e942d32c8ec11794"}
{"timestamp":"2026-10-02T17:28:47.520Z","level":"info","message":"[memory.summary] Job started, jobId=job_e4337e809787b5b9173d, attempt=1, maxAttempts=3, sessionId=session_3dfb88b2f276450e4fa4, episodeId=episode_bb686d09d21dc0975cfc, targetMemoryId=trace_7e6867fe9b0505f336aa"}
{"timestamp":"2026-10-02T17:28:47.533Z","level":"error","message":"[capture.summarize] Model HTTP request failed after the final attempt, provider=openai_compatible, model=qwen2.5:0.5b, attempt=1, maxAttempts=4, errorMessage=openai_compatible HTTP 404: model 'qwen2.5:0.5b' not found"}
{"timestamp":"2026-10-02T17:28:47.534Z","level":"error","message":"[capture.summarize] Model request failed, provider=openai_compatible, model=qwen2.5:0.5b, maxTokens=512, durationMs=15, errorMessage=openai_compatible HTTP 404: model 'qwen2.5:0.5b' not found"}
{"timestamp":"2026-10-02T17:28:47.534Z","level":"warn","message":"[capture.summarize] Summary model failed; switching to the evolution model, sourceMemoryId=trace_3280e942d32c8ec11794, episodeId=episode_4e841e6b6861dcc6c131, primaryModel=qwen2.5:0.5b, fallbackModel=qwen2.5:0.5b, errorMessage=openai_compatible HTTP 404: model 'qwen2.5:0.5b' not found"}
{"timestamp":"2026-10-02T17:28:47.534Z","level":"error","message":"[capture.summarize] Model HTTP request failed after the final attempt, provider=openai_compatible, model=qwen2.5:0.5b, attempt=1, maxAttempts=4, errorMessage=openai_compatible HTTP 404: model 'qwen2.5:0.5b' not found"}
{"timestamp":"2026-10-02T17:28:47.534Z","level":"error","message":"[capture.summarize] Model request failed, provider=openai_compatible, model=qwen2.5:0.5b, maxTokens=512, durationMs=18, errorMessage=openai_compatible HTTP 404: model 'qwen2.5:0.5b' not found"}
{"timestamp":"2026-10-02T17:28:47.535Z","level":"warn","message":"[capture.summarize] Summary model failed; switching to the evolution model, sourceMemoryId=trace_7032754a2ca0ebade215, episodeId=episode_4e841e6b6861dcc6c131, primaryModel=qwen2.5:0.5b, fallbackModel=qwen2.5:0.5b, errorMessage=openai_compatible HTTP 404: model 'qwen2.5:0.5b' not found"}
{"timestamp":"2026-10-02T17:28:47.535Z","level":"error","message":"[capture.summarize] Model HTTP request failed after the final attempt, provider=openai_compatible, model=qwen2.5:0.5b, attempt=1, maxAttempts=4, errorMessage=openai_compatible HTTP 404: model 'qwen2.5:0.5b' not found"}
{"timestamp":"2026-10-02T17:28:47.535Z","level":"error","message":"[capture.summarize] Model request failed, provider=openai_compatible, model=qwen2.5:0.5b, maxTokens=512, durationMs=14, errorMessage=openai_compatible HTTP 404: model 'qwen2.5:0.5b' not found"}
{"timestamp":"2026-10-02T17:28:47.535Z","level":"warn","message":"[capture.summarize] Summary model failed; switching to the evolution model, sourceMemoryId=trace_7e6867fe9b0505f336aa, episodeId=episode_bb686d09d21dc0975cfc, primaryModel=qwen2.5:0.5b, fallbackModel=qwen2.5:0.5b, errorMessage=openai_compatible HTTP 404: model 'qwen2.5:0.5b' not found"}
{"timestamp":"2026-10-02T17:28:47.536Z","level":"error","message":"[capture.summarize] Model HTTP request failed after the final attempt, provider=openai_compatible, model=qwen2.5:0.5b, attempt=1, maxAttempts=4, errorMessage=openai_compatible HTTP 404: model 'qwen2.5:0.5b' not found"}
{"timestamp":"2026-10-02T17:28:47.536Z","level":"error","message":"[capture.summarize] Model request failed, provider=openai_compatible, model=qwen2.5:0.5b, maxTokens=512, durationMs=22, errorMessage=openai_compatible HTTP 404: model 'qwen2.5:0.5b' not found"}
{"timestamp":"2026-10-02T17:28:47.536Z","level":"warn","message":"[capture.summarize] Summary model failed; switching to the evolution model, sourceMemoryId=trace_f7f37c21616eb07a8b43, episodeId=episode_4e841e6b6861dcc6c131, primaryModel=qwen2.5:0.5b, fallbackModel=qwen2.5:0.5b, errorMessage=openai_compatible HTTP 404: model 'qwen2.5:0.5b' not found"}
{"timestamp":"2026-10-02T17:28:47.543Z","level":"error","message":"[capture.summarize] Model HTTP request failed after the final attempt, provider=openai_compatible, model=qwen2.5:0.5b, attempt=1, maxAttempts=3, errorMessage=openai_compatible HTTP 404: model 'qwen2.5:0.5b' not found"}
{"timestamp":"2026-10-02T17:28:47.543Z","level":"error","message":"[capture.summarize] Model request failed, provider=openai_compatible, model=qwen2.5:0.5b, maxTokens=512, durationMs=9, errorMessage=openai_compatible HTTP 404: model 'qwen2.5:0.5b' not found"}
{"timestamp":"2026-10-02T17:28:47.543Z","level":"error","message":"[capture.summarize] Both summary and evolution models failed, sourceMemoryId=trace_3280e942d32c8ec11794, episodeId=episode_4e841e6b6861dcc6c131, primaryModel=qwen2.5:0.5b, fallbackModel=qwen2.5:0.5b, primaryErrorMessage=openai_compatible HTTP 404: model 'qwen2.5:0.5b' not found, fallbackErrorMessage=openai_compatible HTTP 404: model 'qwen2.5:0.5b' not found"}
{"timestamp":"2026-10-02T17:28:47.544Z","level":"error","message":"[memory.summary] Job failed, jobId=job_b6641162aba65afdbd1e, attempt=1, maxAttempts=3, terminal=true, targetMemoryId=trace_3280e942d32c8ec11794, errorMessage=openai_compatible HTTP 404: model 'qwen2.5:0.5b' not found"}
{"timestamp":"2026-10-02T17:28:47.544Z","level":"error","message":"[capture.summarize] Model HTTP request failed after the final attempt, provider=openai_compatible, model=qwen2.5:0.5b, attempt=1, maxAttempts=3, errorMessage=openai_compatible HTTP 404: model 'qwen2.5:0.5b' not found"}
{"timestamp":"2026-10-02T17:28:47.544Z","level":"error","message":"[capture.summarize] Model request failed, provider=openai_compatible, model=qwen2.5:0.5b, maxTokens=512, durationMs=9, errorMessage=openai_compatible HTTP 404: model 'qwen2.5:0.5b' not found"}
{"timestamp":"2026-10-02T17:28:47.544Z","level":"error","message":"[capture.summarize] Both summary and evolution models failed, sourceMemoryId=trace_7032754a2ca0ebade215, episodeId=episode_4e841e6b6861dcc6c131, primaryModel=qwen2.5:0.5b, fallbackModel=qwen2.5:0.5b, primaryErrorMessage=openai_compatible HTTP 404: model 'qwen2.5:0.5b' not found, fallbackErrorMessage=openai_compatible HTTP 404: model 'qwen2.5:0.5b' not found"}
{"timestamp":"2026-10-02T17:28:47.545Z","level":"error","message":"[memory.summary] Job failed, jobId=job_289b5d3dda0f5b6fab88, attempt=1, maxAttempts=3, terminal=true, targetMemoryId=trace_7032754a2ca0ebade215, errorMessage=openai_compatible HTTP 404: model 'qwen2.5:0.5b' not found"}
{"timestamp":"2026-10-02T17:28:47.545Z","level":"error","message":"[capture.summarize] Model HTTP request failed after the final attempt, provider=openai_compatible, model=qwen2.5:0.5b, attempt=1, maxAttempts=3, errorMessage=openai_compatible HTTP 404: model 'qwen2.5:0.5b' not found"}
{"timestamp":"2026-10-02T17:28:47.545Z","level":"error","message":"[capture.summarize] Model request failed, provider=openai_compatible, model=qwen2.5:0.5b, maxTokens=512, durationMs=10, errorMessage=openai_compatible HTTP 404: model 'qwen2.5:0.5b' not found"}
{"timestamp":"2026-10-02T17:28:47.545Z","level":"error","message":"[capture.summarize] Both summary and evolution models failed, sourceMemoryId=trace_7e6867fe9b0505f336aa, episodeId=episode_bb686d09d21dc0975cfc, primaryModel=qwen2.5:0.5b, fallbackModel=qwen2.5:0.5b, primaryErrorMessage=openai_compatible HTTP 404: model 'qwen2.5:0.5b' not found, fallbackErrorMessage=openai_compatible HTTP 404: model 'qwen2.5:0.5b' not found"}
{"timestamp":"2026-10-02T17:28:47.546Z","level":"error","message":"[memory.summary] Job failed, jobId=job_e4337e809787b5b9173d, attempt=1, maxAttempts=3, terminal=true, targetMemoryId=trace_7e6867fe9b0505f336aa, errorMessage=openai_compatible HTTP 404: model 'qwen2.5:0.5b' not found"}
{"timestamp":"2026-10-02T17:28:47.547Z","level":"error","message":"[capture.summarize] Model HTTP request failed after the final attempt, provider=openai_compatible, model=qwen2.5:0.5b, attempt=1, maxAttempts=3, errorMessage=openai_compatible HTTP 404: model 'qwen2.5:0.5b' not found"}
{"timestamp":"2026-10-02T17:28:47.547Z","level":"error","message":"[capture.summarize] Model request failed, provider=openai_compatible, model=qwen2.5:0.5b, maxTokens=512, durationMs=11, errorMessage=openai_compatible HTTP 404: model 'qwen2.5:0.5b' not found"}
{"timestamp":"2026-10-02T17:28:47.547Z","level":"error","message":"[capture.summarize] Both summary and evolution models failed, sourceMemoryId=trace_f7f37c21616eb07a8b43, episodeId=episode_4e841e6b6861dcc6c131, primaryModel=qwen2.5:0.5b, fallbackModel=qwen2.5:0.5b, primaryErrorMessage=openai_compatible HTTP 404: model 'qwen2.5:0.5b' not found, fallbackErrorMessage=openai_compatible HTTP 404: model 'qwen2.5:0.5b' not found"}
{"timestamp":"2026-10-02T17:28:47.547Z","level":"error","message":"[memory.summary] Job failed, jobId=job_acdca729dd843319f97d, attempt=1, maxAttempts=3, terminal=true, targetMemoryId=trace_f7f37c21616eb07a8b43, errorMessage=openai_compatible HTTP 404: model 'qwen2.5:0.5b' not found"}
{"timestamp":"2026-10-02T17:28:47.548Z","level":"info","message":"[worker] Worker drain completed, leased=4, succeeded=0, failed=4, embeddingRetriesLeased=0, embeddingRetriesSucceeded=0, embeddingRetriesFailed=0"}
{"timestamp":"2026-10-02T17:28:47.560Z","level":"info","message":"[memory.summary] Job started, jobId=job_c7b1831144b4c30f0dd4, attempt=1, maxAttempts=3, sessionId=session_3dfb88b2f276450e4fa4, episodeId=episode_bb686d09d21dc0975cfc, targetMemoryId=trace_79dcdf66379e5b20b0a4"}
{"timestamp":"2026-10-02T17:28:47.563Z","level":"info","message":"[memory.summary] Job started, jobId=job_5632daff3a1a441ee9b5, attempt=1, maxAttempts=3, sessionId=session_3dfb88b2f276450e4fa4, episodeId=episode_bb686d09d21dc0975cfc, targetMemoryId=trace_f9deb7855c6c6c6c9a0f"}
{"timestamp":"2026-10-02T17:28:47.565Z","level":"info","message":"[memory.summary] Job started, jobId=job_facb17d8a6c9c9243ed6, attempt=1, maxAttempts=3, sessionId=session_3dfb88b2f276450e4fa4, episodeId=episode_81b57351f88e13273688, targetMemoryId=trace_35bba108e9f493e29d77"}
{"timestamp":"2026-10-02T17:28:47.567Z","level":"info","message":"[memory.summary] Job started, jobId=job_44cfbf9fceaec112dcf5, attempt=1, maxAttempts=3, sessionId=session_3dfb88b2f276450e4fa4, episodeId=episode_81b57351f88e13273688, targetMemoryId=trace_306ea508d2fea6cd6386"}
{"timestamp":"2026-10-02T17:28:47.577Z","level":"error","message":"[capture.summarize] Model HTTP request failed after the final attempt, provider=openai_compatible, model=qwen2.5:0.5b, attempt=1, maxAttempts=4, errorMessage=openai_compatible HTTP 404: model 'qwen2.5:0.5b' not found"}
{"timestamp":"2026-10-02T17:28:47.577Z","level":"error","message":"[capture.summarize] Model request failed, provider=openai_compatible, model=qwen2.5:0.5b, maxTokens=512, durationMs=16, errorMessage=openai_compatible HTTP 404: model 'qwen2.5:0.5b' not found"}
{"timestamp":"2026-10-02T17:28:47.577Z","level":"warn","message":"[capture.summarize] Summary model failed; switching to the evolution model, sourceMemoryId=trace_79dcdf66379e5b20b0a4, episodeId=episode_bb686d09d21dc0975cfc, primaryModel=qwen2.5:0.5b, fallbackModel=qwen2.5:0.5b, errorMessage=openai_compatible HTTP 404: model 'qwen2.5:0.5b' not found"}
{"timestamp":"2026-10-02T17:28:47.579Z","level":"error","message":"[capture.summarize] Model HTTP request failed after the final attempt, provider=openai_compatible, model=qwen2.5:0.5b, attempt=1, maxAttempts=4, errorMessage=openai_compatible HTTP 404: model 'qwen2.5:0.5b' not found"}
{"timestamp":"2026-10-02T17:28:47.579Z","level":"error","message":"[capture.summarize] Model request failed, provider=openai_compatible, model=qwen2.5:0.5b, maxTokens=512, durationMs=11, errorMessage=openai_compatible HTTP 404: model 'qwen2.5:0.5b' not found"}
{"timestamp":"2026-10-02T17:28:47.579Z","level":"warn","message":"[capture.summarize] Summary model failed; switching to the evolution model, sourceMemoryId=trace_306ea508d2fea6cd6386, episodeId=episode_81b57351f88e13273688, primaryModel=qwen2.5:0.5b, fallbackModel=qwen2.5:0.5b, errorMessage=openai_compatible HTTP 404: model 'qwen2.5:0.5b' not found"}
{"timestamp":"2026-10-02T17:28:47.580Z","level":"error","message":"[capture.summarize] Model HTTP request failed after the final attempt, provider=openai_compatible, model=qwen2.5:0.5b, attempt=1, maxAttempts=4, errorMessage=openai_compatible HTTP 404: model 'qwen2.5:0.5b' not found"}
{"timestamp":"2026-10-02T17:28:47.580Z","level":"error","message":"[capture.summarize] Model request failed, provider=openai_compatible, model=qwen2.5:0.5b, maxTokens=512, durationMs=16, errorMessage=openai_compatible HTTP 404: model 'qwen2.5:0.5b' not found"}
{"timestamp":"2026-10-02T17:28:47.580Z","level":"warn","message":"[capture.summarize] Summary model failed; switching to the evolution model, sourceMemoryId=trace_f9deb7855c6c6c6c9a0f, episodeId=episode_bb686d09d21dc0975cfc, primaryModel=qwen2.5:0.5b, fallbackModel=qwen2.5:0.5b, errorMessage=openai_compatible HTTP 404: model 'qwen2.5:0.5b' not found"}
{"timestamp":"2026-10-02T17:28:47.581Z","level":"error","message":"[capture.summarize] Model HTTP request failed after the final attempt, provider=openai_compatible, model=qwen2.5:0.5b, attempt=1, maxAttempts=4, errorMessage=openai_compatible HTTP 404: model 'qwen2.5:0.5b' not found"}
{"timestamp":"2026-10-02T17:28:47.581Z","level":"error","message":"[capture.summarize] Model request failed, provider=openai_compatible, model=qwen2.5:0.5b, maxTokens=512, durationMs=15, errorMessage=openai_compatible HTTP 404: model 'qwen2.5:0.5b' not found"}
{"timestamp":"2026-10-02T17:28:47.581Z","level":"warn","message":"[capture.summarize] Summary model failed; switching to the evolution model, sourceMemoryId=trace_35bba108e9f493e29d77, episodeId=episode_81b57351f88e13273688, primaryModel=qwen2.5:0.5b, fallbackModel=qwen2.5:0.5b, errorMessage=openai_compatible HTTP 404: model 'qwen2.5:0.5b' not found"}
{"timestamp":"2026-10-02T17:28:47.584Z","level":"error","message":"[capture.summarize] Model HTTP request failed after the final attempt, provider=openai_compatible, model=qwen2.5:0.5b, attempt=1, maxAttempts=3, errorMessage=openai_compatible HTTP 404: model 'qwen2.5:0.5b' not found"}
{"timestamp":"2026-10-02T17:28:47.584Z","level":"error","message":"[capture.summarize] Model request failed, provider=openai_compatible, model=qwen2.5:0.5b, maxTokens=512, durationMs=7, errorMessage=openai_compatible HTTP 404: model 'qwen2.5:0.5b' not found"}
{"timestamp":"2026-10-02T17:28:47.585Z","level":"error","message":"[capture.summarize] Both summary and evolution models failed, sourceMemoryId=trace_79dcdf66379e5b20b0a4, episodeId=episode_bb686d09d21dc0975cfc, primaryModel=qwen2.5:0.5b, fallbackModel=qwen2.5:0.5b, primaryErrorMessage=openai_compatible HTTP 404: model 'qwen2.5:0.5b' not found, fallbackErrorMessage=openai_compatible HTTP 404: model 'qwen2.5:0.5b' not found"}
{"timestamp":"2026-10-02T17:28:47.586Z","level":"error","message":"[memory.summary] Job failed, jobId=job_c7b1831144b4c30f0dd4, attempt=1, maxAttempts=3, terminal=true, targetMemoryId=trace_79dcdf66379e5b20b0a4, errorMessage=openai_compatible HTTP 404: model 'qwen2.5:0.5b' not found"}
{"timestamp":"2026-10-02T17:28:47.587Z","level":"error","message":"[capture.summarize] Model HTTP request failed after the final attempt, provider=openai_compatible, model=qwen2.5:0.5b, attempt=1, maxAttempts=3, errorMessage=openai_compatible HTTP 404: model 'qwen2.5:0.5b' not found"}
{"timestamp":"2026-10-02T17:28:47.587Z","level":"error","message":"[capture.summarize] Model request failed, provider=openai_compatible, model=qwen2.5:0.5b, maxTokens=512, durationMs=8, errorMessage=openai_compatible HTTP 404: model 'qwen2.5:0.5b' not found"}
{"timestamp":"2026-10-02T17:28:47.587Z","level":"error","message":"[capture.summarize] Both summary and evolution models failed, sourceMemoryId=trace_306ea508d2fea6cd6386, episodeId=episode_81b57351f88e13273688, primaryModel=qwen2.5:0.5b, fallbackModel=qwen2.5:0.5b, primaryErrorMessage=openai_compatible HTTP 404: model 'qwen2.5:0.5b' not found, fallbackErrorMessage=openai_compatible HTTP 404: model 'qwen2.5:0.5b' not found"}
{"timestamp":"2026-10-02T17:28:47.588Z","level":"error","message":"[memory.summary] Job failed, jobId=job_44cfbf9fceaec112dcf5, attempt=1, maxAttempts=3, terminal=true, targetMemoryId=trace_306ea508d2fea6cd6386, errorMessage=openai_compatible HTTP 404: model 'qwen2.5:0.5b' not found"}
{"timestamp":"2026-10-02T17:28:47.589Z","level":"error","message":"[capture.summarize] Model HTTP request failed after the final attempt, provider=openai_compatible, model=qwen2.5:0.5b, attempt=1, maxAttempts=3, errorMessage=openai_compatible HTTP 404: model 'qwen2.5:0.5b' not found"}
{"timestamp":"2026-10-02T17:28:47.589Z","level":"error","message":"[capture.summarize] Model request failed, provider=openai_compatible, model=qwen2.5:0.5b, maxTokens=512, durationMs=8, errorMessage=openai_compatible HTTP 404: model 'qwen2.5:0.5b' not found"}
{"timestamp":"2026-10-02T17:28:47.589Z","level":"error","message":"[capture.summarize] Both summary and evolution models failed, sourceMemoryId=trace_35bba108e9f493e29d77, episodeId=episode_81b57351f88e13273688, primaryModel=qwen2.5:0.5b, fallbackModel=qwen2.5:0.5b, primaryErrorMessage=openai_compatible HTTP 404: model 'qwen2.5:0.5b' not found, fallbackErrorMessage=openai_compatible HTTP 404: model 'qwen2.5:0.5b' not found"}
{"timestamp":"2026-10-02T17:28:47.590Z","level":"error","message":"[memory.summary] Job failed, jobId=job_facb17d8a6c9c9243ed6, attempt=1, maxAttempts=3, terminal=true, targetMemoryId=trace_35bba108e9f493e29d77, errorMessage=openai_compatible HTTP 404: model 'qwen2.5:0.5b' not found"}
{"timestamp":"2026-10-02T17:28:47.590Z","level":"error","message":"[capture.summarize] Model HTTP request failed after the final attempt, provider=openai_compatible, model=qwen2.5:0.5b, attempt=1, maxAttempts=3, errorMessage=openai_compatible HTTP 404: model 'qwen2.5:0.5b' not found"}
{"timestamp":"2026-10-02T17:28:47.590Z","level":"error","message":"[capture.summarize] Model request failed, provider=openai_compatible, model=qwen2.5:0.5b, maxTokens=512, durationMs=10, errorMessage=openai_compatible HTTP 404: model 'qwen2.5:0.5b' not found"}
{"timestamp":"2026-10-02T17:28:47.590Z","level":"error","message":"[capture.summarize] Both summary and evolution models failed, sourceMemoryId=trace_f9deb7855c6c6c6c9a0f, episodeId=episode_bb686d09d21dc0975cfc, primaryModel=qwen2.5:0.5b, fallbackModel=qwen2.5:0.5b, primaryErrorMessage=openai_compatible HTTP 404: model 'qwen2.5:0.5b' not found, fallbackErrorMessage=openai_compatible HTTP 404: model 'qwen2.5:0.5b' not found"}
{"timestamp":"2026-10-02T17:28:47.591Z","level":"error","message":"[memory.summary] Job failed, jobId=job_5632daff3a1a441ee9b5, attempt=1, maxAttempts=3, terminal=true, targetMemoryId=trace_f9deb7855c6c6c6c9a0f, errorMessage=openai_compatible HTTP 404: model 'qwen2.5:0.5b' not found"}
{"timestamp":"2026-10-02T17:28:47.591Z","level":"info","message":"[worker] Worker drain completed, leased=4, succeeded=0, failed=4, embeddingRetriesLeased=0, embeddingRetriesSucceeded=0, embeddingRetriesFailed=0"}
{"timestamp":"2026-10-02T17:28:47.607Z","level":"info","message":"[memory.summary] Job started, jobId=job_1cf0858f231b2035d628, attempt=1, maxAttempts=3, sessionId=session_3dfb88b2f276450e4fa4, episodeId=episode_81b57351f88e13273688, targetMemoryId=trace_6db9b03c1e67052dba05"}
{"timestamp":"2026-10-02T17:28:47.609Z","level":"info","message":"[memory.summary] Job started, jobId=job_1dbe99af4e82ebb5cfc0, attempt=1, maxAttempts=3, sessionId=session_3dfb88b2f276450e4fa4, episodeId=episode_81b57351f88e13273688, targetMemoryId=trace_51f00ad8eca79943de62"}
{"timestamp":"2026-10-02T17:28:47.611Z","level":"info","message":"[memory.summary] Job started, jobId=job_8b2c24064393266462b9, attempt=1, maxAttempts=3, sessionId=session_3dfb88b2f276450e4fa4, episodeId=episode_9aa2d5b6f3d575b10955, targetMemoryId=trace_ee1e2ca3debd7c0842c1"}
{"timestamp":"2026-10-02T17:28:47.613Z","level":"info","message":"[memory.summary] Job started, jobId=job_9dcf80b13e41069994c3, attempt=1, maxAttempts=3, sessionId=session_3dfb88b2f276450e4fa4, episodeId=episode_9aa2d5b6f3d575b10955, targetMemoryId=trace_35b337928cb01c2d0e5c"}
{"timestamp":"2026-10-02T17:28:47.626Z","level":"error","message":"[capture.summarize] Model HTTP request failed after the final attempt, provider=openai_compatible, model=qwen2.5:0.5b, attempt=1, maxAttempts=4, errorMessage=openai_compatible HTTP 404: model 'qwen2.5:0.5b' not found"}
{"timestamp":"2026-10-02T17:28:47.627Z","level":"error","message":"[capture.summarize] Model request failed, provider=openai_compatible, model=qwen2.5:0.5b, maxTokens=512, durationMs=19, errorMessage=openai_compatible HTTP 404: model 'qwen2.5:0.5b' not found"}
{"timestamp":"2026-10-02T17:28:47.627Z","level":"warn","message":"[capture.summarize] Summary model failed; switching to the evolution model, sourceMemoryId=trace_6db9b03c1e67052dba05, episodeId=episode_81b57351f88e13273688, primaryModel=qwen2.5:0.5b, fallbackModel=qwen2.5:0.5b, errorMessage=openai_compatible HTTP 404: model 'qwen2.5:0.5b' not found"}
{"timestamp":"2026-10-02T17:28:47.628Z","level":"error","message":"[capture.summarize] Model HTTP request failed after the final attempt, provider=openai_compatible, model=qwen2.5:0.5b, attempt=1, maxAttempts=4, errorMessage=openai_compatible HTTP 404: model 'qwen2.5:0.5b' not found"}
{"timestamp":"2026-10-02T17:28:47.628Z","level":"error","message":"[capture.summarize] Model request failed, provider=openai_compatible, model=qwen2.5:0.5b, maxTokens=512, durationMs=16, errorMessage=openai_compatible HTTP 404: model 'qwen2.5:0.5b' not found"}
{"timestamp":"2026-10-02T17:28:47.628Z","level":"warn","message":"[capture.summarize] Summary model failed; switching to the evolution model, sourceMemoryId=trace_ee1e2ca3debd7c0842c1, episodeId=episode_9aa2d5b6f3d575b10955, primaryModel=qwen2.5:0.5b, fallbackModel=qwen2.5:0.5b, errorMessage=openai_compatible HTTP 404: model 'qwen2.5:0.5b' not found"}
{"timestamp":"2026-10-02T17:28:47.629Z","level":"error","message":"[capture.summarize] Model HTTP request failed after the final attempt, provider=openai_compatible, model=qwen2.5:0.5b, attempt=1, maxAttempts=4, errorMessage=openai_compatible HTTP 404: model 'qwen2.5:0.5b' not found"}
{"timestamp":"2026-10-02T17:28:47.629Z","level":"error","message":"[capture.summarize] Model request failed, provider=openai_compatible, model=qwen2.5:0.5b, maxTokens=512, durationMs=15, errorMessage=openai_compatible HTTP 404: model 'qwen2.5:0.5b' not found"}
{"timestamp":"2026-10-02T17:28:47.629Z","level":"warn","message":"[capture.summarize] Summary model failed; switching to the evolution model, sourceMemoryId=trace_35b337928cb01c2d0e5c, episodeId=episode_9aa2d5b6f3d575b10955, primaryModel=qwen2.5:0.5b, fallbackModel=qwen2.5:0.5b, errorMessage=openai_compatible HTTP 404: model 'qwen2.5:0.5b' not found"}
{"timestamp":"2026-10-02T17:28:47.629Z","level":"error","message":"[capture.summarize] Model HTTP request failed after the final attempt, provider=openai_compatible, model=qwen2.5:0.5b, attempt=1, maxAttempts=4, errorMessage=openai_compatible HTTP 404: model 'qwen2.5:0.5b' not found"}
{"timestamp":"2026-10-02T17:28:47.629Z","level":"error","message":"[capture.summarize] Model request failed, provider=openai_compatible, model=qwen2.5:0.5b, maxTokens=512, durationMs=19, errorMessage=openai_compatible HTTP 404: model 'qwen2.5:0.5b' not found"}
{"timestamp":"2026-10-02T17:28:47.629Z","level":"warn","message":"[capture.summarize] Summary model failed; switching to the evolution model, sourceMemoryId=trace_51f00ad8eca79943de62, episodeId=episode_81b57351f88e13273688, primaryModel=qwen2.5:0.5b, fallbackModel=qwen2.5:0.5b, errorMessage=openai_compatible HTTP 404: model 'qwen2.5:0.5b' not found"}
{"timestamp":"2026-10-02T17:28:47.636Z","level":"error","message":"[capture.summarize] Model HTTP request failed after the final attempt, provider=openai_compatible, model=qwen2.5:0.5b, attempt=1, maxAttempts=3, errorMessage=openai_compatible HTTP 404: model 'qwen2.5:0.5b' not found"}
{"timestamp":"2026-10-02T17:28:47.636Z","level":"error","message":"[capture.summarize] Model request failed, provider=openai_compatible, model=qwen2.5:0.5b, maxTokens=512, durationMs=9, errorMessage=openai_compatible HTTP 404: model 'qwen2.5:0.5b' not found"}
{"timestamp":"2026-10-02T17:28:47.637Z","level":"error","message":"[capture.summarize] Both summary and evolution models failed, sourceMemoryId=trace_6db9b03c1e67052dba05, episodeId=episode_81b57351f88e13273688, primaryModel=qwen2.5:0.5b, fallbackModel=qwen2.5:0.5b, primaryErrorMessage=openai_compatible HTTP 404: model 'qwen2.5:0.5b' not found, fallbackErrorMessage=openai_compatible HTTP 404: model 'qwen2.5:0.5b' not found"}
{"timestamp":"2026-10-02T17:28:47.638Z","level":"error","message":"[memory.summary] Job failed, jobId=job_1cf0858f231b2035d628, attempt=1, maxAttempts=3, terminal=true, targetMemoryId=trace_6db9b03c1e67052dba05, errorMessage=openai_compatible HTTP 404: model 'qwen2.5:0.5b' not found"}
{"timestamp":"2026-10-02T17:28:47.638Z","level":"error","message":"[capture.summarize] Model HTTP request failed after the final attempt, provider=openai_compatible, model=qwen2.5:0.5b, attempt=1, maxAttempts=3, errorMessage=openai_compatible HTTP 404: model 'qwen2.5:0.5b' not found"}
{"timestamp":"2026-10-02T17:28:47.638Z","level":"error","message":"[capture.summarize] Model request failed, provider=openai_compatible, model=qwen2.5:0.5b, maxTokens=512, durationMs=10, errorMessage=openai_compatible HTTP 404: model 'qwen2.5:0.5b' not found"}
{"timestamp":"2026-10-02T17:28:47.638Z","level":"error","message":"[capture.summarize] Both summary and evolution models failed, sourceMemoryId=trace_ee1e2ca3debd7c0842c1, episodeId=episode_9aa2d5b6f3d575b10955, primaryModel=qwen2.5:0.5b, fallbackModel=qwen2.5:0.5b, primaryErrorMessage=openai_compatible HTTP 404: model 'qwen2.5:0.5b' not found, fallbackErrorMessage=openai_compatible HTTP 404: model 'qwen2.5:0.5b' not found"}
{"timestamp":"2026-10-02T17:28:47.639Z","level":"error","message":"[memory.summary] Job failed, jobId=job_8b2c24064393266462b9, attempt=1, maxAttempts=3, terminal=true, targetMemoryId=trace_ee1e2ca3debd7c0842c1, errorMessage=openai_compatible HTTP 404: model 'qwen2.5:0.5b' not found"}
{"timestamp":"2026-10-02T17:28:47.639Z","level":"error","message":"[capture.summarize] Model HTTP request failed after the final attempt, provider=openai_compatible, model=qwen2.5:0.5b, attempt=1, maxAttempts=3, errorMessage=openai_compatible HTTP 404: model 'qwen2.5:0.5b' not found"}
{"timestamp":"2026-10-02T17:28:47.639Z","level":"error","message":"[capture.summarize] Model request failed, provider=openai_compatible, model=qwen2.5:0.5b, maxTokens=512, durationMs=10, errorMessage=openai_compatible HTTP 404: model 'qwen2.5:0.5b' not found"}
{"timestamp":"2026-10-02T17:28:47.640Z","level":"error","message":"[capture.summarize] Both summary and evolution models failed, sourceMemoryId=trace_51f00ad8eca79943de62, episodeId=episode_81b57351f88e13273688, primaryModel=qwen2.5:0.5b, fallbackModel=qwen2.5:0.5b, primaryErrorMessage=openai_compatible HTTP 404: model 'qwen2.5:0.5b' not found, fallbackErrorMessage=openai_compatible HTTP 404: model 'qwen2.5:0.5b' not found"}
{"timestamp":"2026-10-02T17:28:47.640Z","level":"error","message":"[memory.summary] Job failed, jobId=job_1dbe99af4e82ebb5cfc0, attempt=1, maxAttempts=3, terminal=true, targetMemoryId=trace_51f00ad8eca79943de62, errorMessage=openai_compatible HTTP 404: model 'qwen2.5:0.5b' not found"}
{"timestamp":"2026-10-02T17:28:47.641Z","level":"error","message":"[capture.summarize] Model HTTP request failed after the final attempt, provider=openai_compatible, model=qwen2.5:0.5b, attempt=1, maxAttempts=3, errorMessage=openai_compatible HTTP 404: model 'qwen2.5:0.5b' not found"}
{"timestamp":"2026-10-02T17:28:47.641Z","level":"error","message":"[capture.summarize] Model request failed, provider=openai_compatible, model=qwen2.5:0.5b, maxTokens=512, durationMs=12, errorMessage=openai_compatible HTTP 404: model 'qwen2.5:0.5b' not found"}
{"timestamp":"2026-10-02T17:28:47.641Z","level":"error","message":"[capture.summarize] Both summary and evolution models failed, sourceMemoryId=trace_35b337928cb01c2d0e5c, episodeId=episode_9aa2d5b6f3d575b10955, primaryModel=qwen2.5:0.5b, fallbackModel=qwen2.5:0.5b, primaryErrorMessage=openai_compatible HTTP 404: model 'qwen2.5:0.5b' not found, fallbackErrorMessage=openai_compatible HTTP 404: model 'qwen2.5:0.5b' not found"}
{"timestamp":"2026-10-02T17:28:47.642Z","level":"error","message":"[memory.summary] Job failed, jobId=job_9dcf80b13e41069994c3, attempt=1, maxAttempts=3, terminal=true, targetMemoryId=trace_35b337928cb01c2d0e5c, errorMessage=openai_compatible HTTP 404: model 'qwen2.5:0.5b' not found"}
{"timestamp":"2026-10-02T17:28:47.642Z","level":"info","message":"[worker] Worker drain completed, leased=4, succeeded=0, failed=4, embeddingRetriesLeased=0, embeddingRetriesSucceeded=0, embeddingRetriesFailed=0"}
{"timestamp":"2026-10-02T17:28:47.652Z","level":"info","message":"[memory.summary] Job started, jobId=job_c095b40c9a7e49d1bcc9, attempt=1, maxAttempts=3, sessionId=session_3dfb88b2f276450e4fa4, episodeId=episode_9aa2d5b6f3d575b10955, targetMemoryId=trace_c376f9079b702239ee39"}
{"timestamp":"2026-10-02T17:28:47.654Z","level":"info","message":"[memory.summary] Job started, jobId=job_5767a40edcf1be93f75e, attempt=1, maxAttempts=3, sessionId=session_da73adc2fcd6783996e2, episodeId=episode_31d3b9072ad8fc06e0f1, targetMemoryId=trace_0fc212a396c17f16713c"}
{"timestamp":"2026-10-02T17:28:47.664Z","level":"error","message":"[capture.summarize] Model HTTP request failed after the final attempt, provider=openai_compatible, model=qwen2.5:0.5b, attempt=1, maxAttempts=4, errorMessage=openai_compatible HTTP 404: model 'qwen2.5:0.5b' not found"}
{"timestamp":"2026-10-02T17:28:47.664Z","level":"error","message":"[capture.summarize] Model request failed, provider=openai_compatible, model=qwen2.5:0.5b, maxTokens=512, durationMs=12, errorMessage=openai_compatible HTTP 404: model 'qwen2.5:0.5b' not found"}
{"timestamp":"2026-10-02T17:28:47.664Z","level":"warn","message":"[capture.summarize] Summary model failed; switching to the evolution model, sourceMemoryId=trace_c376f9079b702239ee39, episodeId=episode_9aa2d5b6f3d575b10955, primaryModel=qwen2.5:0.5b, fallbackModel=qwen2.5:0.5b, errorMessage=openai_compatible HTTP 404: model 'qwen2.5:0.5b' not found"}
{"timestamp":"2026-10-02T17:28:47.665Z","level":"error","message":"[capture.summarize] Model HTTP request failed after the final attempt, provider=openai_compatible, model=qwen2.5:0.5b, attempt=1, maxAttempts=4, errorMessage=openai_compatible HTTP 404: model 'qwen2.5:0.5b' not found"}
{"timestamp":"2026-10-02T17:28:47.665Z","level":"error","message":"[capture.summarize] Model request failed, provider=openai_compatible, model=qwen2.5:0.5b, maxTokens=512, durationMs=10, errorMessage=openai_compatible HTTP 404: model 'qwen2.5:0.5b' not found"}
{"timestamp":"2026-10-02T17:28:47.665Z","level":"warn","message":"[capture.summarize] Summary model failed; switching to the evolution model, sourceMemoryId=trace_0fc212a396c17f16713c, episodeId=episode_31d3b9072ad8fc06e0f1, primaryModel=qwen2.5:0.5b, fallbackModel=qwen2.5:0.5b, errorMessage=openai_compatible HTTP 404: model 'qwen2.5:0.5b' not found"}
{"timestamp":"2026-10-02T17:28:47.671Z","level":"error","message":"[capture.summarize] Model HTTP request failed after the final attempt, provider=openai_compatible, model=qwen2.5:0.5b, attempt=1, maxAttempts=3, errorMessage=openai_compatible HTTP 404: model 'qwen2.5:0.5b' not found"}
{"timestamp":"2026-10-02T17:28:47.671Z","level":"error","message":"[capture.summarize] Model request failed, provider=openai_compatible, model=qwen2.5:0.5b, maxTokens=512, durationMs=7, errorMessage=openai_compatible HTTP 404: model 'qwen2.5:0.5b' not found"}
{"timestamp":"2026-10-02T17:28:47.671Z","level":"error","message":"[capture.summarize] Both summary and evolution models failed, sourceMemoryId=trace_c376f9079b702239ee39, episodeId=episode_9aa2d5b6f3d575b10955, primaryModel=qwen2.5:0.5b, fallbackModel=qwen2.5:0.5b, primaryErrorMessage=openai_compatible HTTP 404: model 'qwen2.5:0.5b' not found, fallbackErrorMessage=openai_compatible HTTP 404: model 'qwen2.5:0.5b' not found"}
{"timestamp":"2026-10-02T17:28:47.672Z","level":"error","message":"[memory.summary] Job failed, jobId=job_c095b40c9a7e49d1bcc9, attempt=1, maxAttempts=3, terminal=true, targetMemoryId=trace_c376f9079b702239ee39, errorMessage=openai_compatible HTTP 404: model 'qwen2.5:0.5b' not found"}
{"timestamp":"2026-10-02T17:28:47.672Z","level":"error","message":"[capture.summarize] Model HTTP request failed after the final attempt, provider=openai_compatible, model=qwen2.5:0.5b, attempt=1, maxAttempts=3, errorMessage=openai_compatible HTTP 404: model 'qwen2.5:0.5b' not found"}
{"timestamp":"2026-10-02T17:28:47.672Z","level":"error","message":"[capture.summarize] Model request failed, provider=openai_compatible, model=qwen2.5:0.5b, maxTokens=512, durationMs=7, errorMessage=openai_compatible HTTP 404: model 'qwen2.5:0.5b' not found"}
{"timestamp":"2026-10-02T17:28:47.672Z","level":"error","message":"[capture.summarize] Both summary and evolution models failed, sourceMemoryId=trace_0fc212a396c17f16713c, episodeId=episode_31d3b9072ad8fc06e0f1, primaryModel=qwen2.5:0.5b, fallbackModel=qwen2.5:0.5b, primaryErrorMessage=openai_compatible HTTP 404: model 'qwen2.5:0.5b' not found, fallbackErrorMessage=openai_compatible HTTP 404: model 'qwen2.5:0.5b' not found"}
{"timestamp":"2026-10-02T17:28:47.673Z","level":"error","message":"[memory.summary] Job failed, jobId=job_5767a40edcf1be93f75e, attempt=1, maxAttempts=3, terminal=true, targetMemoryId=trace_0fc212a396c17f16713c, errorMessage=openai_compatible HTTP 404: model 'qwen2.5:0.5b' not found"}
{"timestamp":"2026-10-02T17:28:47.674Z","level":"info","message":"[worker] Worker drain completed, leased=2, succeeded=0, failed=2, embeddingRetriesLeased=0, embeddingRetriesSucceeded=0, embeddingRetriesFailed=0"}
{"timestamp":"2026-10-02T17:28:47.683Z","level":"info","message":"[memory.import_summary] Job started, jobId=job_60dc8bf5267fa04a4559, attempt=1, maxAttempts=3, targetMemoryId=trace_3238ec82069482e84793"}
{"timestamp":"2026-10-02T17:28:47.686Z","level":"info","message":"[memory.import_summary] Job started, jobId=job_734944c0d23a58b0ed5c, attempt=1, maxAttempts=3, targetMemoryId=trace_47b1bd7666f4eaf61655"}
{"timestamp":"2026-10-02T17:28:47.688Z","level":"info","message":"[memory.import_summary] Job started, jobId=job_35644868588fced108f6, attempt=1, maxAttempts=3, targetMemoryId=trace_6ec4783b85ace621d184"}
{"timestamp":"2026-10-02T17:28:47.701Z","level":"error","message":"[capture.summarize] Model HTTP request failed after the final attempt, provider=openai_compatible, model=qwen2.5:0.5b, attempt=1, maxAttempts=4, errorMessage=openai_compatible HTTP 404: model 'qwen2.5:0.5b' not found"}
{"timestamp":"2026-10-02T17:28:47.701Z","level":"error","message":"[capture.summarize] Model request failed, provider=openai_compatible, model=qwen2.5:0.5b, maxTokens=512, durationMs=15, errorMessage=openai_compatible HTTP 404: model 'qwen2.5:0.5b' not found"}
{"timestamp":"2026-10-02T17:28:47.701Z","level":"warn","message":"[capture.summarize] Summary model failed; switching to the evolution model, sourceMemoryId=trace_47b1bd7666f4eaf61655, primaryModel=qwen2.5:0.5b, fallbackModel=qwen2.5:0.5b, errorMessage=openai_compatible HTTP 404: model 'qwen2.5:0.5b' not found"}
{"timestamp":"2026-10-02T17:28:47.702Z","level":"error","message":"[capture.summarize] Model HTTP request failed after the final attempt, provider=openai_compatible, model=qwen2.5:0.5b, attempt=1, maxAttempts=4, errorMessage=openai_compatible HTTP 404: model 'qwen2.5:0.5b' not found"}
{"timestamp":"2026-10-02T17:28:47.702Z","level":"error","message":"[capture.summarize] Model request failed, provider=openai_compatible, model=qwen2.5:0.5b, maxTokens=512, durationMs=18, errorMessage=openai_compatible HTTP 404: model 'qwen2.5:0.5b' not found"}
{"timestamp":"2026-10-02T17:28:47.702Z","level":"warn","message":"[capture.summarize] Summary model failed; switching to the evolution model, sourceMemoryId=trace_3238ec82069482e84793, primaryModel=qwen2.5:0.5b, fallbackModel=qwen2.5:0.5b, errorMessage=openai_compatible HTTP 404: model 'qwen2.5:0.5b' not found"}
{"timestamp":"2026-10-02T17:28:47.702Z","level":"error","message":"[capture.summarize] Model HTTP request failed after the final attempt, provider=openai_compatible, model=qwen2.5:0.5b, attempt=1, maxAttempts=4, errorMessage=openai_compatible HTTP 404: model 'qwen2.5:0.5b' not found"}
{"timestamp":"2026-10-02T17:28:47.703Z","level":"error","message":"[capture.summarize] Model request failed, provider=openai_compatible, model=qwen2.5:0.5b, maxTokens=512, durationMs=14, errorMessage=openai_compatible HTTP 404: model 'qwen2.5:0.5b' not found"}
{"timestamp":"2026-10-02T17:28:47.703Z","level":"warn","message":"[capture.summarize] Summary model failed; switching to the evolution model, sourceMemoryId=trace_6ec4783b85ace621d184, primaryModel=qwen2.5:0.5b, fallbackModel=qwen2.5:0.5b, errorMessage=openai_compatible HTTP 404: model 'qwen2.5:0.5b' not found"}
{"timestamp":"2026-10-02T17:28:47.709Z","level":"error","message":"[capture.summarize] Model HTTP request failed after the final attempt, provider=openai_compatible, model=qwen2.5:0.5b, attempt=1, maxAttempts=3, errorMessage=openai_compatible HTTP 404: model 'qwen2.5:0.5b' not found"}
{"timestamp":"2026-10-02T17:28:47.709Z","level":"error","message":"[capture.summarize] Model request failed, provider=openai_compatible, model=qwen2.5:0.5b, maxTokens=512, durationMs=8, errorMessage=openai_compatible HTTP 404: model 'qwen2.5:0.5b' not found"}
{"timestamp":"2026-10-02T17:28:47.709Z","level":"error","message":"[capture.summarize] Both summary and evolution models failed, sourceMemoryId=trace_47b1bd7666f4eaf61655, primaryModel=qwen2.5:0.5b, fallbackModel=qwen2.5:0.5b, primaryErrorMessage=openai_compatible HTTP 404: model 'qwen2.5:0.5b' not found, fallbackErrorMessage=openai_compatible HTTP 404: model 'qwen2.5:0.5b' not found"}
{"timestamp":"2026-10-02T17:28:47.710Z","level":"error","message":"[memory.import_summary] Job failed, jobId=job_734944c0d23a58b0ed5c, attempt=1, maxAttempts=3, terminal=true, targetMemoryId=trace_47b1bd7666f4eaf61655, errorMessage=openai_compatible HTTP 404: model 'qwen2.5:0.5b' not found"}
{"timestamp":"2026-10-02T17:28:47.710Z","level":"error","message":"[capture.summarize] Model HTTP request failed after the final attempt, provider=openai_compatible, model=qwen2.5:0.5b, attempt=1, maxAttempts=3, errorMessage=openai_compatible HTTP 404: model 'qwen2.5:0.5b' not found"}
{"timestamp":"2026-10-02T17:28:47.710Z","level":"error","message":"[capture.summarize] Model request failed, provider=openai_compatible, model=qwen2.5:0.5b, maxTokens=512, durationMs=8, errorMessage=openai_compatible HTTP 404: model 'qwen2.5:0.5b' not found"}
{"timestamp":"2026-10-02T17:28:47.710Z","level":"error","message":"[capture.summarize] Both summary and evolution models failed, sourceMemoryId=trace_3238ec82069482e84793, primaryModel=qwen2.5:0.5b, fallbackModel=qwen2.5:0.5b, primaryErrorMessage=openai_compatible HTTP 404: model 'qwen2.5:0.5b' not found, fallbackErrorMessage=openai_compatible HTTP 404: model 'qwen2.5:0.5b' not found"}
{"timestamp":"2026-10-02T17:28:47.711Z","level":"error","message":"[memory.import_summary] Job failed, jobId=job_60dc8bf5267fa04a4559, attempt=1, maxAttempts=3, terminal=true, targetMemoryId=trace_3238ec82069482e84793, errorMessage=openai_compatible HTTP 404: model 'qwen2.5:0.5b' not found"}
{"timestamp":"2026-10-02T17:28:47.711Z","level":"error","message":"[capture.summarize] Model HTTP request failed after the final attempt, provider=openai_compatible, model=qwen2.5:0.5b, attempt=1, maxAttempts=3, errorMessage=openai_compatible HTTP 404: model 'qwen2.5:0.5b' not found"}
{"timestamp":"2026-10-02T17:28:47.711Z","level":"error","message":"[capture.summarize] Model request failed, provider=openai_compatible, model=qwen2.5:0.5b, maxTokens=512, durationMs=8, errorMessage=openai_compatible HTTP 404: model 'qwen2.5:0.5b' not found"}
{"timestamp":"2026-10-02T17:28:47.711Z","level":"error","message":"[capture.summarize] Both summary and evolution models failed, sourceMemoryId=trace_6ec4783b85ace621d184, primaryModel=qwen2.5:0.5b, fallbackModel=qwen2.5:0.5b, primaryErrorMessage=openai_compatible HTTP 404: model 'qwen2.5:0.5b' not found, fallbackErrorMessage=openai_compatible HTTP 404: model 'qwen2.5:0.5b' not found"}
{"timestamp":"2026-10-02T17:28:47.712Z","level":"error","message":"[memory.import_summary] Job failed, jobId=job_35644868588fced108f6, attempt=1, maxAttempts=3, terminal=true, targetMemoryId=trace_6ec4783b85ace621d184, errorMessage=openai_compatible HTTP 404: model 'qwen2.5:0.5b' not found"}
{"timestamp":"2026-10-02T17:28:47.712Z","level":"info","message":"[worker] Worker drain completed, leased=3, succeeded=0, failed=3, embeddingRetriesLeased=0, embeddingRetriesSucceeded=0, embeddingRetriesFailed=0"}
{"timestamp":"2026-10-02T17:28:47.729Z","level":"info","message":"[episode.title] Job started, jobId=job_6b65444257b610feb5a7, attempt=1, maxAttempts=3, sessionId=session_da73adc2fcd6783996e2, episodeId=episode_31d3b9072ad8fc06e0f1"}
{"timestamp":"2026-10-02T17:28:47.737Z","level":"error","message":"[episode_title.provisional] Model HTTP request failed after the final attempt, provider=openai_compatible, model=qwen2.5:0.5b, attempt=1, maxAttempts=4, errorMessage=openai_compatible HTTP 404: model 'qwen2.5:0.5b' not found"}
{"timestamp":"2026-10-02T17:28:47.737Z","level":"error","message":"[episode_title.provisional] Model request failed, provider=openai_compatible, model=qwen2.5:0.5b, maxTokens=4096, durationMs=6, errorMessage=openai_compatible HTTP 404: model 'qwen2.5:0.5b' not found"}
{"timestamp":"2026-10-02T17:28:47.737Z","level":"error","message":"[episode.title] Job failed, jobId=job_6b65444257b610feb5a7, attempt=1, maxAttempts=3, terminal=false, errorMessage=openai_compatible HTTP 404: model 'qwen2.5:0.5b' not found"}
{"timestamp":"2026-10-02T17:28:47.737Z","level":"info","message":"[episode.title] Job started, jobId=job_15c7c1e92861b91bf3c7, attempt=1, maxAttempts=3, sessionId=session_3dfb88b2f276450e4fa4, episodeId=episode_9aa2d5b6f3d575b10955"}
{"timestamp":"2026-10-02T17:28:47.745Z","level":"error","message":"[episode_title.provisional] Model HTTP request failed after the final attempt, provider=openai_compatible, model=qwen2.5:0.5b, attempt=1, maxAttempts=4, errorMessage=openai_compatible HTTP 404: model 'qwen2.5:0.5b' not found"}
{"timestamp":"2026-10-02T17:28:47.745Z","level":"error","message":"[episode_title.provisional] Model request failed, provider=openai_compatible, model=qwen2.5:0.5b, maxTokens=4096, durationMs=7, errorMessage=openai_compatible HTTP 404: model 'qwen2.5:0.5b' not found"}
{"timestamp":"2026-10-02T17:28:47.745Z","level":"error","message":"[episode.title] Job failed, jobId=job_15c7c1e92861b91bf3c7, attempt=1, maxAttempts=3, terminal=false, errorMessage=openai_compatible HTTP 404: model 'qwen2.5:0.5b' not found"}
{"timestamp":"2026-10-02T17:28:47.745Z","level":"info","message":"[episode.title] Job started, jobId=job_d49fe595827a5781fed8, attempt=1, maxAttempts=3, sessionId=session_3dfb88b2f276450e4fa4, episodeId=episode_9aa2d5b6f3d575b10955"}
{"timestamp":"2026-10-02T17:28:47.752Z","level":"error","message":"[episode_title.final] Model HTTP request failed after the final attempt, provider=openai_compatible, model=qwen2.5:0.5b, attempt=1, maxAttempts=4, errorMessage=openai_compatible HTTP 404: model 'qwen2.5:0.5b' not found"}
{"timestamp":"2026-10-02T17:28:47.752Z","level":"error","message":"[episode_title.final] Model request failed, provider=openai_compatible, model=qwen2.5:0.5b, maxTokens=4096, durationMs=6, errorMessage=openai_compatible HTTP 404: model 'qwen2.5:0.5b' not found"}
{"timestamp":"2026-10-02T17:28:47.753Z","level":"error","message":"[episode.title] Job failed, jobId=job_d49fe595827a5781fed8, attempt=1, maxAttempts=3, terminal=false, errorMessage=openai_compatible HTTP 404: model 'qwen2.5:0.5b' not found"}
{"timestamp":"2026-10-02T17:28:47.753Z","level":"info","message":"[episode.title] Job started, jobId=job_651d8b282e066edd8c7e, attempt=1, maxAttempts=3, sessionId=session_3dfb88b2f276450e4fa4, episodeId=episode_81b57351f88e13273688"}
{"timestamp":"2026-10-02T17:28:47.760Z","level":"error","message":"[episode_title.provisional] Model HTTP request failed after the final attempt, provider=openai_compatible, model=qwen2.5:0.5b, attempt=1, maxAttempts=4, errorMessage=openai_compatible HTTP 404: model 'qwen2.5:0.5b' not found"}
{"timestamp":"2026-10-02T17:28:47.760Z","level":"error","message":"[episode_title.provisional] Model request failed, provider=openai_compatible, model=qwen2.5:0.5b, maxTokens=4096, durationMs=6, errorMessage=openai_compatible HTTP 404: model 'qwen2.5:0.5b' not found"}
{"timestamp":"2026-10-02T17:28:47.761Z","level":"error","message":"[episode.title] Job failed, jobId=job_651d8b282e066edd8c7e, attempt=1, maxAttempts=3, terminal=false, errorMessage=openai_compatible HTTP 404: model 'qwen2.5:0.5b' not found"}
{"timestamp":"2026-10-02T17:28:47.761Z","level":"info","message":"[worker] Worker drain completed, leased=4, succeeded=0, failed=4, embeddingRetriesLeased=0, embeddingRetriesSucceeded=0, embeddingRetriesFailed=0"}
{"timestamp":"2026-10-02T17:28:47.776Z","level":"info","message":"[episode.title] Job started, jobId=job_6b65444257b610feb5a7, attempt=2, maxAttempts=3, sessionId=session_da73adc2fcd6783996e2, episodeId=episode_31d3b9072ad8fc06e0f1"}
{"timestamp":"2026-10-02T17:28:47.783Z","level":"error","message":"[episode_title.provisional] Model HTTP request failed after the final attempt, provider=openai_compatible, model=qwen2.5:0.5b, attempt=1, maxAttempts=4, errorMessage=openai_compatible HTTP 404: model 'qwen2.5:0.5b' not found"}
{"timestamp":"2026-10-02T17:28:47.783Z","level":"error","message":"[episode_title.provisional] Model request failed, provider=openai_compatible, model=qwen2.5:0.5b, maxTokens=4096, durationMs=6, errorMessage=openai_compatible HTTP 404: model 'qwen2.5:0.5b' not found"}
{"timestamp":"2026-10-02T17:28:47.784Z","level":"error","message":"[episode.title] Job failed, jobId=job_6b65444257b610feb5a7, attempt=2, maxAttempts=3, terminal=false, errorMessage=openai_compatible HTTP 404: model 'qwen2.5:0.5b' not found"}
{"timestamp":"2026-10-02T17:28:47.784Z","level":"info","message":"[episode.title] Job started, jobId=job_15c7c1e92861b91bf3c7, attempt=2, maxAttempts=3, sessionId=session_3dfb88b2f276450e4fa4, episodeId=episode_9aa2d5b6f3d575b10955"}
{"timestamp":"2026-10-02T17:28:47.791Z","level":"error","message":"[episode_title.provisional] Model HTTP request failed after the final attempt, provider=openai_compatible, model=qwen2.5:0.5b, attempt=1, maxAttempts=4, errorMessage=openai_compatible HTTP 404: model 'qwen2.5:0.5b' not found"}
{"timestamp":"2026-10-02T17:28:47.791Z","level":"error","message":"[episode_title.provisional] Model request failed, provider=openai_compatible, model=qwen2.5:0.5b, maxTokens=4096, durationMs=6, errorMessage=openai_compatible HTTP 404: model 'qwen2.5:0.5b' not found"}
{"timestamp":"2026-10-02T17:28:47.791Z","level":"error","message":"[episode.title] Job failed, jobId=job_15c7c1e92861b91bf3c7, attempt=2, maxAttempts=3, terminal=false, errorMessage=openai_compatible HTTP 404: model 'qwen2.5:0.5b' not found"}
{"timestamp":"2026-10-02T17:28:47.792Z","level":"info","message":"[episode.title] Job started, jobId=job_d49fe595827a5781fed8, attempt=2, maxAttempts=3, sessionId=session_3dfb88b2f276450e4fa4, episodeId=episode_9aa2d5b6f3d575b10955"}
{"timestamp":"2026-10-02T17:28:47.799Z","level":"error","message":"[episode_title.final] Model HTTP request failed after the final attempt, provider=openai_compatible, model=qwen2.5:0.5b, attempt=1, maxAttempts=4, errorMessage=openai_compatible HTTP 404: model 'qwen2.5:0.5b' not found"}
{"timestamp":"2026-10-02T17:28:47.799Z","level":"error","message":"[episode_title.final] Model request failed, provider=openai_compatible, model=qwen2.5:0.5b, maxTokens=4096, durationMs=6, errorMessage=openai_compatible HTTP 404: model 'qwen2.5:0.5b' not found"}
{"timestamp":"2026-10-02T17:28:47.799Z","level":"error","message":"[episode.title] Job failed, jobId=job_d49fe595827a5781fed8, attempt=2, maxAttempts=3, terminal=false, errorMessage=openai_compatible HTTP 404: model 'qwen2.5:0.5b' not found"}
{"timestamp":"2026-10-02T17:28:47.800Z","level":"info","message":"[episode.title] Job started, jobId=job_651d8b282e066edd8c7e, attempt=2, maxAttempts=3, sessionId=session_3dfb88b2f276450e4fa4, episodeId=episode_81b57351f88e13273688"}
{"timestamp":"2026-10-02T17:28:47.807Z","level":"error","message":"[episode_title.provisional] Model HTTP request failed after the final attempt, provider=openai_compatible, model=qwen2.5:0.5b, attempt=1, maxAttempts=4, errorMessage=openai_compatible HTTP 404: model 'qwen2.5:0.5b' not found"}
{"timestamp":"2026-10-02T17:28:47.807Z","level":"error","message":"[episode_title.provisional] Model request failed, provider=openai_compatible, model=qwen2.5:0.5b, maxTokens=4096, durationMs=6, errorMessage=openai_compatible HTTP 404: model 'qwen2.5:0.5b' not found"}
{"timestamp":"2026-10-02T17:28:47.807Z","level":"error","message":"[episode.title] Job failed, jobId=job_651d8b282e066edd8c7e, attempt=2, maxAttempts=3, terminal=false, errorMessage=openai_compatible HTTP 404: model 'qwen2.5:0.5b' not found"}
{"timestamp":"2026-10-02T17:28:47.807Z","level":"info","message":"[worker] Worker drain completed, leased=4, succeeded=0, failed=4, embeddingRetriesLeased=0, embeddingRetriesSucceeded=0, embeddingRetriesFailed=0"}
{"timestamp":"2026-10-02T17:28:47.829Z","level":"info","message":"[episode.title] Job started, jobId=job_6b65444257b610feb5a7, attempt=3, maxAttempts=3, sessionId=session_da73adc2fcd6783996e2, episodeId=episode_31d3b9072ad8fc06e0f1"}
{"timestamp":"2026-10-02T17:28:47.837Z","level":"error","message":"[episode_title.provisional] Model HTTP request failed after the final attempt, provider=openai_compatible, model=qwen2.5:0.5b, attempt=1, maxAttempts=4, errorMessage=openai_compatible HTTP 404: model 'qwen2.5:0.5b' not found"}
{"timestamp":"2026-10-02T17:28:47.837Z","level":"error","message":"[episode_title.provisional] Model request failed, provider=openai_compatible, model=qwen2.5:0.5b, maxTokens=4096, durationMs=7, errorMessage=openai_compatible HTTP 404: model 'qwen2.5:0.5b' not found"}
{"timestamp":"2026-10-02T17:28:47.838Z","level":"error","message":"[episode.title] Job failed, jobId=job_6b65444257b610feb5a7, attempt=3, maxAttempts=3, terminal=true, errorMessage=openai_compatible HTTP 404: model 'qwen2.5:0.5b' not found"}
{"timestamp":"2026-10-02T17:28:47.838Z","level":"info","message":"[episode.title] Job started, jobId=job_15c7c1e92861b91bf3c7, attempt=3, maxAttempts=3, sessionId=session_3dfb88b2f276450e4fa4, episodeId=episode_9aa2d5b6f3d575b10955"}
{"timestamp":"2026-10-02T17:28:47.847Z","level":"error","message":"[episode_title.provisional] Model HTTP request failed after the final attempt, provider=openai_compatible, model=qwen2.5:0.5b, attempt=1, maxAttempts=4, errorMessage=openai_compatible HTTP 404: model 'qwen2.5:0.5b' not found"}
{"timestamp":"2026-10-02T17:28:47.847Z","level":"error","message":"[episode_title.provisional] Model request failed, provider=openai_compatible, model=qwen2.5:0.5b, maxTokens=4096, durationMs=8, errorMessage=openai_compatible HTTP 404: model 'qwen2.5:0.5b' not found"}
{"timestamp":"2026-10-02T17:28:47.847Z","level":"error","message":"[episode.title] Job failed, jobId=job_15c7c1e92861b91bf3c7, attempt=3, maxAttempts=3, terminal=true, errorMessage=openai_compatible HTTP 404: model 'qwen2.5:0.5b' not found"}
{"timestamp":"2026-10-02T17:28:47.847Z","level":"info","message":"[episode.title] Job started, jobId=job_d49fe595827a5781fed8, attempt=3, maxAttempts=3, sessionId=session_3dfb88b2f276450e4fa4, episodeId=episode_9aa2d5b6f3d575b10955"}
{"timestamp":"2026-10-02T17:28:47.856Z","level":"error","message":"[episode_title.final] Model HTTP request failed after the final attempt, provider=openai_compatible, model=qwen2.5:0.5b, attempt=1, maxAttempts=4, errorMessage=openai_compatible HTTP 404: model 'qwen2.5:0.5b' not found"}
{"timestamp":"2026-10-02T17:28:47.856Z","level":"error","message":"[episode_title.final] Model request failed, provider=openai_compatible, model=qwen2.5:0.5b, maxTokens=4096, durationMs=7, errorMessage=openai_compatible HTTP 404: model 'qwen2.5:0.5b' not found"}
{"timestamp":"2026-10-02T17:28:47.857Z","level":"error","message":"[episode.title] Job failed, jobId=job_d49fe595827a5781fed8, attempt=3, maxAttempts=3, terminal=true, errorMessage=openai_compatible HTTP 404: model 'qwen2.5:0.5b' not found"}
{"timestamp":"2026-10-02T17:28:47.857Z","level":"info","message":"[episode.title] Job started, jobId=job_651d8b282e066edd8c7e, attempt=3, maxAttempts=3, sessionId=session_3dfb88b2f276450e4fa4, episodeId=episode_81b57351f88e13273688"}
{"timestamp":"2026-10-02T17:28:47.866Z","level":"error","message":"[episode_title.provisional] Model HTTP request failed after the final attempt, provider=openai_compatible, model=qwen2.5:0.5b, attempt=1, maxAttempts=4, errorMessage=openai_compatible HTTP 404: model 'qwen2.5:0.5b' not found"}
{"timestamp":"2026-10-02T17:28:47.866Z","level":"error","message":"[episode_title.provisional] Model request failed, provider=openai_compatible, model=qwen2.5:0.5b, maxTokens=4096, durationMs=8, errorMessage=openai_compatible HTTP 404: model 'qwen2.5:0.5b' not found"}
{"timestamp":"2026-10-02T17:28:47.866Z","level":"error","message":"[episode.title] Job failed, jobId=job_651d8b282e066edd8c7e, attempt=3, maxAttempts=3, terminal=true, errorMessage=openai_compatible HTTP 404: model 'qwen2.5:0.5b' not found"}
{"timestamp":"2026-10-02T17:28:47.866Z","level":"info","message":"[worker] Worker drain completed, leased=4, succeeded=0, failed=4, embeddingRetriesLeased=0, embeddingRetriesSucceeded=0, embeddingRetriesFailed=0"}
{"timestamp":"2026-10-02T17:28:47.884Z","level":"info","message":"[episode.title] Job started, jobId=job_71843a56576e3aeac467, attempt=1, maxAttempts=3, sessionId=session_3dfb88b2f276450e4fa4, episodeId=episode_81b57351f88e13273688"}
{"timestamp":"2026-10-02T17:28:47.892Z","level":"error","message":"[episode_title.final] Model HTTP request failed after the final attempt, provider=openai_compatible, model=qwen2.5:0.5b, attempt=1, maxAttempts=4, errorMessage=openai_compatible HTTP 404: model 'qwen2.5:0.5b' not found"}
{"timestamp":"2026-10-02T17:28:47.892Z","level":"error","message":"[episode_title.final] Model request failed, provider=openai_compatible, model=qwen2.5:0.5b, maxTokens=4096, durationMs=7, errorMessage=openai_compatible HTTP 404: model 'qwen2.5:0.5b' not found"}
{"timestamp":"2026-10-02T17:28:47.893Z","level":"error","message":"[episode.title] Job failed, jobId=job_71843a56576e3aeac467, attempt=1, maxAttempts=3, terminal=false, errorMessage=openai_compatible HTTP 404: model 'qwen2.5:0.5b' not found"}
{"timestamp":"2026-10-02T17:28:47.893Z","level":"info","message":"[episode.title] Job started, jobId=job_d12403af6ba51b66114b, attempt=1, maxAttempts=3, sessionId=session_3dfb88b2f276450e4fa4, episodeId=episode_bb686d09d21dc0975cfc"}
{"timestamp":"2026-10-02T17:28:47.901Z","level":"error","message":"[episode_title.provisional] Model HTTP request failed after the final attempt, provider=openai_compatible, model=qwen2.5:0.5b, attempt=1, maxAttempts=4, errorMessage=openai_compatible HTTP 404: model 'qwen2.5:0.5b' not found"}
{"timestamp":"2026-10-02T17:28:47.901Z","level":"error","message":"[episode_title.provisional] Model request failed, provider=openai_compatible, model=qwen2.5:0.5b, maxTokens=4096, durationMs=7, errorMessage=openai_compatible HTTP 404: model 'qwen2.5:0.5b' not found"}
{"timestamp":"2026-10-02T17:28:47.902Z","level":"error","message":"[episode.title] Job failed, jobId=job_d12403af6ba51b66114b, attempt=1, maxAttempts=3, terminal=false, errorMessage=openai_compatible HTTP 404: model 'qwen2.5:0.5b' not found"}
{"timestamp":"2026-10-02T17:28:47.902Z","level":"info","message":"[episode.title] Job started, jobId=job_59cda05c02a60bb672d6, attempt=1, maxAttempts=3, sessionId=session_21687f038bb3e22a4d48, episodeId=episode_4e841e6b6861dcc6c131"}
{"timestamp":"2026-10-02T17:28:47.910Z","level":"error","message":"[episode_title.provisional] Model HTTP request failed after the final attempt, provider=openai_compatible, model=qwen2.5:0.5b, attempt=1, maxAttempts=4, errorMessage=openai_compatible HTTP 404: model 'qwen2.5:0.5b' not found"}
{"timestamp":"2026-10-02T17:28:47.910Z","level":"error","message":"[episode_title.provisional] Model request failed, provider=openai_compatible, model=qwen2.5:0.5b, maxTokens=4096, durationMs=7, errorMessage=openai_compatible HTTP 404: model 'qwen2.5:0.5b' not found"}
{"timestamp":"2026-10-02T17:28:47.911Z","level":"error","message":"[episode.title] Job failed, jobId=job_59cda05c02a60bb672d6, attempt=1, maxAttempts=3, terminal=false, errorMessage=openai_compatible HTTP 404: model 'qwen2.5:0.5b' not found"}
{"timestamp":"2026-10-02T17:28:47.911Z","level":"info","message":"[episode.title] Job started, jobId=job_0371ca7e2753f1026a24, attempt=1, maxAttempts=3, sessionId=session_40d1451b3f36d6457e00, episodeId=episode_57ea250e02f7531b835c"}
{"timestamp":"2026-10-02T17:28:47.917Z","level":"error","message":"[episode_title.provisional] Model HTTP request failed after the final attempt, provider=openai_compatible, model=qwen2.5:0.5b, attempt=1, maxAttempts=4, errorMessage=openai_compatible HTTP 404: model 'qwen2.5:0.5b' not found"}
{"timestamp":"2026-10-02T17:28:47.918Z","level":"error","message":"[episode_title.provisional] Model request failed, provider=openai_compatible, model=qwen2.5:0.5b, maxTokens=4096, durationMs=6, errorMessage=openai_compatible HTTP 404: model 'qwen2.5:0.5b' not found"}
{"timestamp":"2026-10-02T17:28:47.918Z","level":"error","message":"[episode.title] Job failed, jobId=job_0371ca7e2753f1026a24, attempt=1, maxAttempts=3, terminal=false, errorMessage=openai_compatible HTTP 404: model 'qwen2.5:0.5b' not found"}
{"timestamp":"2026-10-02T17:28:47.918Z","level":"info","message":"[worker] Worker drain completed, leased=4, succeeded=0, failed=4, embeddingRetriesLeased=0, embeddingRetriesSucceeded=0, embeddingRetriesFailed=0"}
{"timestamp":"2026-10-02T17:28:47.931Z","level":"info","message":"[episode.title] Job started, jobId=job_71843a56576e3aeac467, attempt=2, maxAttempts=3, sessionId=session_3dfb88b2f276450e4fa4, episodeId=episode_81b57351f88e13273688"}
{"timestamp":"2026-10-02T17:28:47.940Z","level":"error","message":"[episode_title.final] Model HTTP request failed after the final attempt, provider=openai_compatible, model=qwen2.5:0.5b, attempt=1, maxAttempts=4, errorMessage=openai_compatible HTTP 404: model 'qwen2.5:0.5b' not found"}
{"timestamp":"2026-10-02T17:28:47.940Z","level":"error","message":"[episode_title.final] Model request failed, provider=openai_compatible, model=qwen2.5:0.5b, maxTokens=4096, durationMs=8, errorMessage=openai_compatible HTTP 404: model 'qwen2.5:0.5b' not found"}
{"timestamp":"2026-10-02T17:28:47.941Z","level":"error","message":"[episode.title] Job failed, jobId=job_71843a56576e3aeac467, attempt=2, maxAttempts=3, terminal=false, errorMessage=openai_compatible HTTP 404: model 'qwen2.5:0.5b' not found"}
{"timestamp":"2026-10-02T17:28:47.941Z","level":"info","message":"[episode.title] Job started, jobId=job_d12403af6ba51b66114b, attempt=2, maxAttempts=3, sessionId=session_3dfb88b2f276450e4fa4, episodeId=episode_bb686d09d21dc0975cfc"}
{"timestamp":"2026-10-02T17:28:47.951Z","level":"error","message":"[episode_title.provisional] Model HTTP request failed after the final attempt, provider=openai_compatible, model=qwen2.5:0.5b, attempt=1, maxAttempts=4, errorMessage=openai_compatible HTTP 404: model 'qwen2.5:0.5b' not found"}
{"timestamp":"2026-10-02T17:28:47.951Z","level":"error","message":"[episode_title.provisional] Model request failed, provider=openai_compatible, model=qwen2.5:0.5b, maxTokens=4096, durationMs=9, errorMessage=openai_compatible HTTP 404: model 'qwen2.5:0.5b' not found"}
{"timestamp":"2026-10-02T17:28:47.951Z","level":"error","message":"[episode.title] Job failed, jobId=job_d12403af6ba51b66114b, attempt=2, maxAttempts=3, terminal=false, errorMessage=openai_compatible HTTP 404: model 'qwen2.5:0.5b' not found"}
{"timestamp":"2026-10-02T17:28:47.951Z","level":"info","message":"[episode.title] Job started, jobId=job_59cda05c02a60bb672d6, attempt=2, maxAttempts=3, sessionId=session_21687f038bb3e22a4d48, episodeId=episode_4e841e6b6861dcc6c131"}
{"timestamp":"2026-10-02T17:28:47.960Z","level":"error","message":"[episode_title.provisional] Model HTTP request failed after the final attempt, provider=openai_compatible, model=qwen2.5:0.5b, attempt=1, maxAttempts=4, errorMessage=openai_compatible HTTP 404: model 'qwen2.5:0.5b' not found"}
{"timestamp":"2026-10-02T17:28:47.960Z","level":"error","message":"[episode_title.provisional] Model request failed, provider=openai_compatible, model=qwen2.5:0.5b, maxTokens=4096, durationMs=7, errorMessage=openai_compatible HTTP 404: model 'qwen2.5:0.5b' not found"}
{"timestamp":"2026-10-02T17:28:47.960Z","level":"error","message":"[episode.title] Job failed, jobId=job_59cda05c02a60bb672d6, attempt=2, maxAttempts=3, terminal=false, errorMessage=openai_compatible HTTP 404: model 'qwen2.5:0.5b' not found"}
{"timestamp":"2026-10-02T17:28:47.961Z","level":"info","message":"[episode.title] Job started, jobId=job_0371ca7e2753f1026a24, attempt=2, maxAttempts=3, sessionId=session_40d1451b3f36d6457e00, episodeId=episode_57ea250e02f7531b835c"}
{"timestamp":"2026-10-02T17:28:47.967Z","level":"error","message":"[episode_title.provisional] Model HTTP request failed after the final attempt, provider=openai_compatible, model=qwen2.5:0.5b, attempt=1, maxAttempts=4, errorMessage=openai_compatible HTTP 404: model 'qwen2.5:0.5b' not found"}
{"timestamp":"2026-10-02T17:28:47.967Z","level":"error","message":"[episode_title.provisional] Model request failed, provider=openai_compatible, model=qwen2.5:0.5b, maxTokens=4096, durationMs=5, errorMessage=openai_compatible HTTP 404: model 'qwen2.5:0.5b' not found"}
{"timestamp":"2026-10-02T17:28:47.968Z","level":"error","message":"[episode.title] Job failed, jobId=job_0371ca7e2753f1026a24, attempt=2, maxAttempts=3, terminal=false, errorMessage=openai_compatible HTTP 404: model 'qwen2.5:0.5b' not found"}
{"timestamp":"2026-10-02T17:28:47.968Z","level":"info","message":"[worker] Worker drain completed, leased=4, succeeded=0, failed=4, embeddingRetriesLeased=0, embeddingRetriesSucceeded=0, embeddingRetriesFailed=0"}
{"timestamp":"2026-10-02T17:28:47.977Z","level":"info","message":"[episode.title] Job started, jobId=job_71843a56576e3aeac467, attempt=3, maxAttempts=3, sessionId=session_3dfb88b2f276450e4fa4, episodeId=episode_81b57351f88e13273688"}
{"timestamp":"2026-10-02T17:28:47.986Z","level":"error","message":"[episode_title.final] Model HTTP request failed after the final attempt, provider=openai_compatible, model=qwen2.5:0.5b, attempt=1, maxAttempts=4, errorMessage=openai_compatible HTTP 404: model 'qwen2.5:0.5b' not found"}
{"timestamp":"2026-10-02T17:28:47.986Z","level":"error","message":"[episode_title.final] Model request failed, provider=openai_compatible, model=qwen2.5:0.5b, maxTokens=4096, durationMs=8, errorMessage=openai_compatible HTTP 404: model 'qwen2.5:0.5b' not found"}
{"timestamp":"2026-10-02T17:28:47.987Z","level":"error","message":"[episode.title] Job failed, jobId=job_71843a56576e3aeac467, attempt=3, maxAttempts=3, terminal=true, errorMessage=openai_compatible HTTP 404: model 'qwen2.5:0.5b' not found"}
{"timestamp":"2026-10-02T17:28:47.987Z","level":"info","message":"[episode.title] Job started, jobId=job_d12403af6ba51b66114b, attempt=3, maxAttempts=3, sessionId=session_3dfb88b2f276450e4fa4, episodeId=episode_bb686d09d21dc0975cfc"}
{"timestamp":"2026-10-02T17:28:47.996Z","level":"error","message":"[episode_title.provisional] Model HTTP request failed after the final attempt, provider=openai_compatible, model=qwen2.5:0.5b, attempt=1, maxAttempts=4, errorMessage=openai_compatible HTTP 404: model 'qwen2.5:0.5b' not found"}
{"timestamp":"2026-10-02T17:28:47.996Z","level":"error","message":"[episode_title.provisional] Model request failed, provider=openai_compatible, model=qwen2.5:0.5b, maxTokens=4096, durationMs=8, errorMessage=openai_compatible HTTP 404: model 'qwen2.5:0.5b' not found"}
{"timestamp":"2026-10-02T17:28:47.997Z","level":"error","message":"[episode.title] Job failed, jobId=job_d12403af6ba51b66114b, attempt=3, maxAttempts=3, terminal=true, errorMessage=openai_compatible HTTP 404: model 'qwen2.5:0.5b' not found"}
{"timestamp":"2026-10-02T17:28:47.997Z","level":"info","message":"[episode.title] Job started, jobId=job_59cda05c02a60bb672d6, attempt=3, maxAttempts=3, sessionId=session_21687f038bb3e22a4d48, episodeId=episode_4e841e6b6861dcc6c131"}
{"timestamp":"2026-10-02T17:28:48.006Z","level":"error","message":"[episode_title.provisional] Model HTTP request failed after the final attempt, provider=openai_compatible, model=qwen2.5:0.5b, attempt=1, maxAttempts=4, errorMessage=openai_compatible HTTP 404: model 'qwen2.5:0.5b' not found"}
{"timestamp":"2026-10-02T17:28:48.006Z","level":"error","message":"[episode_title.provisional] Model request failed, provider=openai_compatible, model=qwen2.5:0.5b, maxTokens=4096, durationMs=8, errorMessage=openai_compatible HTTP 404: model 'qwen2.5:0.5b' not found"}
{"timestamp":"2026-10-02T17:28:48.007Z","level":"error","message":"[episode.title] Job failed, jobId=job_59cda05c02a60bb672d6, attempt=3, maxAttempts=3, terminal=true, errorMessage=openai_compatible HTTP 404: model 'qwen2.5:0.5b' not found"}
{"timestamp":"2026-10-02T17:28:48.007Z","level":"info","message":"[episode.title] Job started, jobId=job_0371ca7e2753f1026a24, attempt=3, maxAttempts=3, sessionId=session_40d1451b3f36d6457e00, episodeId=episode_57ea250e02f7531b835c"}
{"timestamp":"2026-10-02T17:28:48.014Z","level":"error","message":"[episode_title.provisional] Model HTTP request failed after the final attempt, provider=openai_compatible, model=qwen2.5:0.5b, attempt=1, maxAttempts=4, errorMessage=openai_compatible HTTP 404: model 'qwen2.5:0.5b' not found"}
{"timestamp":"2026-10-02T17:28:48.014Z","level":"error","message":"[episode_title.provisional] Model request failed, provider=openai_compatible, model=qwen2.5:0.5b, maxTokens=4096, durationMs=6, errorMessage=openai_compatible HTTP 404: model 'qwen2.5:0.5b' not found"}
{"timestamp":"2026-10-02T17:28:48.014Z","level":"error","message":"[episode.title] Job failed, jobId=job_0371ca7e2753f1026a24, attempt=3, maxAttempts=3, terminal=true, errorMessage=openai_compatible HTTP 404: model 'qwen2.5:0.5b' not found"}
{"timestamp":"2026-10-02T17:28:48.014Z","level":"info","message":"[worker] Worker drain completed, leased=4, succeeded=0, failed=4, embeddingRetriesLeased=0, embeddingRetriesSucceeded=0, embeddingRetriesFailed=0"}
{"timestamp":"2026-10-02T17:28:48.023Z","level":"info","message":"[episode.title] Job started, jobId=job_a64f1b85ae2af26a4848, attempt=1, maxAttempts=3, sessionId=session_bf15b68f2cb3158050fa, episodeId=episode_3067c2270fbfa95f2b98"}
{"timestamp":"2026-10-02T17:28:48.033Z","level":"error","message":"[episode_title.provisional] Model HTTP request failed after the final attempt, provider=openai_compatible, model=qwen2.5:0.5b, attempt=1, maxAttempts=4, errorMessage=openai_compatible HTTP 404: model 'qwen2.5:0.5b' not found"}
{"timestamp":"2026-10-02T17:28:48.034Z","level":"error","message":"[episode_title.provisional] Model request failed, provider=openai_compatible, model=qwen2.5:0.5b, maxTokens=4096, durationMs=8, errorMessage=openai_compatible HTTP 404: model 'qwen2.5:0.5b' not found"}
{"timestamp":"2026-10-02T17:28:48.034Z","level":"error","message":"[episode.title] Job failed, jobId=job_a64f1b85ae2af26a4848, attempt=1, maxAttempts=3, terminal=false, errorMessage=openai_compatible HTTP 404: model 'qwen2.5:0.5b' not found"}
{"timestamp":"2026-10-02T17:28:48.034Z","level":"info","message":"[episode.title] Job started, jobId=job_2dc91425384ff03215ba, attempt=1, maxAttempts=3, sessionId=session_bf15b68f2cb3158050fa, episodeId=episode_3067c2270fbfa95f2b98"}
{"timestamp":"2026-10-02T17:28:48.043Z","level":"error","message":"[episode_title.final] Model HTTP request failed after the final attempt, provider=openai_compatible, model=qwen2.5:0.5b, attempt=1, maxAttempts=4, errorMessage=openai_compatible HTTP 404: model 'qwen2.5:0.5b' not found"}
{"timestamp":"2026-10-02T17:28:48.043Z","level":"error","message":"[episode_title.final] Model request failed, provider=openai_compatible, model=qwen2.5:0.5b, maxTokens=4096, durationMs=6, errorMessage=openai_compatible HTTP 404: model 'qwen2.5:0.5b' not found"}
{"timestamp":"2026-10-02T17:28:48.044Z","level":"error","message":"[episode.title] Job failed, jobId=job_2dc91425384ff03215ba, attempt=1, maxAttempts=3, terminal=false, errorMessage=openai_compatible HTTP 404: model 'qwen2.5:0.5b' not found"}
{"timestamp":"2026-10-02T17:28:48.044Z","level":"info","message":"[episode.title] Job started, jobId=job_8678d95a3d1f1452c8f3, attempt=1, maxAttempts=3, sessionId=session_bf15b68f2cb3158050fa, episodeId=episode_f6f4552c254047a702d5"}
{"timestamp":"2026-10-02T17:28:48.053Z","level":"error","message":"[episode_title.provisional] Model HTTP request failed after the final attempt, provider=openai_compatible, model=qwen2.5:0.5b, attempt=1, maxAttempts=4, errorMessage=openai_compatible HTTP 404: model 'qwen2.5:0.5b' not found"}
{"timestamp":"2026-10-02T17:28:48.053Z","level":"error","message":"[episode_title.provisional] Model request failed, provider=openai_compatible, model=qwen2.5:0.5b, maxTokens=4096, durationMs=7, errorMessage=openai_compatible HTTP 404: model 'qwen2.5:0.5b' not found"}
{"timestamp":"2026-10-02T17:28:48.054Z","level":"error","message":"[episode.title] Job failed, jobId=job_8678d95a3d1f1452c8f3, attempt=1, maxAttempts=3, terminal=false, errorMessage=openai_compatible HTTP 404: model 'qwen2.5:0.5b' not found"}
{"timestamp":"2026-10-02T17:28:48.054Z","level":"info","message":"[episode.title] Job started, jobId=job_00bd95cbee84bf749b9e, attempt=1, maxAttempts=3, sessionId=session_24b5d0cfb4f864eb0f8a, episodeId=episode_539afdf598f2f6c61298"}
{"timestamp":"2026-10-02T17:28:48.063Z","level":"error","message":"[episode_title.provisional] Model HTTP request failed after the final attempt, provider=openai_compatible, model=qwen2.5:0.5b, attempt=1, maxAttempts=4, errorMessage=openai_compatible HTTP 404: model 'qwen2.5:0.5b' not found"}
{"timestamp":"2026-10-02T17:28:48.063Z","level":"error","message":"[episode_title.provisional] Model request failed, provider=openai_compatible, model=qwen2.5:0.5b, maxTokens=4096, durationMs=7, errorMessage=openai_compatible HTTP 404: model 'qwen2.5:0.5b' not found"}
{"timestamp":"2026-10-02T17:28:48.064Z","level":"error","message":"[episode.title] Job failed, jobId=job_00bd95cbee84bf749b9e, attempt=1, maxAttempts=3, terminal=false, errorMessage=openai_compatible HTTP 404: model 'qwen2.5:0.5b' not found"}
{"timestamp":"2026-10-02T17:28:48.064Z","level":"info","message":"[worker] Worker drain completed, leased=4, succeeded=0, failed=4, embeddingRetriesLeased=0, embeddingRetriesSucceeded=0, embeddingRetriesFailed=0"}
{"timestamp":"2026-10-02T17:28:48.070Z","level":"info","message":"[episode.title] Job started, jobId=job_a64f1b85ae2af26a4848, attempt=2, maxAttempts=3, sessionId=session_bf15b68f2cb3158050fa, episodeId=episode_3067c2270fbfa95f2b98"}
{"timestamp":"2026-10-02T17:28:48.079Z","level":"error","message":"[episode_title.provisional] Model HTTP request failed after the final attempt, provider=openai_compatible, model=qwen2.5:0.5b, attempt=1, maxAttempts=4, errorMessage=openai_compatible HTTP 404: model 'qwen2.5:0.5b' not found"}
{"timestamp":"2026-10-02T17:28:48.079Z","level":"error","message":"[episode_title.provisional] Model request failed, provider=openai_compatible, model=qwen2.5:0.5b, maxTokens=4096, durationMs=6, errorMessage=openai_compatible HTTP 404: model 'qwen2.5:0.5b' not found"}
{"timestamp":"2026-10-02T17:28:48.080Z","level":"error","message":"[episode.title] Job failed, jobId=job_a64f1b85ae2af26a4848, attempt=2, maxAttempts=3, terminal=false, errorMessage=openai_compatible HTTP 404: model 'qwen2.5:0.5b' not found"}
{"timestamp":"2026-10-02T17:28:48.080Z","level":"info","message":"[episode.title] Job started, jobId=job_2dc91425384ff03215ba, attempt=2, maxAttempts=3, sessionId=session_bf15b68f2cb3158050fa, episodeId=episode_3067c2270fbfa95f2b98"}
{"timestamp":"2026-10-02T17:28:48.090Z","level":"error","message":"[episode_title.final] Model HTTP request failed after the final attempt, provider=openai_compatible, model=qwen2.5:0.5b, attempt=1, maxAttempts=4, errorMessage=openai_compatible HTTP 404: model 'qwen2.5:0.5b' not found"}
{"timestamp":"2026-10-02T17:28:48.090Z","level":"error","message":"[episode_title.final] Model request failed, provider=openai_compatible, model=qwen2.5:0.5b, maxTokens=4096, durationMs=7, errorMessage=openai_compatible HTTP 404: model 'qwen2.5:0.5b' not found"}
{"timestamp":"2026-10-02T17:28:48.090Z","level":"error","message":"[episode.title] Job failed, jobId=job_2dc91425384ff03215ba, attempt=2, maxAttempts=3, terminal=false, errorMessage=openai_compatible HTTP 404: model 'qwen2.5:0.5b' not found"}
{"timestamp":"2026-10-02T17:28:48.090Z","level":"info","message":"[episode.title] Job started, jobId=job_8678d95a3d1f1452c8f3, attempt=2, maxAttempts=3, sessionId=session_bf15b68f2cb3158050fa, episodeId=episode_f6f4552c254047a702d5"}
{"timestamp":"2026-10-02T17:28:48.100Z","level":"error","message":"[episode_title.provisional] Model HTTP request failed after the final attempt, provider=openai_compatible, model=qwen2.5:0.5b, attempt=1, maxAttempts=4, errorMessage=openai_compatible HTTP 404: model 'qwen2.5:0.5b' not found"}
{"timestamp":"2026-10-02T17:28:48.100Z","level":"error","message":"[episode_title.provisional] Model request failed, provider=openai_compatible, model=qwen2.5:0.5b, maxTokens=4096, durationMs=7, errorMessage=openai_compatible HTTP 404: model 'qwen2.5:0.5b' not found"}
{"timestamp":"2026-10-02T17:28:48.100Z","level":"error","message":"[episode.title] Job failed, jobId=job_8678d95a3d1f1452c8f3, attempt=2, maxAttempts=3, terminal=false, errorMessage=openai_compatible HTTP 404: model 'qwen2.5:0.5b' not found"}
{"timestamp":"2026-10-02T17:28:48.100Z","level":"info","message":"[episode.title] Job started, jobId=job_00bd95cbee84bf749b9e, attempt=2, maxAttempts=3, sessionId=session_24b5d0cfb4f864eb0f8a, episodeId=episode_539afdf598f2f6c61298"}
{"timestamp":"2026-10-02T17:28:48.109Z","level":"error","message":"[episode_title.provisional] Model HTTP request failed after the final attempt, provider=openai_compatible, model=qwen2.5:0.5b, attempt=1, maxAttempts=4, errorMessage=openai_compatible HTTP 404: model 'qwen2.5:0.5b' not found"}
{"timestamp":"2026-10-02T17:28:48.109Z","level":"error","message":"[episode_title.provisional] Model request failed, provider=openai_compatible, model=qwen2.5:0.5b, maxTokens=4096, durationMs=7, errorMessage=openai_compatible HTTP 404: model 'qwen2.5:0.5b' not found"}
{"timestamp":"2026-10-02T17:28:48.109Z","level":"error","message":"[episode.title] Job failed, jobId=job_00bd95cbee84bf749b9e, attempt=2, maxAttempts=3, terminal=false, errorMessage=openai_compatible HTTP 404: model 'qwen2.5:0.5b' not found"}
{"timestamp":"2026-10-02T17:28:48.109Z","level":"info","message":"[worker] Worker drain completed, leased=4, succeeded=0, failed=4, embeddingRetriesLeased=0, embeddingRetriesSucceeded=0, embeddingRetriesFailed=0"}
{"timestamp":"2026-10-02T17:28:48.116Z","level":"info","message":"[episode.title] Job started, jobId=job_a64f1b85ae2af26a4848, attempt=3, maxAttempts=3, sessionId=session_bf15b68f2cb3158050fa, episodeId=episode_3067c2270fbfa95f2b98"}
{"timestamp":"2026-10-02T17:28:48.125Z","level":"error","message":"[episode_title.provisional] Model HTTP request failed after the final attempt, provider=openai_compatible, model=qwen2.5:0.5b, attempt=1, maxAttempts=4, errorMessage=openai_compatible HTTP 404: model 'qwen2.5:0.5b' not found"}
{"timestamp":"2026-10-02T17:28:48.125Z","level":"error","message":"[episode_title.provisional] Model request failed, provider=openai_compatible, model=qwen2.5:0.5b, maxTokens=4096, durationMs=6, errorMessage=openai_compatible HTTP 404: model 'qwen2.5:0.5b' not found"}
{"timestamp":"2026-10-02T17:28:48.125Z","level":"error","message":"[episode.title] Job failed, jobId=job_a64f1b85ae2af26a4848, attempt=3, maxAttempts=3, terminal=true, errorMessage=openai_compatible HTTP 404: model 'qwen2.5:0.5b' not found"}
{"timestamp":"2026-10-02T17:28:48.125Z","level":"info","message":"[episode.title] Job started, jobId=job_2dc91425384ff03215ba, attempt=3, maxAttempts=3, sessionId=session_bf15b68f2cb3158050fa, episodeId=episode_3067c2270fbfa95f2b98"}
{"timestamp":"2026-10-02T17:28:48.135Z","level":"error","message":"[episode_title.final] Model HTTP request failed after the final attempt, provider=openai_compatible, model=qwen2.5:0.5b, attempt=1, maxAttempts=4, errorMessage=openai_compatible HTTP 404: model 'qwen2.5:0.5b' not found"}
{"timestamp":"2026-10-02T17:28:48.135Z","level":"error","message":"[episode_title.final] Model request failed, provider=openai_compatible, model=qwen2.5:0.5b, maxTokens=4096, durationMs=7, errorMessage=openai_compatible HTTP 404: model 'qwen2.5:0.5b' not found"}
{"timestamp":"2026-10-02T17:28:48.135Z","level":"error","message":"[episode.title] Job failed, jobId=job_2dc91425384ff03215ba, attempt=3, maxAttempts=3, terminal=true, errorMessage=openai_compatible HTTP 404: model 'qwen2.5:0.5b' not found"}
{"timestamp":"2026-10-02T17:28:48.135Z","level":"info","message":"[episode.title] Job started, jobId=job_8678d95a3d1f1452c8f3, attempt=3, maxAttempts=3, sessionId=session_bf15b68f2cb3158050fa, episodeId=episode_f6f4552c254047a702d5"}
{"timestamp":"2026-10-02T17:28:48.145Z","level":"error","message":"[episode_title.provisional] Model HTTP request failed after the final attempt, provider=openai_compatible, model=qwen2.5:0.5b, attempt=1, maxAttempts=4, errorMessage=openai_compatible HTTP 404: model 'qwen2.5:0.5b' not found"}
{"timestamp":"2026-10-02T17:28:48.145Z","level":"error","message":"[episode_title.provisional] Model request failed, provider=openai_compatible, model=qwen2.5:0.5b, maxTokens=4096, durationMs=7, errorMessage=openai_compatible HTTP 404: model 'qwen2.5:0.5b' not found"}
{"timestamp":"2026-10-02T17:28:48.145Z","level":"error","message":"[episode.title] Job failed, jobId=job_8678d95a3d1f1452c8f3, attempt=3, maxAttempts=3, terminal=true, errorMessage=openai_compatible HTTP 404: model 'qwen2.5:0.5b' not found"}
{"timestamp":"2026-10-02T17:28:48.145Z","level":"info","message":"[episode.title] Job started, jobId=job_00bd95cbee84bf749b9e, attempt=3, maxAttempts=3, sessionId=session_24b5d0cfb4f864eb0f8a, episodeId=episode_539afdf598f2f6c61298"}
{"timestamp":"2026-10-02T17:28:48.155Z","level":"error","message":"[episode_title.provisional] Model HTTP request failed after the final attempt, provider=openai_compatible, model=qwen2.5:0.5b, attempt=1, maxAttempts=4, errorMessage=openai_compatible HTTP 404: model 'qwen2.5:0.5b' not found"}
{"timestamp":"2026-10-02T17:28:48.155Z","level":"error","message":"[episode_title.provisional] Model request failed, provider=openai_compatible, model=qwen2.5:0.5b, maxTokens=4096, durationMs=7, errorMessage=openai_compatible HTTP 404: model 'qwen2.5:0.5b' not found"}
{"timestamp":"2026-10-02T17:28:48.155Z","level":"error","message":"[episode.title] Job failed, jobId=job_00bd95cbee84bf749b9e, attempt=3, maxAttempts=3, terminal=true, errorMessage=openai_compatible HTTP 404: model 'qwen2.5:0.5b' not found"}
{"timestamp":"2026-10-02T17:28:48.155Z","level":"info","message":"[worker] Worker drain completed, leased=4, succeeded=0, failed=4, embeddingRetriesLeased=0, embeddingRetriesSucceeded=0, embeddingRetriesFailed=0"}
{"timestamp":"2026-10-02T17:28:48.162Z","level":"info","message":"[episode.title] Job started, jobId=job_fe629208781bc4863515, attempt=1, maxAttempts=3, sessionId=session_66e62dc17379e5c7517d, episodeId=episode_50d4c2c0f5a2b04f11a7"}
{"timestamp":"2026-10-02T17:28:48.171Z","level":"error","message":"[episode_title.provisional] Model HTTP request failed after the final attempt, provider=openai_compatible, model=qwen2.5:0.5b, attempt=1, maxAttempts=4, errorMessage=openai_compatible HTTP 404: model 'qwen2.5:0.5b' not found"}
{"timestamp":"2026-10-02T17:28:48.171Z","level":"error","message":"[episode_title.provisional] Model request failed, provider=openai_compatible, model=qwen2.5:0.5b, maxTokens=4096, durationMs=7, errorMessage=openai_compatible HTTP 404: model 'qwen2.5:0.5b' not found"}
{"timestamp":"2026-10-02T17:28:48.172Z","level":"error","message":"[episode.title] Job failed, jobId=job_fe629208781bc4863515, attempt=1, maxAttempts=3, terminal=false, errorMessage=openai_compatible HTTP 404: model 'qwen2.5:0.5b' not found"}
{"timestamp":"2026-10-02T17:28:48.172Z","level":"info","message":"[episode.title] Job started, jobId=job_4ec143d72a2b336e7321, attempt=1, maxAttempts=3, sessionId=session_415f55695ed2fe657195, episodeId=episode_df1bbcebdec11f6ac4a9"}
{"timestamp":"2026-10-02T17:28:48.180Z","level":"warn","message":"[episode_title.provisional] request.input_truncated, role=memory_summary, provider=openai_compatible, model=qwen2.5:0.5b, maxTokens=4096, timeoutMs=180000, maxRetries=3, jsonMode=true, inputTokens=4820, inputTokenBudget=3584, outputTokensReserved=4096"}
{"timestamp":"2026-10-02T17:28:48.187Z","level":"error","message":"[episode_title.provisional] Model HTTP request failed after the final attempt, provider=openai_compatible, model=qwen2.5:0.5b, attempt=1, maxAttempts=4, errorMessage=openai_compatible HTTP 404: model 'qwen2.5:0.5b' not found"}
{"timestamp":"2026-10-02T17:28:48.187Z","level":"error","message":"[episode_title.provisional] Model request failed, provider=openai_compatible, model=qwen2.5:0.5b, maxTokens=4096, durationMs=13, errorMessage=openai_compatible HTTP 404: model 'qwen2.5:0.5b' not found"}
{"timestamp":"2026-10-02T17:28:48.187Z","level":"error","message":"[episode.title] Job failed, jobId=job_4ec143d72a2b336e7321, attempt=1, maxAttempts=3, terminal=false, errorMessage=openai_compatible HTTP 404: model 'qwen2.5:0.5b' not found"}
{"timestamp":"2026-10-02T17:28:48.188Z","level":"info","message":"[episode.title] Job started, jobId=job_80e6408bc5650cdc464b, attempt=1, maxAttempts=3, sessionId=session_748dea03838436c26b11, episodeId=episode_8bf4dcdf10276a085362"}
{"timestamp":"2026-10-02T17:28:48.195Z","level":"error","message":"[episode_title.provisional] Model HTTP request failed after the final attempt, provider=openai_compatible, model=qwen2.5:0.5b, attempt=1, maxAttempts=4, errorMessage=openai_compatible HTTP 404: model 'qwen2.5:0.5b' not found"}
{"timestamp":"2026-10-02T17:28:48.195Z","level":"error","message":"[episode_title.provisional] Model request failed, provider=openai_compatible, model=qwen2.5:0.5b, maxTokens=4096, durationMs=6, errorMessage=openai_compatible HTTP 404: model 'qwen2.5:0.5b' not found"}
{"timestamp":"2026-10-02T17:28:48.196Z","level":"error","message":"[episode.title] Job failed, jobId=job_80e6408bc5650cdc464b, attempt=1, maxAttempts=3, terminal=false, errorMessage=openai_compatible HTTP 404: model 'qwen2.5:0.5b' not found"}
{"timestamp":"2026-10-02T17:28:48.196Z","level":"info","message":"[episode.title] Job started, jobId=job_07b706692750aa16a449, attempt=1, maxAttempts=3, sessionId=session_915eddcf8229d00a984a, episodeId=episode_64c2c508a41056d518a8"}
{"timestamp":"2026-10-02T17:28:48.204Z","level":"error","message":"[episode_title.provisional] Model HTTP request failed after the final attempt, provider=openai_compatible, model=qwen2.5:0.5b, attempt=1, maxAttempts=4, errorMessage=openai_compatible HTTP 404: model 'qwen2.5:0.5b' not found"}
{"timestamp":"2026-10-02T17:28:48.204Z","level":"error","message":"[episode_title.provisional] Model request failed, provider=openai_compatible, model=qwen2.5:0.5b, maxTokens=4096, durationMs=6, errorMessage=openai_compatible HTTP 404: model 'qwen2.5:0.5b' not found"}
{"timestamp":"2026-10-02T17:28:48.205Z","level":"error","message":"[episode.title] Job failed, jobId=job_07b706692750aa16a449, attempt=1, maxAttempts=3, terminal=false, errorMessage=openai_compatible HTTP 404: model 'qwen2.5:0.5b' not found"}
{"timestamp":"2026-10-02T17:28:48.205Z","level":"info","message":"[worker] Worker drain completed, leased=4, succeeded=0, failed=4, embeddingRetriesLeased=0, embeddingRetriesSucceeded=0, embeddingRetriesFailed=0"}
{"timestamp":"2026-10-02T17:28:48.209Z","level":"info","message":"[episode.title] Job started, jobId=job_fe629208781bc4863515, attempt=2, maxAttempts=3, sessionId=session_66e62dc17379e5c7517d, episodeId=episode_50d4c2c0f5a2b04f11a7"}
{"timestamp":"2026-10-02T17:28:48.220Z","level":"error","message":"[episode_title.provisional] Model HTTP request failed after the final attempt, provider=openai_compatible, model=qwen2.5:0.5b, attempt=1, maxAttempts=4, errorMessage=openai_compatible HTTP 404: model 'qwen2.5:0.5b' not found"}
{"timestamp":"2026-10-02T17:28:48.220Z","level":"error","message":"[episode_title.provisional] Model request failed, provider=openai_compatible, model=qwen2.5:0.5b, maxTokens=4096, durationMs=9, errorMessage=openai_compatible HTTP 404: model 'qwen2.5:0.5b' not found"}
{"timestamp":"2026-10-02T17:28:48.221Z","level":"error","message":"[episode.title] Job failed, jobId=job_fe629208781bc4863515, attempt=2, maxAttempts=3, terminal=false, errorMessage=openai_compatible HTTP 404: model 'qwen2.5:0.5b' not found"}
{"timestamp":"2026-10-02T17:28:48.221Z","level":"info","message":"[episode.title] Job started, jobId=job_4ec143d72a2b336e7321, attempt=2, maxAttempts=3, sessionId=session_415f55695ed2fe657195, episodeId=episode_df1bbcebdec11f6ac4a9"}
{"timestamp":"2026-10-02T17:28:48.230Z","level":"warn","message":"[episode_title.provisional] request.input_truncated, role=memory_summary, provider=openai_compatible, model=qwen2.5:0.5b, maxTokens=4096, timeoutMs=180000, maxRetries=3, jsonMode=true, inputTokens=4820, inputTokenBudget=3584, outputTokensReserved=4096"}
{"timestamp":"2026-10-02T17:28:48.237Z","level":"error","message":"[episode_title.provisional] Model HTTP request failed after the final attempt, provider=openai_compatible, model=qwen2.5:0.5b, attempt=1, maxAttempts=4, errorMessage=openai_compatible HTTP 404: model 'qwen2.5:0.5b' not found"}
{"timestamp":"2026-10-02T17:28:48.237Z","level":"error","message":"[episode_title.provisional] Model request failed, provider=openai_compatible, model=qwen2.5:0.5b, maxTokens=4096, durationMs=14, errorMessage=openai_compatible HTTP 404: model 'qwen2.5:0.5b' not found"}
{"timestamp":"2026-10-02T17:28:48.238Z","level":"error","message":"[episode.title] Job failed, jobId=job_4ec143d72a2b336e7321, attempt=2, maxAttempts=3, terminal=false, errorMessage=openai_compatible HTTP 404: model 'qwen2.5:0.5b' not found"}
{"timestamp":"2026-10-02T17:28:48.238Z","level":"info","message":"[episode.title] Job started, jobId=job_80e6408bc5650cdc464b, attempt=2, maxAttempts=3, sessionId=session_748dea03838436c26b11, episodeId=episode_8bf4dcdf10276a085362"}
{"timestamp":"2026-10-02T17:28:48.248Z","level":"error","message":"[episode_title.provisional] Model HTTP request failed after the final attempt, provider=openai_compatible, model=qwen2.5:0.5b, attempt=1, maxAttempts=4, errorMessage=openai_compatible HTTP 404: model 'qwen2.5:0.5b' not found"}
{"timestamp":"2026-10-02T17:28:48.248Z","level":"error","message":"[episode_title.provisional] Model request failed, provider=openai_compatible, model=qwen2.5:0.5b, maxTokens=4096, durationMs=8, errorMessage=openai_compatible HTTP 404: model 'qwen2.5:0.5b' not found"}
{"timestamp":"2026-10-02T17:28:48.248Z","level":"error","message":"[episode.title] Job failed, jobId=job_80e6408bc5650cdc464b, attempt=2, maxAttempts=3, terminal=false, errorMessage=openai_compatible HTTP 404: model 'qwen2.5:0.5b' not found"}
{"timestamp":"2026-10-02T17:28:48.248Z","level":"info","message":"[episode.title] Job started, jobId=job_07b706692750aa16a449, attempt=2, maxAttempts=3, sessionId=session_915eddcf8229d00a984a, episodeId=episode_64c2c508a41056d518a8"}
{"timestamp":"2026-10-02T17:28:48.257Z","level":"error","message":"[episode_title.provisional] Model HTTP request failed after the final attempt, provider=openai_compatible, model=qwen2.5:0.5b, attempt=1, maxAttempts=4, errorMessage=openai_compatible HTTP 404: model 'qwen2.5:0.5b' not found"}
{"timestamp":"2026-10-02T17:28:48.257Z","level":"error","message":"[episode_title.provisional] Model request failed, provider=openai_compatible, model=qwen2.5:0.5b, maxTokens=4096, durationMs=7, errorMessage=openai_compatible HTTP 404: model 'qwen2.5:0.5b' not found"}
{"timestamp":"2026-10-02T17:28:48.258Z","level":"error","message":"[episode.title] Job failed, jobId=job_07b706692750aa16a449, attempt=2, maxAttempts=3, terminal=false, errorMessage=openai_compatible HTTP 404: model 'qwen2.5:0.5b' not found"}
{"timestamp":"2026-10-02T17:28:48.258Z","level":"info","message":"[worker] Worker drain completed, leased=4, succeeded=0, failed=4, embeddingRetriesLeased=0, embeddingRetriesSucceeded=0, embeddingRetriesFailed=0"}
{"timestamp":"2026-10-02T17:28:48.272Z","level":"info","message":"[episode.title] Job started, jobId=job_fe629208781bc4863515, attempt=3, maxAttempts=3, sessionId=session_66e62dc17379e5c7517d, episodeId=episode_50d4c2c0f5a2b04f11a7"}
{"timestamp":"2026-10-02T17:28:48.282Z","level":"error","message":"[episode_title.provisional] Model HTTP request failed after the final attempt, provider=openai_compatible, model=qwen2.5:0.5b, attempt=1, maxAttempts=4, errorMessage=openai_compatible HTTP 404: model 'qwen2.5:0.5b' not found"}
{"timestamp":"2026-10-02T17:28:48.282Z","level":"error","message":"[episode_title.provisional] Model request failed, provider=openai_compatible, model=qwen2.5:0.5b, maxTokens=4096, durationMs=8, errorMessage=openai_compatible HTTP 404: model 'qwen2.5:0.5b' not found"}
{"timestamp":"2026-10-02T17:28:48.282Z","level":"error","message":"[episode.title] Job failed, jobId=job_fe629208781bc4863515, attempt=3, maxAttempts=3, terminal=true, errorMessage=openai_compatible HTTP 404: model 'qwen2.5:0.5b' not found"}
{"timestamp":"2026-10-02T17:28:48.283Z","level":"info","message":"[episode.title] Job started, jobId=job_4ec143d72a2b336e7321, attempt=3, maxAttempts=3, sessionId=session_415f55695ed2fe657195, episodeId=episode_df1bbcebdec11f6ac4a9"}
{"timestamp":"2026-10-02T17:28:48.289Z","level":"warn","message":"[episode_title.provisional] request.input_truncated, role=memory_summary, provider=openai_compatible, model=qwen2.5:0.5b, maxTokens=4096, timeoutMs=180000, maxRetries=3, jsonMode=true, inputTokens=4820, inputTokenBudget=3584, outputTokensReserved=4096"}
{"timestamp":"2026-10-02T17:28:48.296Z","level":"error","message":"[episode_title.provisional] Model HTTP request failed after the final attempt, provider=openai_compatible, model=qwen2.5:0.5b, attempt=1, maxAttempts=4, errorMessage=openai_compatible HTTP 404: model 'qwen2.5:0.5b' not found"}
{"timestamp":"2026-10-02T17:28:48.297Z","level":"error","message":"[episode_title.provisional] Model request failed, provider=openai_compatible, model=qwen2.5:0.5b, maxTokens=4096, durationMs=13, errorMessage=openai_compatible HTTP 404: model 'qwen2.5:0.5b' not found"}
{"timestamp":"2026-10-02T17:28:48.297Z","level":"error","message":"[episode.title] Job failed, jobId=job_4ec143d72a2b336e7321, attempt=3, maxAttempts=3, terminal=true, errorMessage=openai_compatible HTTP 404: model 'qwen2.5:0.5b' not found"}
{"timestamp":"2026-10-02T17:28:48.297Z","level":"info","message":"[episode.title] Job started, jobId=job_80e6408bc5650cdc464b, attempt=3, maxAttempts=3, sessionId=session_748dea03838436c26b11, episodeId=episode_8bf4dcdf10276a085362"}
{"timestamp":"2026-10-02T17:28:48.305Z","level":"error","message":"[episode_title.provisional] Model HTTP request failed after the final attempt, provider=openai_compatible, model=qwen2.5:0.5b, attempt=1, maxAttempts=4, errorMessage=openai_compatible HTTP 404: model 'qwen2.5:0.5b' not found"}
{"timestamp":"2026-10-02T17:28:48.305Z","level":"error","message":"[episode_title.provisional] Model request failed, provider=openai_compatible, model=qwen2.5:0.5b, maxTokens=4096, durationMs=7, errorMessage=openai_compatible HTTP 404: model 'qwen2.5:0.5b' not found"}
{"timestamp":"2026-10-02T17:28:48.305Z","level":"error","message":"[episode.title] Job failed, jobId=job_80e6408bc5650cdc464b, attempt=3, maxAttempts=3, terminal=true, errorMessage=openai_compatible HTTP 404: model 'qwen2.5:0.5b' not found"}
{"timestamp":"2026-10-02T17:28:48.305Z","level":"info","message":"[episode.title] Job started, jobId=job_07b706692750aa16a449, attempt=3, maxAttempts=3, sessionId=session_915eddcf8229d00a984a, episodeId=episode_64c2c508a41056d518a8"}
{"timestamp":"2026-10-02T17:28:48.313Z","level":"error","message":"[episode_title.provisional] Model HTTP request failed after the final attempt, provider=openai_compatible, model=qwen2.5:0.5b, attempt=1, maxAttempts=4, errorMessage=openai_compatible HTTP 404: model 'qwen2.5:0.5b' not found"}
{"timestamp":"2026-10-02T17:28:48.313Z","level":"error","message":"[episode_title.provisional] Model request failed, provider=openai_compatible, model=qwen2.5:0.5b, maxTokens=4096, durationMs=6, errorMessage=openai_compatible HTTP 404: model 'qwen2.5:0.5b' not found"}
{"timestamp":"2026-10-02T17:28:48.314Z","level":"error","message":"[episode.title] Job failed, jobId=job_07b706692750aa16a449, attempt=3, maxAttempts=3, terminal=true, errorMessage=openai_compatible HTTP 404: model 'qwen2.5:0.5b' not found"}
{"timestamp":"2026-10-02T17:28:48.314Z","level":"info","message":"[worker] Worker drain completed, leased=4, succeeded=0, failed=4, embeddingRetriesLeased=0, embeddingRetriesSucceeded=0, embeddingRetriesFailed=0"}
{"timestamp":"2026-10-02T17:28:48.333Z","level":"info","message":"[episode.title] Job started, jobId=job_b722f35030a80a34518d, attempt=1, maxAttempts=3, sessionId=session_7be3610008816d8e60d3, episodeId=episode_96f791a824b8658f1e52"}
{"timestamp":"2026-10-02T17:28:48.341Z","level":"error","message":"[episode_title.provisional] Model HTTP request failed after the final attempt, provider=openai_compatible, model=qwen2.5:0.5b, attempt=1, maxAttempts=4, errorMessage=openai_compatible HTTP 404: model 'qwen2.5:0.5b' not found"}
{"timestamp":"2026-10-02T17:28:48.341Z","level":"error","message":"[episode_title.provisional] Model request failed, provider=openai_compatible, model=qwen2.5:0.5b, maxTokens=4096, durationMs=6, errorMessage=openai_compatible HTTP 404: model 'qwen2.5:0.5b' not found"}
{"timestamp":"2026-10-02T17:28:48.342Z","level":"error","message":"[episode.title] Job failed, jobId=job_b722f35030a80a34518d, attempt=1, maxAttempts=3, terminal=false, errorMessage=openai_compatible HTTP 404: model 'qwen2.5:0.5b' not found"}
{"timestamp":"2026-10-02T17:28:48.342Z","level":"info","message":"[episode.title] Job started, jobId=job_f2ee7d0e8b25706bd77e, attempt=1, maxAttempts=3, sessionId=session_799fac0e7e67543440dc, episodeId=episode_bf09916698436cbb6bf4"}
{"timestamp":"2026-10-02T17:28:48.350Z","level":"error","message":"[episode_title.provisional] Model HTTP request failed after the final attempt, provider=openai_compatible, model=qwen2.5:0.5b, attempt=1, maxAttempts=4, errorMessage=openai_compatible HTTP 404: model 'qwen2.5:0.5b' not found"}
{"timestamp":"2026-10-02T17:28:48.350Z","level":"error","message":"[episode_title.provisional] Model request failed, provider=openai_compatible, model=qwen2.5:0.5b, maxTokens=4096, durationMs=6, errorMessage=openai_compatible HTTP 404: model 'qwen2.5:0.5b' not found"}
{"timestamp":"2026-10-02T17:28:48.351Z","level":"error","message":"[episode.title] Job failed, jobId=job_f2ee7d0e8b25706bd77e, attempt=1, maxAttempts=3, terminal=false, errorMessage=openai_compatible HTTP 404: model 'qwen2.5:0.5b' not found"}
{"timestamp":"2026-10-02T17:28:48.351Z","level":"info","message":"[episode.title] Job started, jobId=job_b90e209e08e1bab242d0, attempt=1, maxAttempts=3, sessionId=session_72c2152d626f2214973f, episodeId=episode_7194f7a3db2377d229c2"}
{"timestamp":"2026-10-02T17:28:48.359Z","level":"error","message":"[episode_title.provisional] Model HTTP request failed after the final attempt, provider=openai_compatible, model=qwen2.5:0.5b, attempt=1, maxAttempts=4, errorMessage=openai_compatible HTTP 404: model 'qwen2.5:0.5b' not found"}
{"timestamp":"2026-10-02T17:28:48.360Z","level":"error","message":"[episode_title.provisional] Model request failed, provider=openai_compatible, model=qwen2.5:0.5b, maxTokens=4096, durationMs=6, errorMessage=openai_compatible HTTP 404: model 'qwen2.5:0.5b' not found"}
{"timestamp":"2026-10-02T17:28:48.360Z","level":"error","message":"[episode.title] Job failed, jobId=job_b90e209e08e1bab242d0, attempt=1, maxAttempts=3, terminal=false, errorMessage=openai_compatible HTTP 404: model 'qwen2.5:0.5b' not found"}
{"timestamp":"2026-10-02T17:28:48.360Z","level":"info","message":"[episode.title] Job started, jobId=job_e82f142431655fade2b6, attempt=1, maxAttempts=3, sessionId=session_c7bf9c2d901e460a39f8, episodeId=episode_e38ceb2985fefc09ccec"}
{"timestamp":"2026-10-02T17:28:48.369Z","level":"error","message":"[episode_title.provisional] Model HTTP request failed after the final attempt, provider=openai_compatible, model=qwen2.5:0.5b, attempt=1, maxAttempts=4, errorMessage=openai_compatible HTTP 404: model 'qwen2.5:0.5b' not found"}
{"timestamp":"2026-10-02T17:28:48.369Z","level":"error","message":"[episode_title.provisional] Model request failed, provider=openai_compatible, model=qwen2.5:0.5b, maxTokens=4096, durationMs=6, errorMessage=openai_compatible HTTP 404: model 'qwen2.5:0.5b' not found"}
{"timestamp":"2026-10-02T17:28:48.370Z","level":"error","message":"[episode.title] Job failed, jobId=job_e82f142431655fade2b6, attempt=1, maxAttempts=3, terminal=false, errorMessage=openai_compatible HTTP 404: model 'qwen2.5:0.5b' not found"}
{"timestamp":"2026-10-02T17:28:48.370Z","level":"info","message":"[worker] Worker drain completed, leased=4, succeeded=0, failed=4, embeddingRetriesLeased=0, embeddingRetriesSucceeded=0, embeddingRetriesFailed=0"}
{"timestamp":"2026-10-02T17:28:48.379Z","level":"info","message":"[episode.title] Job started, jobId=job_b722f35030a80a34518d, attempt=2, maxAttempts=3, sessionId=session_7be3610008816d8e60d3, episodeId=episode_96f791a824b8658f1e52"}
{"timestamp":"2026-10-02T17:28:48.388Z","level":"error","message":"[episode_title.provisional] Model HTTP request failed after the final attempt, provider=openai_compatible, model=qwen2.5:0.5b, attempt=1, maxAttempts=4, errorMessage=openai_compatible HTTP 404: model 'qwen2.5:0.5b' not found"}
{"timestamp":"2026-10-02T17:28:48.388Z","level":"error","message":"[episode_title.provisional] Model request failed, provider=openai_compatible, model=qwen2.5:0.5b, maxTokens=4096, durationMs=7, errorMessage=openai_compatible HTTP 404: model 'qwen2.5:0.5b' not found"}
{"timestamp":"2026-10-02T17:28:48.388Z","level":"error","message":"[episode.title] Job failed, jobId=job_b722f35030a80a34518d, attempt=2, maxAttempts=3, terminal=false, errorMessage=openai_compatible HTTP 404: model 'qwen2.5:0.5b' not found"}
{"timestamp":"2026-10-02T17:28:48.388Z","level":"info","message":"[episode.title] Job started, jobId=job_f2ee7d0e8b25706bd77e, attempt=2, maxAttempts=3, sessionId=session_799fac0e7e67543440dc, episodeId=episode_bf09916698436cbb6bf4"}
{"timestamp":"2026-10-02T17:28:48.397Z","level":"error","message":"[episode_title.provisional] Model HTTP request failed after the final attempt, provider=openai_compatible, model=qwen2.5:0.5b, attempt=1, maxAttempts=4, errorMessage=openai_compatible HTTP 404: model 'qwen2.5:0.5b' not found"}
{"timestamp":"2026-10-02T17:28:48.397Z","level":"error","message":"[episode_title.provisional] Model request failed, provider=openai_compatible, model=qwen2.5:0.5b, maxTokens=4096, durationMs=7, errorMessage=openai_compatible HTTP 404: model 'qwen2.5:0.5b' not found"}
{"timestamp":"2026-10-02T17:28:48.397Z","level":"error","message":"[episode.title] Job failed, jobId=job_f2ee7d0e8b25706bd77e, attempt=2, maxAttempts=3, terminal=false, errorMessage=openai_compatible HTTP 404: model 'qwen2.5:0.5b' not found"}
{"timestamp":"2026-10-02T17:28:48.397Z","level":"info","message":"[episode.title] Job started, jobId=job_b90e209e08e1bab242d0, attempt=2, maxAttempts=3, sessionId=session_72c2152d626f2214973f, episodeId=episode_7194f7a3db2377d229c2"}
{"timestamp":"2026-10-02T17:28:48.405Z","level":"error","message":"[episode_title.provisional] Model HTTP request failed after the final attempt, provider=openai_compatible, model=qwen2.5:0.5b, attempt=1, maxAttempts=4, errorMessage=openai_compatible HTTP 404: model 'qwen2.5:0.5b' not found"}
{"timestamp":"2026-10-02T17:28:48.405Z","level":"error","message":"[episode_title.provisional] Model request failed, provider=openai_compatible, model=qwen2.5:0.5b, maxTokens=4096, durationMs=6, errorMessage=openai_compatible HTTP 404: model 'qwen2.5:0.5b' not found"}
{"timestamp":"2026-10-02T17:28:48.406Z","level":"error","message":"[episode.title] Job failed, jobId=job_b90e209e08e1bab242d0, attempt=2, maxAttempts=3, terminal=false, errorMessage=openai_compatible HTTP 404: model 'qwen2.5:0.5b' not found"}
{"timestamp":"2026-10-02T17:28:48.406Z","level":"info","message":"[episode.title] Job started, jobId=job_e82f142431655fade2b6, attempt=2, maxAttempts=3, sessionId=session_c7bf9c2d901e460a39f8, episodeId=episode_e38ceb2985fefc09ccec"}
{"timestamp":"2026-10-02T17:28:48.415Z","level":"error","message":"[episode_title.provisional] Model HTTP request failed after the final attempt, provider=openai_compatible, model=qwen2.5:0.5b, attempt=1, maxAttempts=4, errorMessage=openai_compatible HTTP 404: model 'qwen2.5:0.5b' not found"}
{"timestamp":"2026-10-02T17:28:48.415Z","level":"error","message":"[episode_title.provisional] Model request failed, provider=openai_compatible, model=qwen2.5:0.5b, maxTokens=4096, durationMs=7, errorMessage=openai_compatible HTTP 404: model 'qwen2.5:0.5b' not found"}
{"timestamp":"2026-10-02T17:28:48.416Z","level":"error","message":"[episode.title] Job failed, jobId=job_e82f142431655fade2b6, attempt=2, maxAttempts=3, terminal=false, errorMessage=openai_compatible HTTP 404: model 'qwen2.5:0.5b' not found"}
{"timestamp":"2026-10-02T17:28:48.416Z","level":"info","message":"[worker] Worker drain completed, leased=4, succeeded=0, failed=4, embeddingRetriesLeased=0, embeddingRetriesSucceeded=0, embeddingRetriesFailed=0"}
{"timestamp":"2026-10-02T17:28:48.425Z","level":"info","message":"[episode.title] Job started, jobId=job_b722f35030a80a34518d, attempt=3, maxAttempts=3, sessionId=session_7be3610008816d8e60d3, episodeId=episode_96f791a824b8658f1e52"}
{"timestamp":"2026-10-02T17:28:48.433Z","level":"error","message":"[episode_title.provisional] Model HTTP request failed after the final attempt, provider=openai_compatible, model=qwen2.5:0.5b, attempt=1, maxAttempts=4, errorMessage=openai_compatible HTTP 404: model 'qwen2.5:0.5b' not found"}
{"timestamp":"2026-10-02T17:28:48.433Z","level":"error","message":"[episode_title.provisional] Model request failed, provider=openai_compatible, model=qwen2.5:0.5b, maxTokens=4096, durationMs=6, errorMessage=openai_compatible HTTP 404: model 'qwen2.5:0.5b' not found"}
{"timestamp":"2026-10-02T17:28:48.447Z","level":"error","message":"[episode.title] Job failed, jobId=job_b722f35030a80a34518d, attempt=3, maxAttempts=3, terminal=true, errorMessage=openai_compatible HTTP 404: model 'qwen2.5:0.5b' not found"}
{"timestamp":"2026-10-02T17:28:48.448Z","level":"info","message":"[episode.title] Job started, jobId=job_f2ee7d0e8b25706bd77e, attempt=3, maxAttempts=3, sessionId=session_799fac0e7e67543440dc, episodeId=episode_bf09916698436cbb6bf4"}
{"timestamp":"2026-10-02T17:28:48.458Z","level":"error","message":"[episode_title.provisional] Model HTTP request failed after the final attempt, provider=openai_compatible, model=qwen2.5:0.5b, attempt=1, maxAttempts=4, errorMessage=openai_compatible HTTP 404: model 'qwen2.5:0.5b' not found"}
{"timestamp":"2026-10-02T17:28:48.458Z","level":"error","message":"[episode_title.provisional] Model request failed, provider=openai_compatible, model=qwen2.5:0.5b, maxTokens=4096, durationMs=7, errorMessage=openai_compatible HTTP 404: model 'qwen2.5:0.5b' not found"}
{"timestamp":"2026-10-02T17:28:48.459Z","level":"error","message":"[episode.title] Job failed, jobId=job_f2ee7d0e8b25706bd77e, attempt=3, maxAttempts=3, terminal=true, errorMessage=openai_compatible HTTP 404: model 'qwen2.5:0.5b' not found"}
{"timestamp":"2026-10-02T17:28:48.459Z","level":"info","message":"[episode.title] Job started, jobId=job_b90e209e08e1bab242d0, attempt=3, maxAttempts=3, sessionId=session_72c2152d626f2214973f, episodeId=episode_7194f7a3db2377d229c2"}
{"timestamp":"2026-10-02T17:28:48.469Z","level":"error","message":"[episode_title.provisional] Model HTTP request failed after the final attempt, provider=openai_compatible, model=qwen2.5:0.5b, attempt=1, maxAttempts=4, errorMessage=openai_compatible HTTP 404: model 'qwen2.5:0.5b' not found"}
{"timestamp":"2026-10-02T17:28:48.469Z","level":"error","message":"[episode_title.provisional] Model request failed, provider=openai_compatible, model=qwen2.5:0.5b, maxTokens=4096, durationMs=8, errorMessage=openai_compatible HTTP 404: model 'qwen2.5:0.5b' not found"}
{"timestamp":"2026-10-02T17:28:48.470Z","level":"error","message":"[episode.title] Job failed, jobId=job_b90e209e08e1bab242d0, attempt=3, maxAttempts=3, terminal=true, errorMessage=openai_compatible HTTP 404: model 'qwen2.5:0.5b' not found"}
{"timestamp":"2026-10-02T17:28:48.470Z","level":"info","message":"[episode.title] Job started, jobId=job_e82f142431655fade2b6, attempt=3, maxAttempts=3, sessionId=session_c7bf9c2d901e460a39f8, episodeId=episode_e38ceb2985fefc09ccec"}
{"timestamp":"2026-10-02T17:28:48.480Z","level":"error","message":"[episode_title.provisional] Model HTTP request failed after the final attempt, provider=openai_compatible, model=qwen2.5:0.5b, attempt=1, maxAttempts=4, errorMessage=openai_compatible HTTP 404: model 'qwen2.5:0.5b' not found"}
{"timestamp":"2026-10-02T17:28:48.480Z","level":"error","message":"[episode_title.provisional] Model request failed, provider=openai_compatible, model=qwen2.5:0.5b, maxTokens=4096, durationMs=7, errorMessage=openai_compatible HTTP 404: model 'qwen2.5:0.5b' not found"}
{"timestamp":"2026-10-02T17:28:48.480Z","level":"error","message":"[episode.title] Job failed, jobId=job_e82f142431655fade2b6, attempt=3, maxAttempts=3, terminal=true, errorMessage=openai_compatible HTTP 404: model 'qwen2.5:0.5b' not found"}
{"timestamp":"2026-10-02T17:28:48.480Z","level":"info","message":"[worker] Worker drain completed, leased=4, succeeded=0, failed=4, embeddingRetriesLeased=0, embeddingRetriesSucceeded=0, embeddingRetriesFailed=0"}
{"timestamp":"2026-10-02T17:28:48.486Z","level":"info","message":"[episode.title] Job started, jobId=job_38f27116dd22f8f80364, attempt=1, maxAttempts=3, sessionId=session_046da8461ea7cbd53811, episodeId=episode_4529c6b8d03682468f0e"}
{"timestamp":"2026-10-02T17:28:48.498Z","level":"error","message":"[episode_title.provisional] Model HTTP request failed after the final attempt, provider=openai_compatible, model=qwen2.5:0.5b, attempt=1, maxAttempts=4, errorMessage=openai_compatible HTTP 404: model 'qwen2.5:0.5b' not found"}
{"timestamp":"2026-10-02T17:28:48.498Z","level":"error","message":"[episode_title.provisional] Model request failed, provider=openai_compatible, model=qwen2.5:0.5b, maxTokens=4096, durationMs=9, errorMessage=openai_compatible HTTP 404: model 'qwen2.5:0.5b' not found"}
{"timestamp":"2026-10-02T17:28:48.498Z","level":"error","message":"[episode.title] Job failed, jobId=job_38f27116dd22f8f80364, attempt=1, maxAttempts=3, terminal=false, errorMessage=openai_compatible HTTP 404: model 'qwen2.5:0.5b' not found"}
{"timestamp":"2026-10-02T17:28:48.498Z","level":"info","message":"[episode.title] Job started, jobId=job_739f274b568dfff6f960, attempt=1, maxAttempts=3, sessionId=session_33e0dea43e1ed7e5cf00, episodeId=episode_6f943f6be37526b82dbd"}
{"timestamp":"2026-10-02T17:28:48.506Z","level":"error","message":"[episode_title.provisional] Model HTTP request failed after the final attempt, provider=openai_compatible, model=qwen2.5:0.5b, attempt=1, maxAttempts=4, errorMessage=openai_compatible HTTP 404: model 'qwen2.5:0.5b' not found"}
{"timestamp":"2026-10-02T17:28:48.506Z","level":"error","message":"[episode_title.provisional] Model request failed, provider=openai_compatible, model=qwen2.5:0.5b, maxTokens=4096, durationMs=5, errorMessage=openai_compatible HTTP 404: model 'qwen2.5:0.5b' not found"}
{"timestamp":"2026-10-02T17:28:48.507Z","level":"error","message":"[episode.title] Job failed, jobId=job_739f274b568dfff6f960, attempt=1, maxAttempts=3, terminal=false, errorMessage=openai_compatible HTTP 404: model 'qwen2.5:0.5b' not found"}
{"timestamp":"2026-10-02T17:28:48.507Z","level":"info","message":"[episode.title] Job started, jobId=job_581d47e4a41b25e43e54, attempt=1, maxAttempts=3, sessionId=session_94f26f8db5c2d9fb278a, episodeId=episode_be79cc9d18b4b15f08c9"}
{"timestamp":"2026-10-02T17:28:48.516Z","level":"error","message":"[episode_title.provisional] Model HTTP request failed after the final attempt, provider=openai_compatible, model=qwen2.5:0.5b, attempt=1, maxAttempts=4, errorMessage=openai_compatible HTTP 404: model 'qwen2.5:0.5b' not found"}
{"timestamp":"2026-10-02T17:28:48.516Z","level":"error","message":"[episode_title.provisional] Model request failed, provider=openai_compatible, model=qwen2.5:0.5b, maxTokens=4096, durationMs=6, errorMessage=openai_compatible HTTP 404: model 'qwen2.5:0.5b' not found"}
{"timestamp":"2026-10-02T17:28:48.516Z","level":"error","message":"[episode.title] Job failed, jobId=job_581d47e4a41b25e43e54, attempt=1, maxAttempts=3, terminal=false, errorMessage=openai_compatible HTTP 404: model 'qwen2.5:0.5b' not found"}
{"timestamp":"2026-10-02T17:28:48.517Z","level":"info","message":"[episode.title] Job started, jobId=job_b7cbcf31708bcd33bece, attempt=1, maxAttempts=3, sessionId=session_4c7183d08d0ac324428c, episodeId=episode_2ad7210ab2351486cce3"}
{"timestamp":"2026-10-02T17:28:48.525Z","level":"error","message":"[episode_title.provisional] Model HTTP request failed after the final attempt, provider=openai_compatible, model=qwen2.5:0.5b, attempt=1, maxAttempts=4, errorMessage=openai_compatible HTTP 404: model 'qwen2.5:0.5b' not found"}
{"timestamp":"2026-10-02T17:28:48.525Z","level":"error","message":"[episode_title.provisional] Model request failed, provider=openai_compatible, model=qwen2.5:0.5b, maxTokens=4096, durationMs=6, errorMessage=openai_compatible HTTP 404: model 'qwen2.5:0.5b' not found"}
{"timestamp":"2026-10-02T17:28:48.525Z","level":"error","message":"[episode.title] Job failed, jobId=job_b7cbcf31708bcd33bece, attempt=1, maxAttempts=3, terminal=false, errorMessage=openai_compatible HTTP 404: model 'qwen2.5:0.5b' not found"}
{"timestamp":"2026-10-02T17:28:48.525Z","level":"info","message":"[worker] Worker drain completed, leased=4, succeeded=0, failed=4, embeddingRetriesLeased=0, embeddingRetriesSucceeded=0, embeddingRetriesFailed=0"}
{"timestamp":"2026-10-02T17:28:48.534Z","level":"info","message":"[episode.title] Job started, jobId=job_38f27116dd22f8f80364, attempt=2, maxAttempts=3, sessionId=session_046da8461ea7cbd53811, episodeId=episode_4529c6b8d03682468f0e"}
{"timestamp":"2026-10-02T17:28:48.542Z","level":"error","message":"[episode_title.provisional] Model HTTP request failed after the final attempt, provider=openai_compatible, model=qwen2.5:0.5b, attempt=1, maxAttempts=4, errorMessage=openai_compatible HTTP 404: model 'qwen2.5:0.5b' not found"}
{"timestamp":"2026-10-02T17:28:48.542Z","level":"error","message":"[episode_title.provisional] Model request failed, provider=openai_compatible, model=qwen2.5:0.5b, maxTokens=4096, durationMs=6, errorMessage=openai_compatible HTTP 404: model 'qwen2.5:0.5b' not found"}
{"timestamp":"2026-10-02T17:28:48.542Z","level":"error","message":"[episode.title] Job failed, jobId=job_38f27116dd22f8f80364, attempt=2, maxAttempts=3, terminal=false, errorMessage=openai_compatible HTTP 404: model 'qwen2.5:0.5b' not found"}
{"timestamp":"2026-10-02T17:28:48.543Z","level":"info","message":"[episode.title] Job started, jobId=job_739f274b568dfff6f960, attempt=2, maxAttempts=3, sessionId=session_33e0dea43e1ed7e5cf00, episodeId=episode_6f943f6be37526b82dbd"}
{"timestamp":"2026-10-02T17:28:48.550Z","level":"error","message":"[episode_title.provisional] Model HTTP request failed after the final attempt, provider=openai_compatible, model=qwen2.5:0.5b, attempt=1, maxAttempts=4, errorMessage=openai_compatible HTTP 404: model 'qwen2.5:0.5b' not found"}
{"timestamp":"2026-10-02T17:28:48.550Z","level":"error","message":"[episode_title.provisional] Model request failed, provider=openai_compatible, model=qwen2.5:0.5b, maxTokens=4096, durationMs=6, errorMessage=openai_compatible HTTP 404: model 'qwen2.5:0.5b' not found"}
{"timestamp":"2026-10-02T17:28:48.551Z","level":"error","message":"[episode.title] Job failed, jobId=job_739f274b568dfff6f960, attempt=2, maxAttempts=3, terminal=false, errorMessage=openai_compatible HTTP 404: model 'qwen2.5:0.5b' not found"}
{"timestamp":"2026-10-02T17:28:48.551Z","level":"info","message":"[episode.title] Job started, jobId=job_581d47e4a41b25e43e54, attempt=2, maxAttempts=3, sessionId=session_94f26f8db5c2d9fb278a, episodeId=episode_be79cc9d18b4b15f08c9"}
{"timestamp":"2026-10-02T17:28:48.560Z","level":"error","message":"[episode_title.provisional] Model HTTP request failed after the final attempt, provider=openai_compatible, model=qwen2.5:0.5b, attempt=1, maxAttempts=4, errorMessage=openai_compatible HTTP 404: model 'qwen2.5:0.5b' not found"}
{"timestamp":"2026-10-02T17:28:48.560Z","level":"error","message":"[episode_title.provisional] Model request failed, provider=openai_compatible, model=qwen2.5:0.5b, maxTokens=4096, durationMs=6, errorMessage=openai_compatible HTTP 404: model 'qwen2.5:0.5b' not found"}
{"timestamp":"2026-10-02T17:28:48.561Z","level":"error","message":"[episode.title] Job failed, jobId=job_581d47e4a41b25e43e54, attempt=2, maxAttempts=3, terminal=false, errorMessage=openai_compatible HTTP 404: model 'qwen2.5:0.5b' not found"}
{"timestamp":"2026-10-02T17:28:48.561Z","level":"info","message":"[episode.title] Job started, jobId=job_b7cbcf31708bcd33bece, attempt=2, maxAttempts=3, sessionId=session_4c7183d08d0ac324428c, episodeId=episode_2ad7210ab2351486cce3"}
{"timestamp":"2026-10-02T17:28:48.570Z","level":"error","message":"[episode_title.provisional] Model HTTP request failed after the final attempt, provider=openai_compatible, model=qwen2.5:0.5b, attempt=1, maxAttempts=4, errorMessage=openai_compatible HTTP 404: model 'qwen2.5:0.5b' not found"}
{"timestamp":"2026-10-02T17:28:48.570Z","level":"error","message":"[episode_title.provisional] Model request failed, provider=openai_compatible, model=qwen2.5:0.5b, maxTokens=4096, durationMs=7, errorMessage=openai_compatible HTTP 404: model 'qwen2.5:0.5b' not found"}
{"timestamp":"2026-10-02T17:28:48.571Z","level":"error","message":"[episode.title] Job failed, jobId=job_b7cbcf31708bcd33bece, attempt=2, maxAttempts=3, terminal=false, errorMessage=openai_compatible HTTP 404: model 'qwen2.5:0.5b' not found"}
{"timestamp":"2026-10-02T17:28:48.571Z","level":"info","message":"[worker] Worker drain completed, leased=4, succeeded=0, failed=4, embeddingRetriesLeased=0, embeddingRetriesSucceeded=0, embeddingRetriesFailed=0"}
{"timestamp":"2026-10-02T17:28:48.580Z","level":"info","message":"[episode.title] Job started, jobId=job_38f27116dd22f8f80364, attempt=3, maxAttempts=3, sessionId=session_046da8461ea7cbd53811, episodeId=episode_4529c6b8d03682468f0e"}
{"timestamp":"2026-10-02T17:28:48.590Z","level":"error","message":"[episode_title.provisional] Model HTTP request failed after the final attempt, provider=openai_compatible, model=qwen2.5:0.5b, attempt=1, maxAttempts=4, errorMessage=openai_compatible HTTP 404: model 'qwen2.5:0.5b' not found"}
{"timestamp":"2026-10-02T17:28:48.590Z","level":"error","message":"[episode_title.provisional] Model request failed, provider=openai_compatible, model=qwen2.5:0.5b, maxTokens=4096, durationMs=8, errorMessage=openai_compatible HTTP 404: model 'qwen2.5:0.5b' not found"}
{"timestamp":"2026-10-02T17:28:48.591Z","level":"error","message":"[episode.title] Job failed, jobId=job_38f27116dd22f8f80364, attempt=3, maxAttempts=3, terminal=true, errorMessage=openai_compatible HTTP 404: model 'qwen2.5:0.5b' not found"}
{"timestamp":"2026-10-02T17:28:48.591Z","level":"info","message":"[episode.title] Job started, jobId=job_739f274b568dfff6f960, attempt=3, maxAttempts=3, sessionId=session_33e0dea43e1ed7e5cf00, episodeId=episode_6f943f6be37526b82dbd"}
{"timestamp":"2026-10-02T17:28:48.600Z","level":"error","message":"[episode_title.provisional] Model HTTP request failed after the final attempt, provider=openai_compatible, model=qwen2.5:0.5b, attempt=1, maxAttempts=4, errorMessage=openai_compatible HTTP 404: model 'qwen2.5:0.5b' not found"}
{"timestamp":"2026-10-02T17:28:48.600Z","level":"error","message":"[episode_title.provisional] Model request failed, provider=openai_compatible, model=qwen2.5:0.5b, maxTokens=4096, durationMs=7, errorMessage=openai_compatible HTTP 404: model 'qwen2.5:0.5b' not found"}
{"timestamp":"2026-10-02T17:28:48.600Z","level":"error","message":"[episode.title] Job failed, jobId=job_739f274b568dfff6f960, attempt=3, maxAttempts=3, terminal=true, errorMessage=openai_compatible HTTP 404: model 'qwen2.5:0.5b' not found"}
{"timestamp":"2026-10-02T17:28:48.601Z","level":"info","message":"[episode.title] Job started, jobId=job_581d47e4a41b25e43e54, attempt=3, maxAttempts=3, sessionId=session_94f26f8db5c2d9fb278a, episodeId=episode_be79cc9d18b4b15f08c9"}
{"timestamp":"2026-10-02T17:28:48.610Z","level":"error","message":"[episode_title.provisional] Model HTTP request failed after the final attempt, provider=openai_compatible, model=qwen2.5:0.5b, attempt=1, maxAttempts=4, errorMessage=openai_compatible HTTP 404: model 'qwen2.5:0.5b' not found"}
{"timestamp":"2026-10-02T17:28:48.610Z","level":"error","message":"[episode_title.provisional] Model request failed, provider=openai_compatible, model=qwen2.5:0.5b, maxTokens=4096, durationMs=6, errorMessage=openai_compatible HTTP 404: model 'qwen2.5:0.5b' not found"}
{"timestamp":"2026-10-02T17:28:48.610Z","level":"error","message":"[episode.title] Job failed, jobId=job_581d47e4a41b25e43e54, attempt=3, maxAttempts=3, terminal=true, errorMessage=openai_compatible HTTP 404: model 'qwen2.5:0.5b' not found"}
{"timestamp":"2026-10-02T17:28:48.611Z","level":"info","message":"[episode.title] Job started, jobId=job_b7cbcf31708bcd33bece, attempt=3, maxAttempts=3, sessionId=session_4c7183d08d0ac324428c, episodeId=episode_2ad7210ab2351486cce3"}
{"timestamp":"2026-10-02T17:28:48.619Z","level":"error","message":"[episode_title.provisional] Model HTTP request failed after the final attempt, provider=openai_compatible, model=qwen2.5:0.5b, attempt=1, maxAttempts=4, errorMessage=openai_compatible HTTP 404: model 'qwen2.5:0.5b' not found"}
{"timestamp":"2026-10-02T17:28:48.619Z","level":"error","message":"[episode_title.provisional] Model request failed, provider=openai_compatible, model=qwen2.5:0.5b, maxTokens=4096, durationMs=6, errorMessage=openai_compatible HTTP 404: model 'qwen2.5:0.5b' not found"}
{"timestamp":"2026-10-02T17:28:48.619Z","level":"error","message":"[episode.title] Job failed, jobId=job_b7cbcf31708bcd33bece, attempt=3, maxAttempts=3, terminal=true, errorMessage=openai_compatible HTTP 404: model 'qwen2.5:0.5b' not found"}
{"timestamp":"2026-10-02T17:28:48.619Z","level":"info","message":"[worker] Worker drain completed, leased=4, succeeded=0, failed=4, embeddingRetriesLeased=0, embeddingRetriesSucceeded=0, embeddingRetriesFailed=0"}
{"timestamp":"2026-10-02T17:28:48.625Z","level":"info","message":"[episode.title] Job started, jobId=job_b77b9ef574d1f5a9ef41, attempt=1, maxAttempts=3, sessionId=session_748dea03838436c26b11, episodeId=episode_8bf4dcdf10276a085362"}
{"timestamp":"2026-10-02T17:28:48.632Z","level":"error","message":"[episode_title.final] Model HTTP request failed after the final attempt, provider=openai_compatible, model=qwen2.5:0.5b, attempt=1, maxAttempts=4, errorMessage=openai_compatible HTTP 404: model 'qwen2.5:0.5b' not found"}
{"timestamp":"2026-10-02T17:28:48.632Z","level":"error","message":"[episode_title.final] Model request failed, provider=openai_compatible, model=qwen2.5:0.5b, maxTokens=4096, durationMs=6, errorMessage=openai_compatible HTTP 404: model 'qwen2.5:0.5b' not found"}
{"timestamp":"2026-10-02T17:28:48.632Z","level":"error","message":"[episode.title] Job failed, jobId=job_b77b9ef574d1f5a9ef41, attempt=1, maxAttempts=3, terminal=false, errorMessage=openai_compatible HTTP 404: model 'qwen2.5:0.5b' not found"}
{"timestamp":"2026-10-02T17:28:48.632Z","level":"info","message":"[episode.title] Job started, jobId=job_d01d8588a13d850c7dbd, attempt=1, maxAttempts=3, sessionId=session_748dea03838436c26b11, episodeId=episode_96e501bd6fe7ccb29289"}
{"timestamp":"2026-10-02T17:28:48.639Z","level":"error","message":"[episode_title.provisional] Model HTTP request failed after the final attempt, provider=openai_compatible, model=qwen2.5:0.5b, attempt=1, maxAttempts=4, errorMessage=openai_compatible HTTP 404: model 'qwen2.5:0.5b' not found"}
{"timestamp":"2026-10-02T17:28:48.639Z","level":"error","message":"[episode_title.provisional] Model request failed, provider=openai_compatible, model=qwen2.5:0.5b, maxTokens=4096, durationMs=6, errorMessage=openai_compatible HTTP 404: model 'qwen2.5:0.5b' not found"}
{"timestamp":"2026-10-02T17:28:48.640Z","level":"error","message":"[episode.title] Job failed, jobId=job_d01d8588a13d850c7dbd, attempt=1, maxAttempts=3, terminal=false, errorMessage=openai_compatible HTTP 404: model 'qwen2.5:0.5b' not found"}
{"timestamp":"2026-10-02T17:28:48.640Z","level":"info","message":"[episode.title] Job started, jobId=job_cd683f6bfc468c19bab7, attempt=1, maxAttempts=3, sessionId=session_a8267bd05dc0c61d0148, episodeId=episode_66fc0fcdf236b0e19938"}
{"timestamp":"2026-10-02T17:28:48.647Z","level":"error","message":"[episode_title.provisional] Model HTTP request failed after the final attempt, provider=openai_compatible, model=qwen2.5:0.5b, attempt=1, maxAttempts=4, errorMessage=openai_compatible HTTP 404: model 'qwen2.5:0.5b' not found"}
{"timestamp":"2026-10-02T17:28:48.647Z","level":"error","message":"[episode_title.provisional] Model request failed, provider=openai_compatible, model=qwen2.5:0.5b, maxTokens=4096, durationMs=6, errorMessage=openai_compatible HTTP 404: model 'qwen2.5:0.5b' not found"}
{"timestamp":"2026-10-02T17:28:48.648Z","level":"error","message":"[episode.title] Job failed, jobId=job_cd683f6bfc468c19bab7, attempt=1, maxAttempts=3, terminal=false, errorMessage=openai_compatible HTTP 404: model 'qwen2.5:0.5b' not found"}
{"timestamp":"2026-10-02T17:28:48.648Z","level":"info","message":"[episode.title] Job started, jobId=job_7b2fc96a870978150bb2, attempt=1, maxAttempts=3, sessionId=session_e3f0515fb77749201ba0, episodeId=episode_be851aec0652c9f429d2"}
{"timestamp":"2026-10-02T17:28:48.655Z","level":"error","message":"[episode_title.provisional] Model HTTP request failed after the final attempt, provider=openai_compatible, model=qwen2.5:0.5b, attempt=1, maxAttempts=4, errorMessage=openai_compatible HTTP 404: model 'qwen2.5:0.5b' not found"}
{"timestamp":"2026-10-02T17:28:48.655Z","level":"error","message":"[episode_title.provisional] Model request failed, provider=openai_compatible, model=qwen2.5:0.5b, maxTokens=4096, durationMs=6, errorMessage=openai_compatible HTTP 404: model 'qwen2.5:0.5b' not found"}
{"timestamp":"2026-10-02T17:28:48.655Z","level":"error","message":"[episode.title] Job failed, jobId=job_7b2fc96a870978150bb2, attempt=1, maxAttempts=3, terminal=false, errorMessage=openai_compatible HTTP 404: model 'qwen2.5:0.5b' not found"}
{"timestamp":"2026-10-02T17:28:48.656Z","level":"info","message":"[worker] Worker drain completed, leased=4, succeeded=0, failed=4, embeddingRetriesLeased=0, embeddingRetriesSucceeded=0, embeddingRetriesFailed=0"}
{"timestamp":"2026-10-02T17:28:48.672Z","level":"info","message":"[episode.title] Job started, jobId=job_b77b9ef574d1f5a9ef41, attempt=2, maxAttempts=3, sessionId=session_748dea03838436c26b11, episodeId=episode_8bf4dcdf10276a085362"}
{"timestamp":"2026-10-02T17:28:48.679Z","level":"error","message":"[episode_title.final] Model HTTP request failed after the final attempt, provider=openai_compatible, model=qwen2.5:0.5b, attempt=1, maxAttempts=4, errorMessage=openai_compatible HTTP 404: model 'qwen2.5:0.5b' not found"}
{"timestamp":"2026-10-02T17:28:48.679Z","level":"error","message":"[episode_title.final] Model request failed, provider=openai_compatible, model=qwen2.5:0.5b, maxTokens=4096, durationMs=6, errorMessage=openai_compatible HTTP 404: model 'qwen2.5:0.5b' not found"}
{"timestamp":"2026-10-02T17:28:48.680Z","level":"error","message":"[episode.title] Job failed, jobId=job_b77b9ef574d1f5a9ef41, attempt=2, maxAttempts=3, terminal=false, errorMessage=openai_compatible HTTP 404: model 'qwen2.5:0.5b' not found"}
{"timestamp":"2026-10-02T17:28:48.680Z","level":"info","message":"[episode.title] Job started, jobId=job_d01d8588a13d850c7dbd, attempt=2, maxAttempts=3, sessionId=session_748dea03838436c26b11, episodeId=episode_96e501bd6fe7ccb29289"}
{"timestamp":"2026-10-02T17:28:48.688Z","level":"error","message":"[episode_title.provisional] Model HTTP request failed after the final attempt, provider=openai_compatible, model=qwen2.5:0.5b, attempt=1, maxAttempts=4, errorMessage=openai_compatible HTTP 404: model 'qwen2.5:0.5b' not found"}
{"timestamp":"2026-10-02T17:28:48.688Z","level":"error","message":"[episode_title.provisional] Model request failed, provider=openai_compatible, model=qwen2.5:0.5b, maxTokens=4096, durationMs=7, errorMessage=openai_compatible HTTP 404: model 'qwen2.5:0.5b' not found"}
{"timestamp":"2026-10-02T17:28:48.688Z","level":"error","message":"[episode.title] Job failed, jobId=job_d01d8588a13d850c7dbd, attempt=2, maxAttempts=3, terminal=false, errorMessage=openai_compatible HTTP 404: model 'qwen2.5:0.5b' not found"}
{"timestamp":"2026-10-02T17:28:48.689Z","level":"info","message":"[episode.title] Job started, jobId=job_cd683f6bfc468c19bab7, attempt=2, maxAttempts=3, sessionId=session_a8267bd05dc0c61d0148, episodeId=episode_66fc0fcdf236b0e19938"}
{"timestamp":"2026-10-02T17:28:48.696Z","level":"error","message":"[episode_title.provisional] Model HTTP request failed after the final attempt, provider=openai_compatible, model=qwen2.5:0.5b, attempt=1, maxAttempts=4, errorMessage=openai_compatible HTTP 404: model 'qwen2.5:0.5b' not found"}
{"timestamp":"2026-10-02T17:28:48.696Z","level":"error","message":"[episode_title.provisional] Model request failed, provider=openai_compatible, model=qwen2.5:0.5b, maxTokens=4096, durationMs=6, errorMessage=openai_compatible HTTP 404: model 'qwen2.5:0.5b' not found"}
{"timestamp":"2026-10-02T17:28:48.696Z","level":"error","message":"[episode.title] Job failed, jobId=job_cd683f6bfc468c19bab7, attempt=2, maxAttempts=3, terminal=false, errorMessage=openai_compatible HTTP 404: model 'qwen2.5:0.5b' not found"}
{"timestamp":"2026-10-02T17:28:48.696Z","level":"info","message":"[episode.title] Job started, jobId=job_7b2fc96a870978150bb2, attempt=2, maxAttempts=3, sessionId=session_e3f0515fb77749201ba0, episodeId=episode_be851aec0652c9f429d2"}
{"timestamp":"2026-10-02T17:28:48.704Z","level":"error","message":"[episode_title.provisional] Model HTTP request failed after the final attempt, provider=openai_compatible, model=qwen2.5:0.5b, attempt=1, maxAttempts=4, errorMessage=openai_compatible HTTP 404: model 'qwen2.5:0.5b' not found"}
{"timestamp":"2026-10-02T17:28:48.704Z","level":"error","message":"[episode_title.provisional] Model request failed, provider=openai_compatible, model=qwen2.5:0.5b, maxTokens=4096, durationMs=6, errorMessage=openai_compatible HTTP 404: model 'qwen2.5:0.5b' not found"}
{"timestamp":"2026-10-02T17:28:48.705Z","level":"error","message":"[episode.title] Job failed, jobId=job_7b2fc96a870978150bb2, attempt=2, maxAttempts=3, terminal=false, errorMessage=openai_compatible HTTP 404: model 'qwen2.5:0.5b' not found"}
{"timestamp":"2026-10-02T17:28:48.705Z","level":"info","message":"[worker] Worker drain completed, leased=4, succeeded=0, failed=4, embeddingRetriesLeased=0, embeddingRetriesSucceeded=0, embeddingRetriesFailed=0"}
{"timestamp":"2026-10-02T17:28:48.707Z","level":"info","message":"[episode.title] Job started, jobId=job_b77b9ef574d1f5a9ef41, attempt=3, maxAttempts=3, sessionId=session_748dea03838436c26b11, episodeId=episode_8bf4dcdf10276a085362"}
{"timestamp":"2026-10-02T17:28:48.714Z","level":"error","message":"[episode_title.final] Model HTTP request failed after the final attempt, provider=openai_compatible, model=qwen2.5:0.5b, attempt=1, maxAttempts=4, errorMessage=openai_compatible HTTP 404: model 'qwen2.5:0.5b' not found"}
{"timestamp":"2026-10-02T17:28:48.715Z","level":"error","message":"[episode_title.final] Model request failed, provider=openai_compatible, model=qwen2.5:0.5b, maxTokens=4096, durationMs=7, errorMessage=openai_compatible HTTP 404: model 'qwen2.5:0.5b' not found"}
{"timestamp":"2026-10-02T17:28:48.715Z","level":"error","message":"[episode.title] Job failed, jobId=job_b77b9ef574d1f5a9ef41, attempt=3, maxAttempts=3, terminal=true, errorMessage=openai_compatible HTTP 404: model 'qwen2.5:0.5b' not found"}
{"timestamp":"2026-10-02T17:28:48.715Z","level":"info","message":"[episode.title] Job started, jobId=job_d01d8588a13d850c7dbd, attempt=3, maxAttempts=3, sessionId=session_748dea03838436c26b11, episodeId=episode_96e501bd6fe7ccb29289"}
{"timestamp":"2026-10-02T17:28:48.723Z","level":"error","message":"[episode_title.provisional] Model HTTP request failed after the final attempt, provider=openai_compatible, model=qwen2.5:0.5b, attempt=1, maxAttempts=4, errorMessage=openai_compatible HTTP 404: model 'qwen2.5:0.5b' not found"}
{"timestamp":"2026-10-02T17:28:48.723Z","level":"error","message":"[episode_title.provisional] Model request failed, provider=openai_compatible, model=qwen2.5:0.5b, maxTokens=4096, durationMs=6, errorMessage=openai_compatible HTTP 404: model 'qwen2.5:0.5b' not found"}
{"timestamp":"2026-10-02T17:28:48.724Z","level":"error","message":"[episode.title] Job failed, jobId=job_d01d8588a13d850c7dbd, attempt=3, maxAttempts=3, terminal=true, errorMessage=openai_compatible HTTP 404: model 'qwen2.5:0.5b' not found"}
{"timestamp":"2026-10-02T17:28:48.724Z","level":"info","message":"[episode.title] Job started, jobId=job_cd683f6bfc468c19bab7, attempt=3, maxAttempts=3, sessionId=session_a8267bd05dc0c61d0148, episodeId=episode_66fc0fcdf236b0e19938"}
{"timestamp":"2026-10-02T17:28:48.731Z","level":"error","message":"[episode_title.provisional] Model HTTP request failed after the final attempt, provider=openai_compatible, model=qwen2.5:0.5b, attempt=1, maxAttempts=4, errorMessage=openai_compatible HTTP 404: model 'qwen2.5:0.5b' not found"}
{"timestamp":"2026-10-02T17:28:48.731Z","level":"error","message":"[episode_title.provisional] Model request failed, provider=openai_compatible, model=qwen2.5:0.5b, maxTokens=4096, durationMs=6, errorMessage=openai_compatible HTTP 404: model 'qwen2.5:0.5b' not found"}
{"timestamp":"2026-10-02T17:28:48.732Z","level":"error","message":"[episode.title] Job failed, jobId=job_cd683f6bfc468c19bab7, attempt=3, maxAttempts=3, terminal=true, errorMessage=openai_compatible HTTP 404: model 'qwen2.5:0.5b' not found"}
{"timestamp":"2026-10-02T17:28:48.732Z","level":"info","message":"[episode.title] Job started, jobId=job_7b2fc96a870978150bb2, attempt=3, maxAttempts=3, sessionId=session_e3f0515fb77749201ba0, episodeId=episode_be851aec0652c9f429d2"}
{"timestamp":"2026-10-02T17:28:48.741Z","level":"error","message":"[episode_title.provisional] Model HTTP request failed after the final attempt, provider=openai_compatible, model=qwen2.5:0.5b, attempt=1, maxAttempts=4, errorMessage=openai_compatible HTTP 404: model 'qwen2.5:0.5b' not found"}
{"timestamp":"2026-10-02T17:28:48.741Z","level":"error","message":"[episode_title.provisional] Model request failed, provider=openai_compatible, model=qwen2.5:0.5b, maxTokens=4096, durationMs=8, errorMessage=openai_compatible HTTP 404: model 'qwen2.5:0.5b' not found"}
{"timestamp":"2026-10-02T17:28:48.741Z","level":"error","message":"[episode.title] Job failed, jobId=job_7b2fc96a870978150bb2, attempt=3, maxAttempts=3, terminal=true, errorMessage=openai_compatible HTTP 404: model 'qwen2.5:0.5b' not found"}
{"timestamp":"2026-10-02T17:28:48.742Z","level":"info","message":"[worker] Worker drain completed, leased=4, succeeded=0, failed=4, embeddingRetriesLeased=0, embeddingRetriesSucceeded=0, embeddingRetriesFailed=0"}
{"timestamp":"2026-10-02T17:28:48.748Z","level":"info","message":"[episode.title] Job started, jobId=job_9c87875dc7660794cf05, attempt=1, maxAttempts=3, sessionId=session_94f26f8db5c2d9fb278a, episodeId=episode_be79cc9d18b4b15f08c9"}
{"timestamp":"2026-10-02T17:28:48.757Z","level":"error","message":"[episode_title.final] Model HTTP request failed after the final attempt, provider=openai_compatible, model=qwen2.5:0.5b, attempt=1, maxAttempts=4, errorMessage=openai_compatible HTTP 404: model 'qwen2.5:0.5b' not found"}
{"timestamp":"2026-10-02T17:28:48.757Z","level":"error","message":"[episode_title.final] Model request failed, provider=openai_compatible, model=qwen2.5:0.5b, maxTokens=4096, durationMs=6, errorMessage=openai_compatible HTTP 404: model 'qwen2.5:0.5b' not found"}
{"timestamp":"2026-10-02T17:28:48.758Z","level":"error","message":"[episode.title] Job failed, jobId=job_9c87875dc7660794cf05, attempt=1, maxAttempts=3, terminal=false, errorMessage=openai_compatible HTTP 404: model 'qwen2.5:0.5b' not found"}
{"timestamp":"2026-10-02T17:28:48.758Z","level":"info","message":"[episode.title] Job started, jobId=job_d0b7c0b06ed0542737f7, attempt=1, maxAttempts=3, sessionId=session_94f26f8db5c2d9fb278a, episodeId=episode_e9eb020f942c0c69f916"}
{"timestamp":"2026-10-02T17:28:48.766Z","level":"error","message":"[episode_title.provisional] Model HTTP request failed after the final attempt, provider=openai_compatible, model=qwen2.5:0.5b, attempt=1, maxAttempts=4, errorMessage=openai_compatible HTTP 404: model 'qwen2.5:0.5b' not found"}
{"timestamp":"2026-10-02T17:28:48.766Z","level":"error","message":"[episode_title.provisional] Model request failed, provider=openai_compatible, model=qwen2.5:0.5b, maxTokens=4096, durationMs=7, errorMessage=openai_compatible HTTP 404: model 'qwen2.5:0.5b' not found"}
{"timestamp":"2026-10-02T17:28:48.766Z","level":"error","message":"[episode.title] Job failed, jobId=job_d0b7c0b06ed0542737f7, attempt=1, maxAttempts=3, terminal=false, errorMessage=openai_compatible HTTP 404: model 'qwen2.5:0.5b' not found"}
{"timestamp":"2026-10-02T17:28:48.766Z","level":"info","message":"[episode.title] Job started, jobId=job_27f769312d3aeefce024, attempt=1, maxAttempts=3, sessionId=session_f4894cbb5cee22eab31f, episodeId=episode_83056281bde3f878c360"}
{"timestamp":"2026-10-02T17:28:48.774Z","level":"error","message":"[episode_title.provisional] Model HTTP request failed after the final attempt, provider=openai_compatible, model=qwen2.5:0.5b, attempt=1, maxAttempts=4, errorMessage=openai_compatible HTTP 404: model 'qwen2.5:0.5b' not found"}
{"timestamp":"2026-10-02T17:28:48.774Z","level":"error","message":"[episode_title.provisional] Model request failed, provider=openai_compatible, model=qwen2.5:0.5b, maxTokens=4096, durationMs=6, errorMessage=openai_compatible HTTP 404: model 'qwen2.5:0.5b' not found"}
{"timestamp":"2026-10-02T17:28:48.774Z","level":"error","message":"[episode.title] Job failed, jobId=job_27f769312d3aeefce024, attempt=1, maxAttempts=3, terminal=false, errorMessage=openai_compatible HTTP 404: model 'qwen2.5:0.5b' not found"}
{"timestamp":"2026-10-02T17:28:48.775Z","level":"info","message":"[episode.title] Job started, jobId=job_38a67193a20c89fe928e, attempt=1, maxAttempts=3, sessionId=session_f4894cbb5cee22eab31f, episodeId=episode_83056281bde3f878c360"}
{"timestamp":"2026-10-02T17:28:48.782Z","level":"error","message":"[episode_title.final] Model HTTP request failed after the final attempt, provider=openai_compatible, model=qwen2.5:0.5b, attempt=1, maxAttempts=4, errorMessage=openai_compatible HTTP 404: model 'qwen2.5:0.5b' not found"}
{"timestamp":"2026-10-02T17:28:48.782Z","level":"error","message":"[episode_title.final] Model request failed, provider=openai_compatible, model=qwen2.5:0.5b, maxTokens=4096, durationMs=6, errorMessage=openai_compatible HTTP 404: model 'qwen2.5:0.5b' not found"}
{"timestamp":"2026-10-02T17:28:48.782Z","level":"error","message":"[episode.title] Job failed, jobId=job_38a67193a20c89fe928e, attempt=1, maxAttempts=3, terminal=false, errorMessage=openai_compatible HTTP 404: model 'qwen2.5:0.5b' not found"}
{"timestamp":"2026-10-02T17:28:48.783Z","level":"info","message":"[worker] Worker drain completed, leased=4, succeeded=0, failed=4, embeddingRetriesLeased=0, embeddingRetriesSucceeded=0, embeddingRetriesFailed=0"}
{"timestamp":"2026-10-02T17:28:48.795Z","level":"info","message":"[episode.title] Job started, jobId=job_9c87875dc7660794cf05, attempt=2, maxAttempts=3, sessionId=session_94f26f8db5c2d9fb278a, episodeId=episode_be79cc9d18b4b15f08c9"}
{"timestamp":"2026-10-02T17:28:48.804Z","level":"error","message":"[episode_title.final] Model HTTP request failed after the final attempt, provider=openai_compatible, model=qwen2.5:0.5b, attempt=1, maxAttempts=4, errorMessage=openai_compatible HTTP 404: model 'qwen2.5:0.5b' not found"}
{"timestamp":"2026-10-02T17:28:48.804Z","level":"error","message":"[episode_title.final] Model request failed, provider=openai_compatible, model=qwen2.5:0.5b, maxTokens=4096, durationMs=6, errorMessage=openai_compatible HTTP 404: model 'qwen2.5:0.5b' not found"}
{"timestamp":"2026-10-02T17:28:48.805Z","level":"error","message":"[episode.title] Job failed, jobId=job_9c87875dc7660794cf05, attempt=2, maxAttempts=3, terminal=false, errorMessage=openai_compatible HTTP 404: model 'qwen2.5:0.5b' not found"}
{"timestamp":"2026-10-02T17:28:48.805Z","level":"info","message":"[episode.title] Job started, jobId=job_d0b7c0b06ed0542737f7, attempt=2, maxAttempts=3, sessionId=session_94f26f8db5c2d9fb278a, episodeId=episode_e9eb020f942c0c69f916"}
{"timestamp":"2026-10-02T17:28:48.812Z","level":"error","message":"[episode_title.provisional] Model HTTP request failed after the final attempt, provider=openai_compatible, model=qwen2.5:0.5b, attempt=1, maxAttempts=4, errorMessage=openai_compatible HTTP 404: model 'qwen2.5:0.5b' not found"}
{"timestamp":"2026-10-02T17:28:48.812Z","level":"error","message":"[episode_title.provisional] Model request failed, provider=openai_compatible, model=qwen2.5:0.5b, maxTokens=4096, durationMs=6, errorMessage=openai_compatible HTTP 404: model 'qwen2.5:0.5b' not found"}
{"timestamp":"2026-10-02T17:28:48.812Z","level":"error","message":"[episode.title] Job failed, jobId=job_d0b7c0b06ed0542737f7, attempt=2, maxAttempts=3, terminal=false, errorMessage=openai_compatible HTTP 404: model 'qwen2.5:0.5b' not found"}
{"timestamp":"2026-10-02T17:28:48.813Z","level":"info","message":"[episode.title] Job started, jobId=job_27f769312d3aeefce024, attempt=2, maxAttempts=3, sessionId=session_f4894cbb5cee22eab31f, episodeId=episode_83056281bde3f878c360"}
{"timestamp":"2026-10-02T17:28:48.820Z","level":"error","message":"[episode_title.provisional] Model HTTP request failed after the final attempt, provider=openai_compatible, model=qwen2.5:0.5b, attempt=1, maxAttempts=4, errorMessage=openai_compatible HTTP 404: model 'qwen2.5:0.5b' not found"}
{"timestamp":"2026-10-02T17:28:48.820Z","level":"error","message":"[episode_title.provisional] Model request failed, provider=openai_compatible, model=qwen2.5:0.5b, maxTokens=4096, durationMs=6, errorMessage=openai_compatible HTTP 404: model 'qwen2.5:0.5b' not found"}
{"timestamp":"2026-10-02T17:28:48.820Z","level":"error","message":"[episode.title] Job failed, jobId=job_27f769312d3aeefce024, attempt=2, maxAttempts=3, terminal=false, errorMessage=openai_compatible HTTP 404: model 'qwen2.5:0.5b' not found"}
{"timestamp":"2026-10-02T17:28:48.820Z","level":"info","message":"[episode.title] Job started, jobId=job_38a67193a20c89fe928e, attempt=2, maxAttempts=3, sessionId=session_f4894cbb5cee22eab31f, episodeId=episode_83056281bde3f878c360"}
{"timestamp":"2026-10-02T17:28:48.828Z","level":"error","message":"[episode_title.final] Model HTTP request failed after the final attempt, provider=openai_compatible, model=qwen2.5:0.5b, attempt=1, maxAttempts=4, errorMessage=openai_compatible HTTP 404: model 'qwen2.5:0.5b' not found"}
{"timestamp":"2026-10-02T17:28:48.828Z","level":"error","message":"[episode_title.final] Model request failed, provider=openai_compatible, model=qwen2.5:0.5b, maxTokens=4096, durationMs=6, errorMessage=openai_compatible HTTP 404: model 'qwen2.5:0.5b' not found"}
{"timestamp":"2026-10-02T17:28:48.828Z","level":"error","message":"[episode.title] Job failed, jobId=job_38a67193a20c89fe928e, attempt=2, maxAttempts=3, terminal=false, errorMessage=openai_compatible HTTP 404: model 'qwen2.5:0.5b' not found"}
{"timestamp":"2026-10-02T17:28:48.828Z","level":"info","message":"[worker] Worker drain completed, leased=4, succeeded=0, failed=4, embeddingRetriesLeased=0, embeddingRetriesSucceeded=0, embeddingRetriesFailed=0"}
{"timestamp":"2026-10-02T17:28:48.857Z","level":"info","message":"[episode.title] Job started, jobId=job_9c87875dc7660794cf05, attempt=3, maxAttempts=3, sessionId=session_94f26f8db5c2d9fb278a, episodeId=episode_be79cc9d18b4b15f08c9"}
{"timestamp":"2026-10-02T17:28:48.866Z","level":"error","message":"[episode_title.final] Model HTTP request failed after the final attempt, provider=openai_compatible, model=qwen2.5:0.5b, attempt=1, maxAttempts=4, errorMessage=openai_compatible HTTP 404: model 'qwen2.5:0.5b' not found"}
{"timestamp":"2026-10-02T17:28:48.866Z","level":"error","message":"[episode_title.final] Model request failed, provider=openai_compatible, model=qwen2.5:0.5b, maxTokens=4096, durationMs=6, errorMessage=openai_compatible HTTP 404: model 'qwen2.5:0.5b' not found"}
{"timestamp":"2026-10-02T17:28:48.867Z","level":"error","message":"[episode.title] Job failed, jobId=job_9c87875dc7660794cf05, attempt=3, maxAttempts=3, terminal=true, errorMessage=openai_compatible HTTP 404: model 'qwen2.5:0.5b' not found"}
{"timestamp":"2026-10-02T17:28:48.867Z","level":"info","message":"[episode.title] Job started, jobId=job_d0b7c0b06ed0542737f7, attempt=3, maxAttempts=3, sessionId=session_94f26f8db5c2d9fb278a, episodeId=episode_e9eb020f942c0c69f916"}
{"timestamp":"2026-10-02T17:28:48.874Z","level":"error","message":"[episode_title.provisional] Model HTTP request failed after the final attempt, provider=openai_compatible, model=qwen2.5:0.5b, attempt=1, maxAttempts=4, errorMessage=openai_compatible HTTP 404: model 'qwen2.5:0.5b' not found"}
{"timestamp":"2026-10-02T17:28:48.874Z","level":"error","message":"[episode_title.provisional] Model request failed, provider=openai_compatible, model=qwen2.5:0.5b, maxTokens=4096, durationMs=6, errorMessage=openai_compatible HTTP 404: model 'qwen2.5:0.5b' not found"}
{"timestamp":"2026-10-02T17:28:48.875Z","level":"error","message":"[episode.title] Job failed, jobId=job_d0b7c0b06ed0542737f7, attempt=3, maxAttempts=3, terminal=true, errorMessage=openai_compatible HTTP 404: model 'qwen2.5:0.5b' not found"}
{"timestamp":"2026-10-02T17:28:48.875Z","level":"info","message":"[episode.title] Job started, jobId=job_27f769312d3aeefce024, attempt=3, maxAttempts=3, sessionId=session_f4894cbb5cee22eab31f, episodeId=episode_83056281bde3f878c360"}
{"timestamp":"2026-10-02T17:28:48.883Z","level":"error","message":"[episode_title.provisional] Model HTTP request failed after the final attempt, provider=openai_compatible, model=qwen2.5:0.5b, attempt=1, maxAttempts=4, errorMessage=openai_compatible HTTP 404: model 'qwen2.5:0.5b' not found"}
{"timestamp":"2026-10-02T17:28:48.883Z","level":"error","message":"[episode_title.provisional] Model request failed, provider=openai_compatible, model=qwen2.5:0.5b, maxTokens=4096, durationMs=7, errorMessage=openai_compatible HTTP 404: model 'qwen2.5:0.5b' not found"}
{"timestamp":"2026-10-02T17:28:48.884Z","level":"error","message":"[episode.title] Job failed, jobId=job_27f769312d3aeefce024, attempt=3, maxAttempts=3, terminal=true, errorMessage=openai_compatible HTTP 404: model 'qwen2.5:0.5b' not found"}
{"timestamp":"2026-10-02T17:28:48.884Z","level":"info","message":"[episode.title] Job started, jobId=job_38a67193a20c89fe928e, attempt=3, maxAttempts=3, sessionId=session_f4894cbb5cee22eab31f, episodeId=episode_83056281bde3f878c360"}
{"timestamp":"2026-10-02T17:28:48.891Z","level":"error","message":"[episode_title.final] Model HTTP request failed after the final attempt, provider=openai_compatible, model=qwen2.5:0.5b, attempt=1, maxAttempts=4, errorMessage=openai_compatible HTTP 404: model 'qwen2.5:0.5b' not found"}
{"timestamp":"2026-10-02T17:28:48.891Z","level":"error","message":"[episode_title.final] Model request failed, provider=openai_compatible, model=qwen2.5:0.5b, maxTokens=4096, durationMs=6, errorMessage=openai_compatible HTTP 404: model 'qwen2.5:0.5b' not found"}
{"timestamp":"2026-10-02T17:28:48.891Z","level":"error","message":"[episode.title] Job failed, jobId=job_38a67193a20c89fe928e, attempt=3, maxAttempts=3, terminal=true, errorMessage=openai_compatible HTTP 404: model 'qwen2.5:0.5b' not found"}
{"timestamp":"2026-10-02T17:28:48.891Z","level":"info","message":"[worker] Worker drain completed, leased=4, succeeded=0, failed=4, embeddingRetriesLeased=0, embeddingRetriesSucceeded=0, embeddingRetriesFailed=0"}
{"timestamp":"2026-10-02T17:28:48.902Z","level":"info","message":"[episode.title] Job started, jobId=job_0236c965d8f2a7316089, attempt=1, maxAttempts=3, sessionId=session_f4894cbb5cee22eab31f, episodeId=episode_5a58417d152fe8fef173"}
{"timestamp":"2026-10-02T17:28:48.913Z","level":"error","message":"[episode_title.provisional] Model HTTP request failed after the final attempt, provider=openai_compatible, model=qwen2.5:0.5b, attempt=1, maxAttempts=4, errorMessage=openai_compatible HTTP 404: model 'qwen2.5:0.5b' not found"}
{"timestamp":"2026-10-02T17:28:48.913Z","level":"error","message":"[episode_title.provisional] Model request failed, provider=openai_compatible, model=qwen2.5:0.5b, maxTokens=4096, durationMs=8, errorMessage=openai_compatible HTTP 404: model 'qwen2.5:0.5b' not found"}
{"timestamp":"2026-10-02T17:28:48.914Z","level":"error","message":"[episode.title] Job failed, jobId=job_0236c965d8f2a7316089, attempt=1, maxAttempts=3, terminal=false, errorMessage=openai_compatible HTTP 404: model 'qwen2.5:0.5b' not found"}
{"timestamp":"2026-10-02T17:28:48.914Z","level":"info","message":"[episode.title] Job started, jobId=job_7d3157d56665498db943, attempt=1, maxAttempts=3, sessionId=session_da73adc2fcd6783996e2, episodeId=episode_31d3b9072ad8fc06e0f1"}
{"timestamp":"2026-10-02T17:28:48.921Z","level":"error","message":"[episode_title.final] Model HTTP request failed after the final attempt, provider=openai_compatible, model=qwen2.5:0.5b, attempt=1, maxAttempts=4, errorMessage=openai_compatible HTTP 404: model 'qwen2.5:0.5b' not found"}
{"timestamp":"2026-10-02T17:28:48.921Z","level":"error","message":"[episode_title.final] Model request failed, provider=openai_compatible, model=qwen2.5:0.5b, maxTokens=4096, durationMs=6, errorMessage=openai_compatible HTTP 404: model 'qwen2.5:0.5b' not found"}
{"timestamp":"2026-10-02T17:28:48.922Z","level":"error","message":"[episode.title] Job failed, jobId=job_7d3157d56665498db943, attempt=1, maxAttempts=3, terminal=false, errorMessage=openai_compatible HTTP 404: model 'qwen2.5:0.5b' not found"}
{"timestamp":"2026-10-02T17:28:48.922Z","level":"info","message":"[episode.title] Job started, jobId=job_1281780860603ed08534, attempt=1, maxAttempts=3, sessionId=session_3dfb88b2f276450e4fa4, episodeId=episode_bb686d09d21dc0975cfc"}
{"timestamp":"2026-10-02T17:28:48.930Z","level":"error","message":"[episode_title.final] Model HTTP request failed after the final attempt, provider=openai_compatible, model=qwen2.5:0.5b, attempt=1, maxAttempts=4, errorMessage=openai_compatible HTTP 404: model 'qwen2.5:0.5b' not found"}
{"timestamp":"2026-10-02T17:28:48.930Z","level":"error","message":"[episode_title.final] Model request failed, provider=openai_compatible, model=qwen2.5:0.5b, maxTokens=4096, durationMs=7, errorMessage=openai_compatible HTTP 404: model 'qwen2.5:0.5b' not found"}
{"timestamp":"2026-10-02T17:28:48.931Z","level":"error","message":"[episode.title] Job failed, jobId=job_1281780860603ed08534, attempt=1, maxAttempts=3, terminal=false, errorMessage=openai_compatible HTTP 404: model 'qwen2.5:0.5b' not found"}
{"timestamp":"2026-10-02T17:28:48.931Z","level":"info","message":"[episode.title] Job started, jobId=job_ee9069e956b2484ae633, attempt=1, maxAttempts=3, sessionId=session_21687f038bb3e22a4d48, episodeId=episode_4e841e6b6861dcc6c131"}
{"timestamp":"2026-10-02T17:28:48.941Z","level":"error","message":"[episode_title.final] Model HTTP request failed after the final attempt, provider=openai_compatible, model=qwen2.5:0.5b, attempt=1, maxAttempts=4, errorMessage=openai_compatible HTTP 404: model 'qwen2.5:0.5b' not found"}
{"timestamp":"2026-10-02T17:28:48.941Z","level":"error","message":"[episode_title.final] Model request failed, provider=openai_compatible, model=qwen2.5:0.5b, maxTokens=4096, durationMs=8, errorMessage=openai_compatible HTTP 404: model 'qwen2.5:0.5b' not found"}
{"timestamp":"2026-10-02T17:28:48.942Z","level":"error","message":"[episode.title] Job failed, jobId=job_ee9069e956b2484ae633, attempt=1, maxAttempts=3, terminal=false, errorMessage=openai_compatible HTTP 404: model 'qwen2.5:0.5b' not found"}
{"timestamp":"2026-10-02T17:28:48.942Z","level":"info","message":"[worker] Worker drain completed, leased=4, succeeded=0, failed=4, embeddingRetriesLeased=0, embeddingRetriesSucceeded=0, embeddingRetriesFailed=0"}
{"timestamp":"2026-10-02T17:28:48.948Z","level":"info","message":"[episode.title] Job started, jobId=job_0236c965d8f2a7316089, attempt=2, maxAttempts=3, sessionId=session_f4894cbb5cee22eab31f, episodeId=episode_5a58417d152fe8fef173"}
{"timestamp":"2026-10-02T17:28:48.960Z","level":"error","message":"[episode_title.provisional] Model HTTP request failed after the final attempt, provider=openai_compatible, model=qwen2.5:0.5b, attempt=1, maxAttempts=4, errorMessage=openai_compatible HTTP 404: model 'qwen2.5:0.5b' not found"}
{"timestamp":"2026-10-02T17:28:48.960Z","level":"error","message":"[episode_title.provisional] Model request failed, provider=openai_compatible, model=qwen2.5:0.5b, maxTokens=4096, durationMs=8, errorMessage=openai_compatible HTTP 404: model 'qwen2.5:0.5b' not found"}
{"timestamp":"2026-10-02T17:28:48.961Z","level":"error","message":"[episode.title] Job failed, jobId=job_0236c965d8f2a7316089, attempt=2, maxAttempts=3, terminal=false, errorMessage=openai_compatible HTTP 404: model 'qwen2.5:0.5b' not found"}
{"timestamp":"2026-10-02T17:28:48.961Z","level":"info","message":"[episode.title] Job started, jobId=job_7d3157d56665498db943, attempt=2, maxAttempts=3, sessionId=session_da73adc2fcd6783996e2, episodeId=episode_31d3b9072ad8fc06e0f1"}
{"timestamp":"2026-10-02T17:28:48.968Z","level":"error","message":"[episode_title.final] Model HTTP request failed after the final attempt, provider=openai_compatible, model=qwen2.5:0.5b, attempt=1, maxAttempts=4, errorMessage=openai_compatible HTTP 404: model 'qwen2.5:0.5b' not found"}
{"timestamp":"2026-10-02T17:28:48.968Z","level":"error","message":"[episode_title.final] Model request failed, provider=openai_compatible, model=qwen2.5:0.5b, maxTokens=4096, durationMs=6, errorMessage=openai_compatible HTTP 404: model 'qwen2.5:0.5b' not found"}
{"timestamp":"2026-10-02T17:28:48.969Z","level":"error","message":"[episode.title] Job failed, jobId=job_7d3157d56665498db943, attempt=2, maxAttempts=3, terminal=false, errorMessage=openai_compatible HTTP 404: model 'qwen2.5:0.5b' not found"}
{"timestamp":"2026-10-02T17:28:48.969Z","level":"info","message":"[episode.title] Job started, jobId=job_1281780860603ed08534, attempt=2, maxAttempts=3, sessionId=session_3dfb88b2f276450e4fa4, episodeId=episode_bb686d09d21dc0975cfc"}
{"timestamp":"2026-10-02T17:28:48.977Z","level":"error","message":"[episode_title.final] Model HTTP request failed after the final attempt, provider=openai_compatible, model=qwen2.5:0.5b, attempt=1, maxAttempts=4, errorMessage=openai_compatible HTTP 404: model 'qwen2.5:0.5b' not found"}
{"timestamp":"2026-10-02T17:28:48.977Z","level":"error","message":"[episode_title.final] Model request failed, provider=openai_compatible, model=qwen2.5:0.5b, maxTokens=4096, durationMs=7, errorMessage=openai_compatible HTTP 404: model 'qwen2.5:0.5b' not found"}
{"timestamp":"2026-10-02T17:28:48.977Z","level":"error","message":"[episode.title] Job failed, jobId=job_1281780860603ed08534, attempt=2, maxAttempts=3, terminal=false, errorMessage=openai_compatible HTTP 404: model 'qwen2.5:0.5b' not found"}
{"timestamp":"2026-10-02T17:28:48.978Z","level":"info","message":"[episode.title] Job started, jobId=job_ee9069e956b2484ae633, attempt=2, maxAttempts=3, sessionId=session_21687f038bb3e22a4d48, episodeId=episode_4e841e6b6861dcc6c131"}
{"timestamp":"2026-10-02T17:28:48.986Z","level":"error","message":"[episode_title.final] Model HTTP request failed after the final attempt, provider=openai_compatible, model=qwen2.5:0.5b, attempt=1, maxAttempts=4, errorMessage=openai_compatible HTTP 404: model 'qwen2.5:0.5b' not found"}
{"timestamp":"2026-10-02T17:28:48.987Z","level":"error","message":"[episode_title.final] Model request failed, provider=openai_compatible, model=qwen2.5:0.5b, maxTokens=4096, durationMs=8, errorMessage=openai_compatible HTTP 404: model 'qwen2.5:0.5b' not found"}
{"timestamp":"2026-10-02T17:28:48.987Z","level":"error","message":"[episode.title] Job failed, jobId=job_ee9069e956b2484ae633, attempt=2, maxAttempts=3, terminal=false, errorMessage=openai_compatible HTTP 404: model 'qwen2.5:0.5b' not found"}
{"timestamp":"2026-10-02T17:28:48.987Z","level":"info","message":"[worker] Worker drain completed, leased=4, succeeded=0, failed=4, embeddingRetriesLeased=0, embeddingRetriesSucceeded=0, embeddingRetriesFailed=0"}
{"timestamp":"2026-10-02T17:28:48.994Z","level":"info","message":"[episode.title] Job started, jobId=job_0236c965d8f2a7316089, attempt=3, maxAttempts=3, sessionId=session_f4894cbb5cee22eab31f, episodeId=episode_5a58417d152fe8fef173"}
{"timestamp":"2026-10-02T17:28:49.005Z","level":"error","message":"[episode_title.provisional] Model HTTP request failed after the final attempt, provider=openai_compatible, model=qwen2.5:0.5b, attempt=1, maxAttempts=4, errorMessage=openai_compatible HTTP 404: model 'qwen2.5:0.5b' not found"}
{"timestamp":"2026-10-02T17:28:49.006Z","level":"error","message":"[episode_title.provisional] Model request failed, provider=openai_compatible, model=qwen2.5:0.5b, maxTokens=4096, durationMs=8, errorMessage=openai_compatible HTTP 404: model 'qwen2.5:0.5b' not found"}
{"timestamp":"2026-10-02T17:28:49.006Z","level":"error","message":"[episode.title] Job failed, jobId=job_0236c965d8f2a7316089, attempt=3, maxAttempts=3, terminal=true, errorMessage=openai_compatible HTTP 404: model 'qwen2.5:0.5b' not found"}
{"timestamp":"2026-10-02T17:28:49.006Z","level":"info","message":"[episode.title] Job started, jobId=job_7d3157d56665498db943, attempt=3, maxAttempts=3, sessionId=session_da73adc2fcd6783996e2, episodeId=episode_31d3b9072ad8fc06e0f1"}
{"timestamp":"2026-10-02T17:28:49.014Z","level":"error","message":"[episode_title.final] Model HTTP request failed after the final attempt, provider=openai_compatible, model=qwen2.5:0.5b, attempt=1, maxAttempts=4, errorMessage=openai_compatible HTTP 404: model 'qwen2.5:0.5b' not found"}
{"timestamp":"2026-10-02T17:28:49.014Z","level":"error","message":"[episode_title.final] Model request failed, provider=openai_compatible, model=qwen2.5:0.5b, maxTokens=4096, durationMs=6, errorMessage=openai_compatible HTTP 404: model 'qwen2.5:0.5b' not found"}
{"timestamp":"2026-10-02T17:28:49.014Z","level":"error","message":"[episode.title] Job failed, jobId=job_7d3157d56665498db943, attempt=3, maxAttempts=3, terminal=true, errorMessage=openai_compatible HTTP 404: model 'qwen2.5:0.5b' not found"}
{"timestamp":"2026-10-02T17:28:49.014Z","level":"info","message":"[episode.title] Job started, jobId=job_1281780860603ed08534, attempt=3, maxAttempts=3, sessionId=session_3dfb88b2f276450e4fa4, episodeId=episode_bb686d09d21dc0975cfc"}
{"timestamp":"2026-10-02T17:28:49.023Z","level":"error","message":"[episode_title.final] Model HTTP request failed after the final attempt, provider=openai_compatible, model=qwen2.5:0.5b, attempt=1, maxAttempts=4, errorMessage=openai_compatible HTTP 404: model 'qwen2.5:0.5b' not found"}
{"timestamp":"2026-10-02T17:28:49.023Z","level":"error","message":"[episode_title.final] Model request failed, provider=openai_compatible, model=qwen2.5:0.5b, maxTokens=4096, durationMs=8, errorMessage=openai_compatible HTTP 404: model 'qwen2.5:0.5b' not found"}
{"timestamp":"2026-10-02T17:28:49.037Z","level":"error","message":"[episode.title] Job failed, jobId=job_1281780860603ed08534, attempt=3, maxAttempts=3, terminal=true, errorMessage=openai_compatible HTTP 404: model 'qwen2.5:0.5b' not found"}
{"timestamp":"2026-10-02T17:28:49.038Z","level":"info","message":"[episode.title] Job started, jobId=job_ee9069e956b2484ae633, attempt=3, maxAttempts=3, sessionId=session_21687f038bb3e22a4d48, episodeId=episode_4e841e6b6861dcc6c131"}
{"timestamp":"2026-10-02T17:28:49.047Z","level":"error","message":"[episode_title.final] Model HTTP request failed after the final attempt, provider=openai_compatible, model=qwen2.5:0.5b, attempt=1, maxAttempts=4, errorMessage=openai_compatible HTTP 404: model 'qwen2.5:0.5b' not found"}
{"timestamp":"2026-10-02T17:28:49.047Z","level":"error","message":"[episode_title.final] Model request failed, provider=openai_compatible, model=qwen2.5:0.5b, maxTokens=4096, durationMs=7, errorMessage=openai_compatible HTTP 404: model 'qwen2.5:0.5b' not found"}
{"timestamp":"2026-10-02T17:28:49.048Z","level":"error","message":"[episode.title] Job failed, jobId=job_ee9069e956b2484ae633, attempt=3, maxAttempts=3, terminal=true, errorMessage=openai_compatible HTTP 404: model 'qwen2.5:0.5b' not found"}
{"timestamp":"2026-10-02T17:28:49.048Z","level":"info","message":"[worker] Worker drain completed, leased=4, succeeded=0, failed=4, embeddingRetriesLeased=0, embeddingRetriesSucceeded=0, embeddingRetriesFailed=0"}
{"timestamp":"2026-10-02T17:28:49.050Z","level":"info","message":"[episode.title] Job started, jobId=job_c76a3bad1533c1032e50, attempt=1, maxAttempts=3, sessionId=session_40d1451b3f36d6457e00, episodeId=episode_57ea250e02f7531b835c"}
{"timestamp":"2026-10-02T17:28:49.057Z","level":"error","message":"[episode_title.final] Model HTTP request failed after the final attempt, provider=openai_compatible, model=qwen2.5:0.5b, attempt=1, maxAttempts=4, errorMessage=openai_compatible HTTP 404: model 'qwen2.5:0.5b' not found"}
{"timestamp":"2026-10-02T17:28:49.057Z","level":"error","message":"[episode_title.final] Model request failed, provider=openai_compatible, model=qwen2.5:0.5b, maxTokens=4096, durationMs=6, errorMessage=openai_compatible HTTP 404: model 'qwen2.5:0.5b' not found"}
{"timestamp":"2026-10-02T17:28:49.057Z","level":"error","message":"[episode.title] Job failed, jobId=job_c76a3bad1533c1032e50, attempt=1, maxAttempts=3, terminal=false, errorMessage=openai_compatible HTTP 404: model 'qwen2.5:0.5b' not found"}
{"timestamp":"2026-10-02T17:28:49.057Z","level":"info","message":"[episode.title] Job started, jobId=job_51ae687f3e15e31a3921, attempt=1, maxAttempts=3, sessionId=session_bf15b68f2cb3158050fa, episodeId=episode_f6f4552c254047a702d5"}
{"timestamp":"2026-10-02T17:28:49.066Z","level":"error","message":"[episode_title.final] Model HTTP request failed after the final attempt, provider=openai_compatible, model=qwen2.5:0.5b, attempt=1, maxAttempts=4, errorMessage=openai_compatible HTTP 404: model 'qwen2.5:0.5b' not found"}
{"timestamp":"2026-10-02T17:28:49.066Z","level":"error","message":"[episode_title.final] Model request failed, provider=openai_compatible, model=qwen2.5:0.5b, maxTokens=4096, durationMs=6, errorMessage=openai_compatible HTTP 404: model 'qwen2.5:0.5b' not found"}
{"timestamp":"2026-10-02T17:28:49.066Z","level":"error","message":"[episode.title] Job failed, jobId=job_51ae687f3e15e31a3921, attempt=1, maxAttempts=3, terminal=false, errorMessage=openai_compatible HTTP 404: model 'qwen2.5:0.5b' not found"}
{"timestamp":"2026-10-02T17:28:49.067Z","level":"info","message":"[episode.title] Job started, jobId=job_3354226f304fa7bb53ac, attempt=1, maxAttempts=3, sessionId=session_24b5d0cfb4f864eb0f8a, episodeId=episode_539afdf598f2f6c61298"}
{"timestamp":"2026-10-02T17:28:49.075Z","level":"error","message":"[episode_title.final] Model HTTP request failed after the final attempt, provider=openai_compatible, model=qwen2.5:0.5b, attempt=1, maxAttempts=4, errorMessage=openai_compatible HTTP 404: model 'qwen2.5:0.5b' not found"}
{"timestamp":"2026-10-02T17:28:49.076Z","level":"error","message":"[episode_title.final] Model request failed, provider=openai_compatible, model=qwen2.5:0.5b, maxTokens=4096, durationMs=7, errorMessage=openai_compatible HTTP 404: model 'qwen2.5:0.5b' not found"}
{"timestamp":"2026-10-02T17:28:49.076Z","level":"error","message":"[episode.title] Job failed, jobId=job_3354226f304fa7bb53ac, attempt=1, maxAttempts=3, terminal=false, errorMessage=openai_compatible HTTP 404: model 'qwen2.5:0.5b' not found"}
{"timestamp":"2026-10-02T17:28:49.076Z","level":"info","message":"[episode.title] Job started, jobId=job_583f9820c28b7966eaa4, attempt=1, maxAttempts=3, sessionId=session_415f55695ed2fe657195, episodeId=episode_df1bbcebdec11f6ac4a9"}
{"timestamp":"2026-10-02T17:28:49.084Z","level":"warn","message":"[episode_title.final] request.input_truncated, role=memory_summary, provider=openai_compatible, model=qwen2.5:0.5b, maxTokens=4096, timeoutMs=180000, maxRetries=3, jsonMode=true, inputTokens=4818, inputTokenBudget=3584, outputTokensReserved=4096"}
{"timestamp":"2026-10-02T17:28:49.090Z","level":"error","message":"[episode_title.final] Model HTTP request failed after the final attempt, provider=openai_compatible, model=qwen2.5:0.5b, attempt=1, maxAttempts=4, errorMessage=openai_compatible HTTP 404: model 'qwen2.5:0.5b' not found"}
{"timestamp":"2026-10-02T17:28:49.090Z","level":"error","message":"[episode_title.final] Model request failed, provider=openai_compatible, model=qwen2.5:0.5b, maxTokens=4096, durationMs=12, errorMessage=openai_compatible HTTP 404: model 'qwen2.5:0.5b' not found"}
{"timestamp":"2026-10-02T17:28:49.091Z","level":"error","message":"[episode.title] Job failed, jobId=job_583f9820c28b7966eaa4, attempt=1, maxAttempts=3, terminal=false, errorMessage=openai_compatible HTTP 404: model 'qwen2.5:0.5b' not found"}
{"timestamp":"2026-10-02T17:28:49.091Z","level":"info","message":"[worker] Worker drain completed, leased=4, succeeded=0, failed=4, embeddingRetriesLeased=0, embeddingRetriesSucceeded=0, embeddingRetriesFailed=0"}
{"timestamp":"2026-10-02T17:28:49.104Z","level":"info","message":"[episode.title] Job started, jobId=job_c76a3bad1533c1032e50, attempt=2, maxAttempts=3, sessionId=session_40d1451b3f36d6457e00, episodeId=episode_57ea250e02f7531b835c"}
{"timestamp":"2026-10-02T17:28:49.110Z","level":"error","message":"[episode_title.final] Model HTTP request failed after the final attempt, provider=openai_compatible, model=qwen2.5:0.5b, attempt=1, maxAttempts=4, errorMessage=openai_compatible HTTP 404: model 'qwen2.5:0.5b' not found"}
{"timestamp":"2026-10-02T17:28:49.110Z","level":"error","message":"[episode_title.final] Model request failed, provider=openai_compatible, model=qwen2.5:0.5b, maxTokens=4096, durationMs=5, errorMessage=openai_compatible HTTP 404: model 'qwen2.5:0.5b' not found"}
{"timestamp":"2026-10-02T17:28:49.111Z","level":"error","message":"[episode.title] Job failed, jobId=job_c76a3bad1533c1032e50, attempt=2, maxAttempts=3, terminal=false, errorMessage=openai_compatible HTTP 404: model 'qwen2.5:0.5b' not found"}
{"timestamp":"2026-10-02T17:28:49.111Z","level":"info","message":"[episode.title] Job started, jobId=job_51ae687f3e15e31a3921, attempt=2, maxAttempts=3, sessionId=session_bf15b68f2cb3158050fa, episodeId=episode_f6f4552c254047a702d5"}
{"timestamp":"2026-10-02T17:28:49.120Z","level":"error","message":"[episode_title.final] Model HTTP request failed after the final attempt, provider=openai_compatible, model=qwen2.5:0.5b, attempt=1, maxAttempts=4, errorMessage=openai_compatible HTTP 404: model 'qwen2.5:0.5b' not found"}
{"timestamp":"2026-10-02T17:28:49.120Z","level":"error","message":"[episode_title.final] Model request failed, provider=openai_compatible, model=qwen2.5:0.5b, maxTokens=4096, durationMs=7, errorMessage=openai_compatible HTTP 404: model 'qwen2.5:0.5b' not found"}
{"timestamp":"2026-10-02T17:28:49.121Z","level":"error","message":"[episode.title] Job failed, jobId=job_51ae687f3e15e31a3921, attempt=2, maxAttempts=3, terminal=false, errorMessage=openai_compatible HTTP 404: model 'qwen2.5:0.5b' not found"}
{"timestamp":"2026-10-02T17:28:49.121Z","level":"info","message":"[episode.title] Job started, jobId=job_3354226f304fa7bb53ac, attempt=2, maxAttempts=3, sessionId=session_24b5d0cfb4f864eb0f8a, episodeId=episode_539afdf598f2f6c61298"}
{"timestamp":"2026-10-02T17:28:49.129Z","level":"error","message":"[episode_title.final] Model HTTP request failed after the final attempt, provider=openai_compatible, model=qwen2.5:0.5b, attempt=1, maxAttempts=4, errorMessage=openai_compatible HTTP 404: model 'qwen2.5:0.5b' not found"}
{"timestamp":"2026-10-02T17:28:49.129Z","level":"error","message":"[episode_title.final] Model request failed, provider=openai_compatible, model=qwen2.5:0.5b, maxTokens=4096, durationMs=6, errorMessage=openai_compatible HTTP 404: model 'qwen2.5:0.5b' not found"}
{"timestamp":"2026-10-02T17:28:49.130Z","level":"error","message":"[episode.title] Job failed, jobId=job_3354226f304fa7bb53ac, attempt=2, maxAttempts=3, terminal=false, errorMessage=openai_compatible HTTP 404: model 'qwen2.5:0.5b' not found"}
{"timestamp":"2026-10-02T17:28:49.130Z","level":"info","message":"[episode.title] Job started, jobId=job_583f9820c28b7966eaa4, attempt=2, maxAttempts=3, sessionId=session_415f55695ed2fe657195, episodeId=episode_df1bbcebdec11f6ac4a9"}
{"timestamp":"2026-10-02T17:28:49.137Z","level":"warn","message":"[episode_title.final] request.input_truncated, role=memory_summary, provider=openai_compatible, model=qwen2.5:0.5b, maxTokens=4096, timeoutMs=180000, maxRetries=3, jsonMode=true, inputTokens=4818, inputTokenBudget=3584, outputTokensReserved=4096"}
{"timestamp":"2026-10-02T17:28:49.143Z","level":"error","message":"[episode_title.final] Model HTTP request failed after the final attempt, provider=openai_compatible, model=qwen2.5:0.5b, attempt=1, maxAttempts=4, errorMessage=openai_compatible HTTP 404: model 'qwen2.5:0.5b' not found"}
{"timestamp":"2026-10-02T17:28:49.143Z","level":"error","message":"[episode_title.final] Model request failed, provider=openai_compatible, model=qwen2.5:0.5b, maxTokens=4096, durationMs=12, errorMessage=openai_compatible HTTP 404: model 'qwen2.5:0.5b' not found"}
{"timestamp":"2026-10-02T17:28:49.144Z","level":"error","message":"[episode.title] Job failed, jobId=job_583f9820c28b7966eaa4, attempt=2, maxAttempts=3, terminal=false, errorMessage=openai_compatible HTTP 404: model 'qwen2.5:0.5b' not found"}
{"timestamp":"2026-10-02T17:28:49.144Z","level":"info","message":"[worker] Worker drain completed, leased=4, succeeded=0, failed=4, embeddingRetriesLeased=0, embeddingRetriesSucceeded=0, embeddingRetriesFailed=0"}
{"timestamp":"2026-10-02T17:28:49.149Z","level":"info","message":"[episode.title] Job started, jobId=job_c76a3bad1533c1032e50, attempt=3, maxAttempts=3, sessionId=session_40d1451b3f36d6457e00, episodeId=episode_57ea250e02f7531b835c"}
{"timestamp":"2026-10-02T17:28:49.155Z","level":"error","message":"[episode_title.final] Model HTTP request failed after the final attempt, provider=openai_compatible, model=qwen2.5:0.5b, attempt=1, maxAttempts=4, errorMessage=openai_compatible HTTP 404: model 'qwen2.5:0.5b' not found"}
{"timestamp":"2026-10-02T17:28:49.155Z","level":"error","message":"[episode_title.final] Model request failed, provider=openai_compatible, model=qwen2.5:0.5b, maxTokens=4096, durationMs=6, errorMessage=openai_compatible HTTP 404: model 'qwen2.5:0.5b' not found"}
{"timestamp":"2026-10-02T17:28:49.155Z","level":"error","message":"[episode.title] Job failed, jobId=job_c76a3bad1533c1032e50, attempt=3, maxAttempts=3, terminal=true, errorMessage=openai_compatible HTTP 404: model 'qwen2.5:0.5b' not found"}
{"timestamp":"2026-10-02T17:28:49.156Z","level":"info","message":"[episode.title] Job started, jobId=job_51ae687f3e15e31a3921, attempt=3, maxAttempts=3, sessionId=session_bf15b68f2cb3158050fa, episodeId=episode_f6f4552c254047a702d5"}
{"timestamp":"2026-10-02T17:28:49.165Z","level":"error","message":"[episode_title.final] Model HTTP request failed after the final attempt, provider=openai_compatible, model=qwen2.5:0.5b, attempt=1, maxAttempts=4, errorMessage=openai_compatible HTTP 404: model 'qwen2.5:0.5b' not found"}
{"timestamp":"2026-10-02T17:28:49.165Z","level":"error","message":"[episode_title.final] Model request failed, provider=openai_compatible, model=qwen2.5:0.5b, maxTokens=4096, durationMs=7, errorMessage=openai_compatible HTTP 404: model 'qwen2.5:0.5b' not found"}
{"timestamp":"2026-10-02T17:28:49.165Z","level":"error","message":"[episode.title] Job failed, jobId=job_51ae687f3e15e31a3921, attempt=3, maxAttempts=3, terminal=true, errorMessage=openai_compatible HTTP 404: model 'qwen2.5:0.5b' not found"}
{"timestamp":"2026-10-02T17:28:49.166Z","level":"info","message":"[episode.title] Job started, jobId=job_3354226f304fa7bb53ac, attempt=3, maxAttempts=3, sessionId=session_24b5d0cfb4f864eb0f8a, episodeId=episode_539afdf598f2f6c61298"}
{"timestamp":"2026-10-02T17:28:49.174Z","level":"error","message":"[episode_title.final] Model HTTP request failed after the final attempt, provider=openai_compatible, model=qwen2.5:0.5b, attempt=1, maxAttempts=4, errorMessage=openai_compatible HTTP 404: model 'qwen2.5:0.5b' not found"}
{"timestamp":"2026-10-02T17:28:49.174Z","level":"error","message":"[episode_title.final] Model request failed, provider=openai_compatible, model=qwen2.5:0.5b, maxTokens=4096, durationMs=6, errorMessage=openai_compatible HTTP 404: model 'qwen2.5:0.5b' not found"}
{"timestamp":"2026-10-02T17:28:49.175Z","level":"error","message":"[episode.title] Job failed, jobId=job_3354226f304fa7bb53ac, attempt=3, maxAttempts=3, terminal=true, errorMessage=openai_compatible HTTP 404: model 'qwen2.5:0.5b' not found"}
{"timestamp":"2026-10-02T17:28:49.175Z","level":"info","message":"[episode.title] Job started, jobId=job_583f9820c28b7966eaa4, attempt=3, maxAttempts=3, sessionId=session_415f55695ed2fe657195, episodeId=episode_df1bbcebdec11f6ac4a9"}
{"timestamp":"2026-10-02T17:28:49.182Z","level":"warn","message":"[episode_title.final] request.input_truncated, role=memory_summary, provider=openai_compatible, model=qwen2.5:0.5b, maxTokens=4096, timeoutMs=180000, maxRetries=3, jsonMode=true, inputTokens=4818, inputTokenBudget=3584, outputTokensReserved=4096"}
{"timestamp":"2026-10-02T17:28:49.187Z","level":"error","message":"[episode_title.final] Model HTTP request failed after the final attempt, provider=openai_compatible, model=qwen2.5:0.5b, attempt=1, maxAttempts=4, errorMessage=openai_compatible HTTP 404: model 'qwen2.5:0.5b' not found"}
{"timestamp":"2026-10-02T17:28:49.187Z","level":"error","message":"[episode_title.final] Model request failed, provider=openai_compatible, model=qwen2.5:0.5b, maxTokens=4096, durationMs=10, errorMessage=openai_compatible HTTP 404: model 'qwen2.5:0.5b' not found"}
{"timestamp":"2026-10-02T17:28:49.188Z","level":"error","message":"[episode.title] Job failed, jobId=job_583f9820c28b7966eaa4, attempt=3, maxAttempts=3, terminal=true, errorMessage=openai_compatible HTTP 404: model 'qwen2.5:0.5b' not found"}
{"timestamp":"2026-10-02T17:28:49.188Z","level":"info","message":"[worker] Worker drain completed, leased=4, succeeded=0, failed=4, embeddingRetriesLeased=0, embeddingRetriesSucceeded=0, embeddingRetriesFailed=0"}
{"timestamp":"2026-10-02T17:28:49.194Z","level":"info","message":"[episode.title] Job started, jobId=job_7003f49799571ed18ef6, attempt=1, maxAttempts=3, sessionId=session_66e62dc17379e5c7517d, episodeId=episode_50d4c2c0f5a2b04f11a7"}
{"timestamp":"2026-10-02T17:28:49.203Z","level":"error","message":"[episode_title.final] Model HTTP request failed after the final attempt, provider=openai_compatible, model=qwen2.5:0.5b, attempt=1, maxAttempts=4, errorMessage=openai_compatible HTTP 404: model 'qwen2.5:0.5b' not found"}
{"timestamp":"2026-10-02T17:28:49.203Z","level":"error","message":"[episode_title.final] Model request failed, provider=openai_compatible, model=qwen2.5:0.5b, maxTokens=4096, durationMs=7, errorMessage=openai_compatible HTTP 404: model 'qwen2.5:0.5b' not found"}
{"timestamp":"2026-10-02T17:28:49.204Z","level":"error","message":"[episode.title] Job failed, jobId=job_7003f49799571ed18ef6, attempt=1, maxAttempts=3, terminal=false, errorMessage=openai_compatible HTTP 404: model 'qwen2.5:0.5b' not found"}
{"timestamp":"2026-10-02T17:28:49.204Z","level":"info","message":"[episode.title] Job started, jobId=job_4ba0842df04259b0d19e, attempt=1, maxAttempts=3, sessionId=session_4c7183d08d0ac324428c, episodeId=episode_2ad7210ab2351486cce3"}
{"timestamp":"2026-10-02T17:28:49.213Z","level":"error","message":"[episode_title.final] Model HTTP request failed after the final attempt, provider=openai_compatible, model=qwen2.5:0.5b, attempt=1, maxAttempts=4, errorMessage=openai_compatible HTTP 404: model 'qwen2.5:0.5b' not found"}
{"timestamp":"2026-10-02T17:28:49.213Z","level":"error","message":"[episode_title.final] Model request failed, provider=openai_compatible, model=qwen2.5:0.5b, maxTokens=4096, durationMs=6, errorMessage=openai_compatible HTTP 404: model 'qwen2.5:0.5b' not found"}
{"timestamp":"2026-10-02T17:28:49.213Z","level":"error","message":"[episode.title] Job failed, jobId=job_4ba0842df04259b0d19e, attempt=1, maxAttempts=3, terminal=false, errorMessage=openai_compatible HTTP 404: model 'qwen2.5:0.5b' not found"}
{"timestamp":"2026-10-02T17:28:49.213Z","level":"info","message":"[episode.title] Job started, jobId=job_cfa280fad4d544b236e3, attempt=1, maxAttempts=3, sessionId=session_7be3610008816d8e60d3, episodeId=episode_96f791a824b8658f1e52"}
{"timestamp":"2026-10-02T17:28:49.221Z","level":"error","message":"[episode_title.final] Model HTTP request failed after the final attempt, provider=openai_compatible, model=qwen2.5:0.5b, attempt=1, maxAttempts=4, errorMessage=openai_compatible HTTP 404: model 'qwen2.5:0.5b' not found"}
{"timestamp":"2026-10-02T17:28:49.221Z","level":"error","message":"[episode_title.final] Model request failed, provider=openai_compatible, model=qwen2.5:0.5b, maxTokens=4096, durationMs=6, errorMessage=openai_compatible HTTP 404: model 'qwen2.5:0.5b' not found"}
{"timestamp":"2026-10-02T17:28:49.222Z","level":"error","message":"[episode.title] Job failed, jobId=job_cfa280fad4d544b236e3, attempt=1, maxAttempts=3, terminal=false, errorMessage=openai_compatible HTTP 404: model 'qwen2.5:0.5b' not found"}
{"timestamp":"2026-10-02T17:28:49.222Z","level":"info","message":"[episode.title] Job started, jobId=job_606a486e0c1375b90df8, attempt=1, maxAttempts=3, sessionId=session_915eddcf8229d00a984a, episodeId=episode_64c2c508a41056d518a8"}
{"timestamp":"2026-10-02T17:28:49.231Z","level":"error","message":"[episode_title.final] Model HTTP request failed after the final attempt, provider=openai_compatible, model=qwen2.5:0.5b, attempt=1, maxAttempts=4, errorMessage=openai_compatible HTTP 404: model 'qwen2.5:0.5b' not found"}
{"timestamp":"2026-10-02T17:28:49.231Z","level":"error","message":"[episode_title.final] Model request failed, provider=openai_compatible, model=qwen2.5:0.5b, maxTokens=4096, durationMs=7, errorMessage=openai_compatible HTTP 404: model 'qwen2.5:0.5b' not found"}
{"timestamp":"2026-10-02T17:28:49.232Z","level":"error","message":"[episode.title] Job failed, jobId=job_606a486e0c1375b90df8, attempt=1, maxAttempts=3, terminal=false, errorMessage=openai_compatible HTTP 404: model 'qwen2.5:0.5b' not found"}
{"timestamp":"2026-10-02T17:28:49.232Z","level":"info","message":"[worker] Worker drain completed, leased=4, succeeded=0, failed=4, embeddingRetriesLeased=0, embeddingRetriesSucceeded=0, embeddingRetriesFailed=0"}
{"timestamp":"2026-10-02T17:28:49.234Z","level":"info","message":"[episode.title] Job started, jobId=job_7003f49799571ed18ef6, attempt=2, maxAttempts=3, sessionId=session_66e62dc17379e5c7517d, episodeId=episode_50d4c2c0f5a2b04f11a7"}
{"timestamp":"2026-10-02T17:28:49.245Z","level":"error","message":"[episode_title.final] Model HTTP request failed after the final attempt, provider=openai_compatible, model=qwen2.5:0.5b, attempt=1, maxAttempts=4, errorMessage=openai_compatible HTTP 404: model 'qwen2.5:0.5b' not found"}
{"timestamp":"2026-10-02T17:28:49.245Z","level":"error","message":"[episode_title.final] Model request failed, provider=openai_compatible, model=qwen2.5:0.5b, maxTokens=4096, durationMs=8, errorMessage=openai_compatible HTTP 404: model 'qwen2.5:0.5b' not found"}
{"timestamp":"2026-10-02T17:28:49.246Z","level":"error","message":"[episode.title] Job failed, jobId=job_7003f49799571ed18ef6, attempt=2, maxAttempts=3, terminal=false, errorMessage=openai_compatible HTTP 404: model 'qwen2.5:0.5b' not found"}
{"timestamp":"2026-10-02T17:28:49.246Z","level":"info","message":"[episode.title] Job started, jobId=job_4ba0842df04259b0d19e, attempt=2, maxAttempts=3, sessionId=session_4c7183d08d0ac324428c, episodeId=episode_2ad7210ab2351486cce3"}
{"timestamp":"2026-10-02T17:28:49.255Z","level":"error","message":"[episode_title.final] Model HTTP request failed after the final attempt, provider=openai_compatible, model=qwen2.5:0.5b, attempt=1, maxAttempts=4, errorMessage=openai_compatible HTTP 404: model 'qwen2.5:0.5b' not found"}
{"timestamp":"2026-10-02T17:28:49.255Z","level":"error","message":"[episode_title.final] Model request failed, provider=openai_compatible, model=qwen2.5:0.5b, maxTokens=4096, durationMs=7, errorMessage=openai_compatible HTTP 404: model 'qwen2.5:0.5b' not found"}
{"timestamp":"2026-10-02T17:28:49.255Z","level":"error","message":"[episode.title] Job failed, jobId=job_4ba0842df04259b0d19e, attempt=2, maxAttempts=3, terminal=false, errorMessage=openai_compatible HTTP 404: model 'qwen2.5:0.5b' not found"}
{"timestamp":"2026-10-02T17:28:49.255Z","level":"info","message":"[episode.title] Job started, jobId=job_cfa280fad4d544b236e3, attempt=2, maxAttempts=3, sessionId=session_7be3610008816d8e60d3, episodeId=episode_96f791a824b8658f1e52"}
{"timestamp":"2026-10-02T17:28:49.263Z","level":"error","message":"[episode_title.final] Model HTTP request failed after the final attempt, provider=openai_compatible, model=qwen2.5:0.5b, attempt=1, maxAttempts=4, errorMessage=openai_compatible HTTP 404: model 'qwen2.5:0.5b' not found"}
{"timestamp":"2026-10-02T17:28:49.263Z","level":"error","message":"[episode_title.final] Model request failed, provider=openai_compatible, model=qwen2.5:0.5b, maxTokens=4096, durationMs=6, errorMessage=openai_compatible HTTP 404: model 'qwen2.5:0.5b' not found"}
{"timestamp":"2026-10-02T17:28:49.264Z","level":"error","message":"[episode.title] Job failed, jobId=job_cfa280fad4d544b236e3, attempt=2, maxAttempts=3, terminal=false, errorMessage=openai_compatible HTTP 404: model 'qwen2.5:0.5b' not found"}
{"timestamp":"2026-10-02T17:28:49.264Z","level":"info","message":"[episode.title] Job started, jobId=job_606a486e0c1375b90df8, attempt=2, maxAttempts=3, sessionId=session_915eddcf8229d00a984a, episodeId=episode_64c2c508a41056d518a8"}
{"timestamp":"2026-10-02T17:28:49.272Z","level":"error","message":"[episode_title.final] Model HTTP request failed after the final attempt, provider=openai_compatible, model=qwen2.5:0.5b, attempt=1, maxAttempts=4, errorMessage=openai_compatible HTTP 404: model 'qwen2.5:0.5b' not found"}
{"timestamp":"2026-10-02T17:28:49.272Z","level":"error","message":"[episode_title.final] Model request failed, provider=openai_compatible, model=qwen2.5:0.5b, maxTokens=4096, durationMs=6, errorMessage=openai_compatible HTTP 404: model 'qwen2.5:0.5b' not found"}
{"timestamp":"2026-10-02T17:28:49.272Z","level":"error","message":"[episode.title] Job failed, jobId=job_606a486e0c1375b90df8, attempt=2, maxAttempts=3, terminal=false, errorMessage=openai_compatible HTTP 404: model 'qwen2.5:0.5b' not found"}
{"timestamp":"2026-10-02T17:28:49.272Z","level":"info","message":"[worker] Worker drain completed, leased=4, succeeded=0, failed=4, embeddingRetriesLeased=0, embeddingRetriesSucceeded=0, embeddingRetriesFailed=0"}
{"timestamp":"2026-10-02T17:28:49.289Z","level":"info","message":"[episode.title] Job started, jobId=job_7003f49799571ed18ef6, attempt=3, maxAttempts=3, sessionId=session_66e62dc17379e5c7517d, episodeId=episode_50d4c2c0f5a2b04f11a7"}
{"timestamp":"2026-10-02T17:28:49.298Z","level":"error","message":"[episode_title.final] Model HTTP request failed after the final attempt, provider=openai_compatible, model=qwen2.5:0.5b, attempt=1, maxAttempts=4, errorMessage=openai_compatible HTTP 404: model 'qwen2.5:0.5b' not found"}
{"timestamp":"2026-10-02T17:28:49.298Z","level":"error","message":"[episode_title.final] Model request failed, provider=openai_compatible, model=qwen2.5:0.5b, maxTokens=4096, durationMs=7, errorMessage=openai_compatible HTTP 404: model 'qwen2.5:0.5b' not found"}
{"timestamp":"2026-10-02T17:28:49.299Z","level":"error","message":"[episode.title] Job failed, jobId=job_7003f49799571ed18ef6, attempt=3, maxAttempts=3, terminal=true, errorMessage=openai_compatible HTTP 404: model 'qwen2.5:0.5b' not found"}
{"timestamp":"2026-10-02T17:28:49.299Z","level":"info","message":"[episode.title] Job started, jobId=job_4ba0842df04259b0d19e, attempt=3, maxAttempts=3, sessionId=session_4c7183d08d0ac324428c, episodeId=episode_2ad7210ab2351486cce3"}
{"timestamp":"2026-10-02T17:28:49.308Z","level":"error","message":"[episode_title.final] Model HTTP request failed after the final attempt, provider=openai_compatible, model=qwen2.5:0.5b, attempt=1, maxAttempts=4, errorMessage=openai_compatible HTTP 404: model 'qwen2.5:0.5b' not found"}
{"timestamp":"2026-10-02T17:28:49.308Z","level":"error","message":"[episode_title.final] Model request failed, provider=openai_compatible, model=qwen2.5:0.5b, maxTokens=4096, durationMs=6, errorMessage=openai_compatible HTTP 404: model 'qwen2.5:0.5b' not found"}
{"timestamp":"2026-10-02T17:28:49.309Z","level":"error","message":"[episode.title] Job failed, jobId=job_4ba0842df04259b0d19e, attempt=3, maxAttempts=3, terminal=true, errorMessage=openai_compatible HTTP 404: model 'qwen2.5:0.5b' not found"}
{"timestamp":"2026-10-02T17:28:49.309Z","level":"info","message":"[episode.title] Job started, jobId=job_cfa280fad4d544b236e3, attempt=3, maxAttempts=3, sessionId=session_7be3610008816d8e60d3, episodeId=episode_96f791a824b8658f1e52"}
{"timestamp":"2026-10-02T17:28:49.316Z","level":"error","message":"[episode_title.final] Model HTTP request failed after the final attempt, provider=openai_compatible, model=qwen2.5:0.5b, attempt=1, maxAttempts=4, errorMessage=openai_compatible HTTP 404: model 'qwen2.5:0.5b' not found"}
{"timestamp":"2026-10-02T17:28:49.316Z","level":"error","message":"[episode_title.final] Model request failed, provider=openai_compatible, model=qwen2.5:0.5b, maxTokens=4096, durationMs=6, errorMessage=openai_compatible HTTP 404: model 'qwen2.5:0.5b' not found"}
{"timestamp":"2026-10-02T17:28:49.317Z","level":"error","message":"[episode.title] Job failed, jobId=job_cfa280fad4d544b236e3, attempt=3, maxAttempts=3, terminal=true, errorMessage=openai_compatible HTTP 404: model 'qwen2.5:0.5b' not found"}
{"timestamp":"2026-10-02T17:28:49.317Z","level":"info","message":"[episode.title] Job started, jobId=job_606a486e0c1375b90df8, attempt=3, maxAttempts=3, sessionId=session_915eddcf8229d00a984a, episodeId=episode_64c2c508a41056d518a8"}
{"timestamp":"2026-10-02T17:28:49.324Z","level":"error","message":"[episode_title.final] Model HTTP request failed after the final attempt, provider=openai_compatible, model=qwen2.5:0.5b, attempt=1, maxAttempts=4, errorMessage=openai_compatible HTTP 404: model 'qwen2.5:0.5b' not found"}
{"timestamp":"2026-10-02T17:28:49.324Z","level":"error","message":"[episode_title.final] Model request failed, provider=openai_compatible, model=qwen2.5:0.5b, maxTokens=4096, durationMs=6, errorMessage=openai_compatible HTTP 404: model 'qwen2.5:0.5b' not found"}
{"timestamp":"2026-10-02T17:28:49.325Z","level":"error","message":"[episode.title] Job failed, jobId=job_606a486e0c1375b90df8, attempt=3, maxAttempts=3, terminal=true, errorMessage=openai_compatible HTTP 404: model 'qwen2.5:0.5b' not found"}
{"timestamp":"2026-10-02T17:28:49.325Z","level":"info","message":"[worker] Worker drain completed, leased=4, succeeded=0, failed=4, embeddingRetriesLeased=0, embeddingRetriesSucceeded=0, embeddingRetriesFailed=0"}
{"timestamp":"2026-10-02T17:28:49.333Z","level":"info","message":"[episode.title] Job started, jobId=job_4d834374ffe801be9a15, attempt=1, maxAttempts=3, sessionId=session_046da8461ea7cbd53811, episodeId=episode_4529c6b8d03682468f0e"}
{"timestamp":"2026-10-02T17:28:49.340Z","level":"error","message":"[episode_title.final] Model HTTP request failed after the final attempt, provider=openai_compatible, model=qwen2.5:0.5b, attempt=1, maxAttempts=4, errorMessage=openai_compatible HTTP 404: model 'qwen2.5:0.5b' not found"}
{"timestamp":"2026-10-02T17:28:49.340Z","level":"error","message":"[episode_title.final] Model request failed, provider=openai_compatible, model=qwen2.5:0.5b, maxTokens=4096, durationMs=5, errorMessage=openai_compatible HTTP 404: model 'qwen2.5:0.5b' not found"}
{"timestamp":"2026-10-02T17:28:49.341Z","level":"error","message":"[episode.title] Job failed, jobId=job_4d834374ffe801be9a15, attempt=1, maxAttempts=3, terminal=false, errorMessage=openai_compatible HTTP 404: model 'qwen2.5:0.5b' not found"}
{"timestamp":"2026-10-02T17:28:49.341Z","level":"info","message":"[episode.title] Job started, jobId=job_52ccd411ed2d49002945, attempt=1, maxAttempts=3, sessionId=session_c7bf9c2d901e460a39f8, episodeId=episode_e38ceb2985fefc09ccec"}
{"timestamp":"2026-10-02T17:28:49.351Z","level":"error","message":"[episode_title.final] Model HTTP request failed after the final attempt, provider=openai_compatible, model=qwen2.5:0.5b, attempt=1, maxAttempts=4, errorMessage=openai_compatible HTTP 404: model 'qwen2.5:0.5b' not found"}
{"timestamp":"2026-10-02T17:28:49.351Z","level":"error","message":"[episode_title.final] Model request failed, provider=openai_compatible, model=qwen2.5:0.5b, maxTokens=4096, durationMs=7, errorMessage=openai_compatible HTTP 404: model 'qwen2.5:0.5b' not found"}
{"timestamp":"2026-10-02T17:28:49.351Z","level":"error","message":"[episode.title] Job failed, jobId=job_52ccd411ed2d49002945, attempt=1, maxAttempts=3, terminal=false, errorMessage=openai_compatible HTTP 404: model 'qwen2.5:0.5b' not found"}
{"timestamp":"2026-10-02T17:28:49.351Z","level":"info","message":"[episode.title] Job started, jobId=job_a4c9498a9376dfe27058, attempt=1, maxAttempts=3, sessionId=session_799fac0e7e67543440dc, episodeId=episode_bf09916698436cbb6bf4"}
{"timestamp":"2026-10-02T17:28:49.359Z","level":"error","message":"[episode_title.final] Model HTTP request failed after the final attempt, provider=openai_compatible, model=qwen2.5:0.5b, attempt=1, maxAttempts=4, errorMessage=openai_compatible HTTP 404: model 'qwen2.5:0.5b' not found"}
{"timestamp":"2026-10-02T17:28:49.359Z","level":"error","message":"[episode_title.final] Model request failed, provider=openai_compatible, model=qwen2.5:0.5b, maxTokens=4096, durationMs=6, errorMessage=openai_compatible HTTP 404: model 'qwen2.5:0.5b' not found"}
{"timestamp":"2026-10-02T17:28:49.359Z","level":"error","message":"[episode.title] Job failed, jobId=job_a4c9498a9376dfe27058, attempt=1, maxAttempts=3, terminal=false, errorMessage=openai_compatible HTTP 404: model 'qwen2.5:0.5b' not found"}
{"timestamp":"2026-10-02T17:28:49.359Z","level":"info","message":"[episode.title] Job started, jobId=job_07e694d2528d63e5fb9d, attempt=1, maxAttempts=3, sessionId=session_33e0dea43e1ed7e5cf00, episodeId=episode_6f943f6be37526b82dbd"}
{"timestamp":"2026-10-02T17:28:49.367Z","level":"error","message":"[episode_title.final] Model HTTP request failed after the final attempt, provider=openai_compatible, model=qwen2.5:0.5b, attempt=1, maxAttempts=4, errorMessage=openai_compatible HTTP 404: model 'qwen2.5:0.5b' not found"}
{"timestamp":"2026-10-02T17:28:49.367Z","level":"error","message":"[episode_title.final] Model request failed, provider=openai_compatible, model=qwen2.5:0.5b, maxTokens=4096, durationMs=6, errorMessage=openai_compatible HTTP 404: model 'qwen2.5:0.5b' not found"}
{"timestamp":"2026-10-02T17:28:49.368Z","level":"error","message":"[episode.title] Job failed, jobId=job_07e694d2528d63e5fb9d, attempt=1, maxAttempts=3, terminal=false, errorMessage=openai_compatible HTTP 404: model 'qwen2.5:0.5b' not found"}
{"timestamp":"2026-10-02T17:28:49.368Z","level":"info","message":"[worker] Worker drain completed, leased=4, succeeded=0, failed=4, embeddingRetriesLeased=0, embeddingRetriesSucceeded=0, embeddingRetriesFailed=0"}
{"timestamp":"2026-10-02T17:28:49.379Z","level":"info","message":"[episode.title] Job started, jobId=job_4d834374ffe801be9a15, attempt=2, maxAttempts=3, sessionId=session_046da8461ea7cbd53811, episodeId=episode_4529c6b8d03682468f0e"}
{"timestamp":"2026-10-02T17:28:49.387Z","level":"error","message":"[episode_title.final] Model HTTP request failed after the final attempt, provider=openai_compatible, model=qwen2.5:0.5b, attempt=1, maxAttempts=4, errorMessage=openai_compatible HTTP 404: model 'qwen2.5:0.5b' not found"}
{"timestamp":"2026-10-02T17:28:49.387Z","level":"error","message":"[episode_title.final] Model request failed, provider=openai_compatible, model=qwen2.5:0.5b, maxTokens=4096, durationMs=6, errorMessage=openai_compatible HTTP 404: model 'qwen2.5:0.5b' not found"}
{"timestamp":"2026-10-02T17:28:49.388Z","level":"error","message":"[episode.title] Job failed, jobId=job_4d834374ffe801be9a15, attempt=2, maxAttempts=3, terminal=false, errorMessage=openai_compatible HTTP 404: model 'qwen2.5:0.5b' not found"}
{"timestamp":"2026-10-02T17:28:49.388Z","level":"info","message":"[episode.title] Job started, jobId=job_52ccd411ed2d49002945, attempt=2, maxAttempts=3, sessionId=session_c7bf9c2d901e460a39f8, episodeId=episode_e38ceb2985fefc09ccec"}
{"timestamp":"2026-10-02T17:28:49.396Z","level":"error","message":"[episode_title.final] Model HTTP request failed after the final attempt, provider=openai_compatible, model=qwen2.5:0.5b, attempt=1, maxAttempts=4, errorMessage=openai_compatible HTTP 404: model 'qwen2.5:0.5b' not found"}
{"timestamp":"2026-10-02T17:28:49.396Z","level":"error","message":"[episode_title.final] Model request failed, provider=openai_compatible, model=qwen2.5:0.5b, maxTokens=4096, durationMs=6, errorMessage=openai_compatible HTTP 404: model 'qwen2.5:0.5b' not found"}
{"timestamp":"2026-10-02T17:28:49.396Z","level":"error","message":"[episode.title] Job failed, jobId=job_52ccd411ed2d49002945, attempt=2, maxAttempts=3, terminal=false, errorMessage=openai_compatible HTTP 404: model 'qwen2.5:0.5b' not found"}
{"timestamp":"2026-10-02T17:28:49.396Z","level":"info","message":"[episode.title] Job started, jobId=job_a4c9498a9376dfe27058, attempt=2, maxAttempts=3, sessionId=session_799fac0e7e67543440dc, episodeId=episode_bf09916698436cbb6bf4"}
{"timestamp":"2026-10-02T17:28:49.404Z","level":"error","message":"[episode_title.final] Model HTTP request failed after the final attempt, provider=openai_compatible, model=qwen2.5:0.5b, attempt=1, maxAttempts=4, errorMessage=openai_compatible HTTP 404: model 'qwen2.5:0.5b' not found"}
{"timestamp":"2026-10-02T17:28:49.404Z","level":"error","message":"[episode_title.final] Model request failed, provider=openai_compatible, model=qwen2.5:0.5b, maxTokens=4096, durationMs=6, errorMessage=openai_compatible HTTP 404: model 'qwen2.5:0.5b' not found"}
{"timestamp":"2026-10-02T17:28:49.404Z","level":"error","message":"[episode.title] Job failed, jobId=job_a4c9498a9376dfe27058, attempt=2, maxAttempts=3, terminal=false, errorMessage=openai_compatible HTTP 404: model 'qwen2.5:0.5b' not found"}
{"timestamp":"2026-10-02T17:28:49.404Z","level":"info","message":"[episode.title] Job started, jobId=job_07e694d2528d63e5fb9d, attempt=2, maxAttempts=3, sessionId=session_33e0dea43e1ed7e5cf00, episodeId=episode_6f943f6be37526b82dbd"}
{"timestamp":"2026-10-02T17:28:49.413Z","level":"error","message":"[episode_title.final] Model HTTP request failed after the final attempt, provider=openai_compatible, model=qwen2.5:0.5b, attempt=1, maxAttempts=4, errorMessage=openai_compatible HTTP 404: model 'qwen2.5:0.5b' not found"}
{"timestamp":"2026-10-02T17:28:49.413Z","level":"error","message":"[episode_title.final] Model request failed, provider=openai_compatible, model=qwen2.5:0.5b, maxTokens=4096, durationMs=7, errorMessage=openai_compatible HTTP 404: model 'qwen2.5:0.5b' not found"}
{"timestamp":"2026-10-02T17:28:49.413Z","level":"error","message":"[episode.title] Job failed, jobId=job_07e694d2528d63e5fb9d, attempt=2, maxAttempts=3, terminal=false, errorMessage=openai_compatible HTTP 404: model 'qwen2.5:0.5b' not found"}
{"timestamp":"2026-10-02T17:28:49.413Z","level":"info","message":"[worker] Worker drain completed, leased=4, succeeded=0, failed=4, embeddingRetriesLeased=0, embeddingRetriesSucceeded=0, embeddingRetriesFailed=0"}
{"timestamp":"2026-10-02T17:28:49.426Z","level":"info","message":"[episode.title] Job started, jobId=job_4d834374ffe801be9a15, attempt=3, maxAttempts=3, sessionId=session_046da8461ea7cbd53811, episodeId=episode_4529c6b8d03682468f0e"}
{"timestamp":"2026-10-02T17:28:49.435Z","level":"error","message":"[episode_title.final] Model HTTP request failed after the final attempt, provider=openai_compatible, model=qwen2.5:0.5b, attempt=1, maxAttempts=4, errorMessage=openai_compatible HTTP 404: model 'qwen2.5:0.5b' not found"}
{"timestamp":"2026-10-02T17:28:49.435Z","level":"error","message":"[episode_title.final] Model request failed, provider=openai_compatible, model=qwen2.5:0.5b, maxTokens=4096, durationMs=6, errorMessage=openai_compatible HTTP 404: model 'qwen2.5:0.5b' not found"}
{"timestamp":"2026-10-02T17:28:49.436Z","level":"error","message":"[episode.title] Job failed, jobId=job_4d834374ffe801be9a15, attempt=3, maxAttempts=3, terminal=true, errorMessage=openai_compatible HTTP 404: model 'qwen2.5:0.5b' not found"}
{"timestamp":"2026-10-02T17:28:49.436Z","level":"info","message":"[episode.title] Job started, jobId=job_52ccd411ed2d49002945, attempt=3, maxAttempts=3, sessionId=session_c7bf9c2d901e460a39f8, episodeId=episode_e38ceb2985fefc09ccec"}
{"timestamp":"2026-10-02T17:28:49.445Z","level":"error","message":"[episode_title.final] Model HTTP request failed after the final attempt, provider=openai_compatible, model=qwen2.5:0.5b, attempt=1, maxAttempts=4, errorMessage=openai_compatible HTTP 404: model 'qwen2.5:0.5b' not found"}
{"timestamp":"2026-10-02T17:28:49.445Z","level":"error","message":"[episode_title.final] Model request failed, provider=openai_compatible, model=qwen2.5:0.5b, maxTokens=4096, durationMs=7, errorMessage=openai_compatible HTTP 404: model 'qwen2.5:0.5b' not found"}
{"timestamp":"2026-10-02T17:28:49.445Z","level":"error","message":"[episode.title] Job failed, jobId=job_52ccd411ed2d49002945, attempt=3, maxAttempts=3, terminal=true, errorMessage=openai_compatible HTTP 404: model 'qwen2.5:0.5b' not found"}
{"timestamp":"2026-10-02T17:28:49.446Z","level":"info","message":"[episode.title] Job started, jobId=job_a4c9498a9376dfe27058, attempt=3, maxAttempts=3, sessionId=session_799fac0e7e67543440dc, episodeId=episode_bf09916698436cbb6bf4"}
{"timestamp":"2026-10-02T17:28:49.454Z","level":"error","message":"[episode_title.final] Model HTTP request failed after the final attempt, provider=openai_compatible, model=qwen2.5:0.5b, attempt=1, maxAttempts=4, errorMessage=openai_compatible HTTP 404: model 'qwen2.5:0.5b' not found"}
{"timestamp":"2026-10-02T17:28:49.454Z","level":"error","message":"[episode_title.final] Model request failed, provider=openai_compatible, model=qwen2.5:0.5b, maxTokens=4096, durationMs=7, errorMessage=openai_compatible HTTP 404: model 'qwen2.5:0.5b' not found"}
{"timestamp":"2026-10-02T17:28:49.454Z","level":"error","message":"[episode.title] Job failed, jobId=job_a4c9498a9376dfe27058, attempt=3, maxAttempts=3, terminal=true, errorMessage=openai_compatible HTTP 404: model 'qwen2.5:0.5b' not found"}
{"timestamp":"2026-10-02T17:28:49.454Z","level":"info","message":"[episode.title] Job started, jobId=job_07e694d2528d63e5fb9d, attempt=3, maxAttempts=3, sessionId=session_33e0dea43e1ed7e5cf00, episodeId=episode_6f943f6be37526b82dbd"}
{"timestamp":"2026-10-02T17:28:49.462Z","level":"error","message":"[episode_title.final] Model HTTP request failed after the final attempt, provider=openai_compatible, model=qwen2.5:0.5b, attempt=1, maxAttempts=4, errorMessage=openai_compatible HTTP 404: model 'qwen2.5:0.5b' not found"}
{"timestamp":"2026-10-02T17:28:49.463Z","level":"error","message":"[episode_title.final] Model request failed, provider=openai_compatible, model=qwen2.5:0.5b, maxTokens=4096, durationMs=7, errorMessage=openai_compatible HTTP 404: model 'qwen2.5:0.5b' not found"}
{"timestamp":"2026-10-02T17:28:49.463Z","level":"error","message":"[episode.title] Job failed, jobId=job_07e694d2528d63e5fb9d, attempt=3, maxAttempts=3, terminal=true, errorMessage=openai_compatible HTTP 404: model 'qwen2.5:0.5b' not found"}
{"timestamp":"2026-10-02T17:28:49.463Z","level":"info","message":"[worker] Worker drain completed, leased=4, succeeded=0, failed=4, embeddingRetriesLeased=0, embeddingRetriesSucceeded=0, embeddingRetriesFailed=0"}
{"timestamp":"2026-10-02T17:28:49.472Z","level":"info","message":"[episode.title] Job started, jobId=job_787ebc446509055a45cc, attempt=1, maxAttempts=3, sessionId=session_72c2152d626f2214973f, episodeId=episode_7194f7a3db2377d229c2"}
{"timestamp":"2026-10-02T17:28:49.479Z","level":"error","message":"[episode_title.final] Model HTTP request failed after the final attempt, provider=openai_compatible, model=qwen2.5:0.5b, attempt=1, maxAttempts=4, errorMessage=openai_compatible HTTP 404: model 'qwen2.5:0.5b' not found"}
{"timestamp":"2026-10-02T17:28:49.479Z","level":"error","message":"[episode_title.final] Model request failed, provider=openai_compatible, model=qwen2.5:0.5b, maxTokens=4096, durationMs=6, errorMessage=openai_compatible HTTP 404: model 'qwen2.5:0.5b' not found"}
{"timestamp":"2026-10-02T17:28:49.479Z","level":"error","message":"[episode.title] Job failed, jobId=job_787ebc446509055a45cc, attempt=1, maxAttempts=3, terminal=false, errorMessage=openai_compatible HTTP 404: model 'qwen2.5:0.5b' not found"}
{"timestamp":"2026-10-02T17:28:49.480Z","level":"info","message":"[episode.title] Job started, jobId=job_bbe264c67154ce1e3a48, attempt=1, maxAttempts=3, sessionId=session_748dea03838436c26b11, episodeId=episode_96e501bd6fe7ccb29289"}
{"timestamp":"2026-10-02T17:28:49.486Z","level":"error","message":"[episode_title.final] Model HTTP request failed after the final attempt, provider=openai_compatible, model=qwen2.5:0.5b, attempt=1, maxAttempts=4, errorMessage=openai_compatible HTTP 404: model 'qwen2.5:0.5b' not found"}
{"timestamp":"2026-10-02T17:28:49.487Z","level":"error","message":"[episode_title.final] Model request failed, provider=openai_compatible, model=qwen2.5:0.5b, maxTokens=4096, durationMs=6, errorMessage=openai_compatible HTTP 404: model 'qwen2.5:0.5b' not found"}
{"timestamp":"2026-10-02T17:28:49.487Z","level":"error","message":"[episode.title] Job failed, jobId=job_bbe264c67154ce1e3a48, attempt=1, maxAttempts=3, terminal=false, errorMessage=openai_compatible HTTP 404: model 'qwen2.5:0.5b' not found"}
{"timestamp":"2026-10-02T17:28:49.487Z","level":"info","message":"[episode.title] Job started, jobId=job_1fb0bdc5e9d7b96bba04, attempt=1, maxAttempts=3, sessionId=session_a8267bd05dc0c61d0148, episodeId=episode_66fc0fcdf236b0e19938"}
{"timestamp":"2026-10-02T17:28:49.494Z","level":"error","message":"[episode_title.final] Model HTTP request failed after the final attempt, provider=openai_compatible, model=qwen2.5:0.5b, attempt=1, maxAttempts=4, errorMessage=openai_compatible HTTP 404: model 'qwen2.5:0.5b' not found"}
{"timestamp":"2026-10-02T17:28:49.494Z","level":"error","message":"[episode_title.final] Model request failed, provider=openai_compatible, model=qwen2.5:0.5b, maxTokens=4096, durationMs=6, errorMessage=openai_compatible HTTP 404: model 'qwen2.5:0.5b' not found"}
{"timestamp":"2026-10-02T17:28:49.495Z","level":"error","message":"[episode.title] Job failed, jobId=job_1fb0bdc5e9d7b96bba04, attempt=1, maxAttempts=3, terminal=false, errorMessage=openai_compatible HTTP 404: model 'qwen2.5:0.5b' not found"}
{"timestamp":"2026-10-02T17:28:49.495Z","level":"info","message":"[episode.title] Job started, jobId=job_95a92a955c74f02ee164, attempt=1, maxAttempts=3, sessionId=session_e3f0515fb77749201ba0, episodeId=episode_be851aec0652c9f429d2"}
{"timestamp":"2026-10-02T17:28:49.503Z","level":"error","message":"[episode_title.final] Model HTTP request failed after the final attempt, provider=openai_compatible, model=qwen2.5:0.5b, attempt=1, maxAttempts=4, errorMessage=openai_compatible HTTP 404: model 'qwen2.5:0.5b' not found"}
{"timestamp":"2026-10-02T17:28:49.503Z","level":"error","message":"[episode_title.final] Model request failed, provider=openai_compatible, model=qwen2.5:0.5b, maxTokens=4096, durationMs=6, errorMessage=openai_compatible HTTP 404: model 'qwen2.5:0.5b' not found"}
{"timestamp":"2026-10-02T17:28:49.503Z","level":"error","message":"[episode.title] Job failed, jobId=job_95a92a955c74f02ee164, attempt=1, maxAttempts=3, terminal=false, errorMessage=openai_compatible HTTP 404: model 'qwen2.5:0.5b' not found"}
{"timestamp":"2026-10-02T17:28:49.503Z","level":"info","message":"[worker] Worker drain completed, leased=4, succeeded=0, failed=4, embeddingRetriesLeased=0, embeddingRetriesSucceeded=0, embeddingRetriesFailed=0"}
{"timestamp":"2026-10-02T17:28:49.508Z","level":"info","message":"[episode.title] Job started, jobId=job_787ebc446509055a45cc, attempt=2, maxAttempts=3, sessionId=session_72c2152d626f2214973f, episodeId=episode_7194f7a3db2377d229c2"}
{"timestamp":"2026-10-02T17:28:49.519Z","level":"error","message":"[episode_title.final] Model HTTP request failed after the final attempt, provider=openai_compatible, model=qwen2.5:0.5b, attempt=1, maxAttempts=4, errorMessage=openai_compatible HTTP 404: model 'qwen2.5:0.5b' not found"}
{"timestamp":"2026-10-02T17:28:49.519Z","level":"error","message":"[episode_title.final] Model request failed, provider=openai_compatible, model=qwen2.5:0.5b, maxTokens=4096, durationMs=9, errorMessage=openai_compatible HTTP 404: model 'qwen2.5:0.5b' not found"}
{"timestamp":"2026-10-02T17:28:49.520Z","level":"error","message":"[episode.title] Job failed, jobId=job_787ebc446509055a45cc, attempt=2, maxAttempts=3, terminal=false, errorMessage=openai_compatible HTTP 404: model 'qwen2.5:0.5b' not found"}
{"timestamp":"2026-10-02T17:28:49.520Z","level":"info","message":"[episode.title] Job started, jobId=job_bbe264c67154ce1e3a48, attempt=2, maxAttempts=3, sessionId=session_748dea03838436c26b11, episodeId=episode_96e501bd6fe7ccb29289"}
{"timestamp":"2026-10-02T17:28:49.527Z","level":"error","message":"[episode_title.final] Model HTTP request failed after the final attempt, provider=openai_compatible, model=qwen2.5:0.5b, attempt=1, maxAttempts=4, errorMessage=openai_compatible HTTP 404: model 'qwen2.5:0.5b' not found"}
{"timestamp":"2026-10-02T17:28:49.527Z","level":"error","message":"[episode_title.final] Model request failed, provider=openai_compatible, model=qwen2.5:0.5b, maxTokens=4096, durationMs=6, errorMessage=openai_compatible HTTP 404: model 'qwen2.5:0.5b' not found"}
{"timestamp":"2026-10-02T17:28:49.527Z","level":"error","message":"[episode.title] Job failed, jobId=job_bbe264c67154ce1e3a48, attempt=2, maxAttempts=3, terminal=false, errorMessage=openai_compatible HTTP 404: model 'qwen2.5:0.5b' not found"}
{"timestamp":"2026-10-02T17:28:49.528Z","level":"info","message":"[episode.title] Job started, jobId=job_1fb0bdc5e9d7b96bba04, attempt=2, maxAttempts=3, sessionId=session_a8267bd05dc0c61d0148, episodeId=episode_66fc0fcdf236b0e19938"}
{"timestamp":"2026-10-02T17:28:49.535Z","level":"error","message":"[episode_title.final] Model HTTP request failed after the final attempt, provider=openai_compatible, model=qwen2.5:0.5b, attempt=1, maxAttempts=4, errorMessage=openai_compatible HTTP 404: model 'qwen2.5:0.5b' not found"}
{"timestamp":"2026-10-02T17:28:49.535Z","level":"error","message":"[episode_title.final] Model request failed, provider=openai_compatible, model=qwen2.5:0.5b, maxTokens=4096, durationMs=6, errorMessage=openai_compatible HTTP 404: model 'qwen2.5:0.5b' not found"}
{"timestamp":"2026-10-02T17:28:49.536Z","level":"error","message":"[episode.title] Job failed, jobId=job_1fb0bdc5e9d7b96bba04, attempt=2, maxAttempts=3, terminal=false, errorMessage=openai_compatible HTTP 404: model 'qwen2.5:0.5b' not found"}
{"timestamp":"2026-10-02T17:28:49.536Z","level":"info","message":"[episode.title] Job started, jobId=job_95a92a955c74f02ee164, attempt=2, maxAttempts=3, sessionId=session_e3f0515fb77749201ba0, episodeId=episode_be851aec0652c9f429d2"}
{"timestamp":"2026-10-02T17:28:49.543Z","level":"error","message":"[episode_title.final] Model HTTP request failed after the final attempt, provider=openai_compatible, model=qwen2.5:0.5b, attempt=1, maxAttempts=4, errorMessage=openai_compatible HTTP 404: model 'qwen2.5:0.5b' not found"}
{"timestamp":"2026-10-02T17:28:49.543Z","level":"error","message":"[episode_title.final] Model request failed, provider=openai_compatible, model=qwen2.5:0.5b, maxTokens=4096, durationMs=6, errorMessage=openai_compatible HTTP 404: model 'qwen2.5:0.5b' not found"}
{"timestamp":"2026-10-02T17:28:49.543Z","level":"error","message":"[episode.title] Job failed, jobId=job_95a92a955c74f02ee164, attempt=2, maxAttempts=3, terminal=false, errorMessage=openai_compatible HTTP 404: model 'qwen2.5:0.5b' not found"}
{"timestamp":"2026-10-02T17:28:49.543Z","level":"info","message":"[worker] Worker drain completed, leased=4, succeeded=0, failed=4, embeddingRetriesLeased=0, embeddingRetriesSucceeded=0, embeddingRetriesFailed=0"}
{"timestamp":"2026-10-02T17:28:49.550Z","level":"info","message":"[episode.title] Job started, jobId=job_787ebc446509055a45cc, attempt=3, maxAttempts=3, sessionId=session_72c2152d626f2214973f, episodeId=episode_7194f7a3db2377d229c2"}
{"timestamp":"2026-10-02T17:28:49.558Z","level":"error","message":"[episode_title.final] Model HTTP request failed after the final attempt, provider=openai_compatible, model=qwen2.5:0.5b, attempt=1, maxAttempts=4, errorMessage=openai_compatible HTTP 404: model 'qwen2.5:0.5b' not found"}
{"timestamp":"2026-10-02T17:28:49.558Z","level":"error","message":"[episode_title.final] Model request failed, provider=openai_compatible, model=qwen2.5:0.5b, maxTokens=4096, durationMs=7, errorMessage=openai_compatible HTTP 404: model 'qwen2.5:0.5b' not found"}
{"timestamp":"2026-10-02T17:28:49.558Z","level":"error","message":"[episode.title] Job failed, jobId=job_787ebc446509055a45cc, attempt=3, maxAttempts=3, terminal=true, errorMessage=openai_compatible HTTP 404: model 'qwen2.5:0.5b' not found"}
{"timestamp":"2026-10-02T17:28:49.558Z","level":"info","message":"[episode.title] Job started, jobId=job_bbe264c67154ce1e3a48, attempt=3, maxAttempts=3, sessionId=session_748dea03838436c26b11, episodeId=episode_96e501bd6fe7ccb29289"}
{"timestamp":"2026-10-02T17:28:49.565Z","level":"error","message":"[episode_title.final] Model HTTP request failed after the final attempt, provider=openai_compatible, model=qwen2.5:0.5b, attempt=1, maxAttempts=4, errorMessage=openai_compatible HTTP 404: model 'qwen2.5:0.5b' not found"}
{"timestamp":"2026-10-02T17:28:49.565Z","level":"error","message":"[episode_title.final] Model request failed, provider=openai_compatible, model=qwen2.5:0.5b, maxTokens=4096, durationMs=5, errorMessage=openai_compatible HTTP 404: model 'qwen2.5:0.5b' not found"}
{"timestamp":"2026-10-02T17:28:49.566Z","level":"error","message":"[episode.title] Job failed, jobId=job_bbe264c67154ce1e3a48, attempt=3, maxAttempts=3, terminal=true, errorMessage=openai_compatible HTTP 404: model 'qwen2.5:0.5b' not found"}
{"timestamp":"2026-10-02T17:28:49.566Z","level":"info","message":"[episode.title] Job started, jobId=job_1fb0bdc5e9d7b96bba04, attempt=3, maxAttempts=3, sessionId=session_a8267bd05dc0c61d0148, episodeId=episode_66fc0fcdf236b0e19938"}
{"timestamp":"2026-10-02T17:28:49.572Z","level":"error","message":"[episode_title.final] Model HTTP request failed after the final attempt, provider=openai_compatible, model=qwen2.5:0.5b, attempt=1, maxAttempts=4, errorMessage=openai_compatible HTTP 404: model 'qwen2.5:0.5b' not found"}
{"timestamp":"2026-10-02T17:28:49.573Z","level":"error","message":"[episode_title.final] Model request failed, provider=openai_compatible, model=qwen2.5:0.5b, maxTokens=4096, durationMs=5, errorMessage=openai_compatible HTTP 404: model 'qwen2.5:0.5b' not found"}
{"timestamp":"2026-10-02T17:28:49.573Z","level":"error","message":"[episode.title] Job failed, jobId=job_1fb0bdc5e9d7b96bba04, attempt=3, maxAttempts=3, terminal=true, errorMessage=openai_compatible HTTP 404: model 'qwen2.5:0.5b' not found"}
{"timestamp":"2026-10-02T17:28:49.573Z","level":"info","message":"[episode.title] Job started, jobId=job_95a92a955c74f02ee164, attempt=3, maxAttempts=3, sessionId=session_e3f0515fb77749201ba0, episodeId=episode_be851aec0652c9f429d2"}
{"timestamp":"2026-10-02T17:28:49.580Z","level":"error","message":"[episode_title.final] Model HTTP request failed after the final attempt, provider=openai_compatible, model=qwen2.5:0.5b, attempt=1, maxAttempts=4, errorMessage=openai_compatible HTTP 404: model 'qwen2.5:0.5b' not found"}
{"timestamp":"2026-10-02T17:28:49.580Z","level":"error","message":"[episode_title.final] Model request failed, provider=openai_compatible, model=qwen2.5:0.5b, maxTokens=4096, durationMs=6, errorMessage=openai_compatible HTTP 404: model 'qwen2.5:0.5b' not found"}
{"timestamp":"2026-10-02T17:28:49.580Z","level":"error","message":"[episode.title] Job failed, jobId=job_95a92a955c74f02ee164, attempt=3, maxAttempts=3, terminal=true, errorMessage=openai_compatible HTTP 404: model 'qwen2.5:0.5b' not found"}
{"timestamp":"2026-10-02T17:28:49.580Z","level":"info","message":"[worker] Worker drain completed, leased=4, succeeded=0, failed=4, embeddingRetriesLeased=0, embeddingRetriesSucceeded=0, embeddingRetriesFailed=0"}
{"timestamp":"2026-10-02T17:28:49.595Z","level":"info","message":"[episode.title] Job started, jobId=job_ca561e1851ac2f45dcca, attempt=1, maxAttempts=3, sessionId=session_94f26f8db5c2d9fb278a, episodeId=episode_e9eb020f942c0c69f916"}
{"timestamp":"2026-10-02T17:28:49.602Z","level":"error","message":"[episode_title.final] Model HTTP request failed after the final attempt, provider=openai_compatible, model=qwen2.5:0.5b, attempt=1, maxAttempts=4, errorMessage=openai_compatible HTTP 404: model 'qwen2.5:0.5b' not found"}
{"timestamp":"2026-10-02T17:28:49.602Z","level":"error","message":"[episode_title.final] Model request failed, provider=openai_compatible, model=qwen2.5:0.5b, maxTokens=4096, durationMs=6, errorMessage=openai_compatible HTTP 404: model 'qwen2.5:0.5b' not found"}
{"timestamp":"2026-10-02T17:28:49.602Z","level":"error","message":"[episode.title] Job failed, jobId=job_ca561e1851ac2f45dcca, attempt=1, maxAttempts=3, terminal=false, errorMessage=openai_compatible HTTP 404: model 'qwen2.5:0.5b' not found"}
{"timestamp":"2026-10-02T17:28:49.603Z","level":"info","message":"[worker] Worker drain completed, leased=1, succeeded=0, failed=1, embeddingRetriesLeased=0, embeddingRetriesSucceeded=0, embeddingRetriesFailed=0"}
{"timestamp":"2026-10-02T17:28:49.610Z","level":"info","message":"[episode.title] Job started, jobId=job_ca561e1851ac2f45dcca, attempt=2, maxAttempts=3, sessionId=session_94f26f8db5c2d9fb278a, episodeId=episode_e9eb020f942c0c69f916"}
{"timestamp":"2026-10-02T17:28:49.618Z","level":"error","message":"[episode_title.final] Model HTTP request failed after the final attempt, provider=openai_compatible, model=qwen2.5:0.5b, attempt=1, maxAttempts=4, errorMessage=openai_compatible HTTP 404: model 'qwen2.5:0.5b' not found"}
{"timestamp":"2026-10-02T17:28:49.618Z","level":"error","message":"[episode_title.final] Model request failed, provider=openai_compatible, model=qwen2.5:0.5b, maxTokens=4096, durationMs=7, errorMessage=openai_compatible HTTP 404: model 'qwen2.5:0.5b' not found"}
{"timestamp":"2026-10-02T17:28:49.618Z","level":"error","message":"[episode.title] Job failed, jobId=job_ca561e1851ac2f45dcca, attempt=2, maxAttempts=3, terminal=false, errorMessage=openai_compatible HTTP 404: model 'qwen2.5:0.5b' not found"}
{"timestamp":"2026-10-02T17:28:49.618Z","level":"info","message":"[worker] Worker drain completed, leased=1, succeeded=0, failed=1, embeddingRetriesLeased=0, embeddingRetriesSucceeded=0, embeddingRetriesFailed=0"}
{"timestamp":"2026-10-02T17:28:49.626Z","level":"info","message":"[episode.title] Job started, jobId=job_ca561e1851ac2f45dcca, attempt=3, maxAttempts=3, sessionId=session_94f26f8db5c2d9fb278a, episodeId=episode_e9eb020f942c0c69f916"}
{"timestamp":"2026-10-02T17:28:49.633Z","level":"error","message":"[episode_title.final] Model HTTP request failed after the final attempt, provider=openai_compatible, model=qwen2.5:0.5b, attempt=1, maxAttempts=4, errorMessage=openai_compatible HTTP 404: model 'qwen2.5:0.5b' not found"}
{"timestamp":"2026-10-02T17:28:49.633Z","level":"error","message":"[episode_title.final] Model request failed, provider=openai_compatible, model=qwen2.5:0.5b, maxTokens=4096, durationMs=6, errorMessage=openai_compatible HTTP 404: model 'qwen2.5:0.5b' not found"}
{"timestamp":"2026-10-02T17:28:49.650Z","level":"error","message":"[episode.title] Job failed, jobId=job_ca561e1851ac2f45dcca, attempt=3, maxAttempts=3, terminal=true, errorMessage=openai_compatible HTTP 404: model 'qwen2.5:0.5b' not found"}
{"timestamp":"2026-10-02T17:28:49.651Z","level":"info","message":"[worker] Worker drain completed, leased=1, succeeded=0, failed=1, embeddingRetriesLeased=0, embeddingRetriesSucceeded=0, embeddingRetriesFailed=0"}
{"timestamp":"2026-10-02T17:28:49.654Z","level":"info","message":"[reward] Job started, jobId=job_95656a9aa045c9437e71, attempt=1, maxAttempts=3, sessionId=session_3dfb88b2f276450e4fa4, episodeId=episode_9aa2d5b6f3d575b10955"}
{"timestamp":"2026-10-02T17:28:49.702Z","level":"error","message":"[reward.reward.r_human.v7] Model HTTP request failed after the final attempt, provider=openai_compatible, model=qwen2.5:0.5b, attempt=1, maxAttempts=4, errorMessage=openai_compatible HTTP 404: model 'qwen2.5:0.5b' not found"}
{"timestamp":"2026-10-02T17:28:49.703Z","level":"error","message":"[reward.reward.r_human.v7] Model request failed, provider=openai_compatible, model=qwen2.5:0.5b, maxTokens=700, durationMs=7, errorMessage=openai_compatible HTTP 404: model 'qwen2.5:0.5b' not found"}
{"timestamp":"2026-10-02T17:28:49.703Z","level":"warn","message":"[reward.reward.r_human.v7] Fallback used, fallback=heuristic_score, pipeline=reward.scoring, sourceMemoryId=trace_ee1e2ca3debd7c0842c1, errorMessage=openai_compatible HTTP 404: model 'qwen2.5:0.5b' not found"}
{"timestamp":"2026-10-02T17:28:49.712Z","level":"info","message":"[reward] Job succeeded, jobId=job_95656a9aa045c9437e71, attempt=1, maxAttempts=3"}
{"timestamp":"2026-10-02T17:28:49.712Z","level":"info","message":"[reward] Job started, jobId=job_a8c15602d3f62b3587f2, attempt=1, maxAttempts=3, sessionId=session_3dfb88b2f276450e4fa4, episodeId=episode_81b57351f88e13273688"}
{"timestamp":"2026-10-02T17:28:49.756Z","level":"error","message":"[reward.reward.r_human.v7] Model HTTP request failed after the final attempt, provider=openai_compatible, model=qwen2.5:0.5b, attempt=1, maxAttempts=4, errorMessage=openai_compatible HTTP 404: model 'qwen2.5:0.5b' not found"}
{"timestamp":"2026-10-02T17:28:49.756Z","level":"error","message":"[reward.reward.r_human.v7] Model request failed, provider=openai_compatible, model=qwen2.5:0.5b, maxTokens=700, durationMs=7, errorMessage=openai_compatible HTTP 404: model 'qwen2.5:0.5b' not found"}
{"timestamp":"2026-10-02T17:28:49.756Z","level":"warn","message":"[reward.reward.r_human.v7] Fallback used, fallback=heuristic_score, pipeline=reward.scoring, sourceMemoryId=trace_35bba108e9f493e29d77, errorMessage=openai_compatible HTTP 404: model 'qwen2.5:0.5b' not found"}
{"timestamp":"2026-10-02T17:28:49.765Z","level":"info","message":"[reward] Job succeeded, jobId=job_a8c15602d3f62b3587f2, attempt=1, maxAttempts=3"}
{"timestamp":"2026-10-02T17:28:49.765Z","level":"info","message":"[reward] Job started, jobId=job_3f3993d024cf6ce57e55, attempt=1, maxAttempts=3, sessionId=session_bf15b68f2cb3158050fa, episodeId=episode_3067c2270fbfa95f2b98"}
{"timestamp":"2026-10-02T17:28:49.815Z","level":"error","message":"[reward.reward.r_human.v7] Model HTTP request failed after the final attempt, provider=openai_compatible, model=qwen2.5:0.5b, attempt=1, maxAttempts=4, errorMessage=openai_compatible HTTP 404: model 'qwen2.5:0.5b' not found"}
{"timestamp":"2026-10-02T17:28:49.815Z","level":"error","message":"[reward.reward.r_human.v7] Model request failed, provider=openai_compatible, model=qwen2.5:0.5b, maxTokens=700, durationMs=6, errorMessage=openai_compatible HTTP 404: model 'qwen2.5:0.5b' not found"}
{"timestamp":"2026-10-02T17:28:49.815Z","level":"warn","message":"[reward.reward.r_human.v7] Fallback used, fallback=heuristic_score, pipeline=reward.scoring, sourceMemoryId=trace_1ea1d97f76a7271f8965, errorMessage=openai_compatible HTTP 404: model 'qwen2.5:0.5b' not found"}
{"timestamp":"2026-10-02T17:28:49.831Z","level":"info","message":"[reward] Job succeeded, jobId=job_3f3993d024cf6ce57e55, attempt=1, maxAttempts=3"}
{"timestamp":"2026-10-02T17:28:49.831Z","level":"info","message":"[reward] Job started, jobId=job_29deda62f3bc14bde332, attempt=1, maxAttempts=3, sessionId=session_748dea03838436c26b11, episodeId=episode_8bf4dcdf10276a085362"}
{"timestamp":"2026-10-02T17:28:49.874Z","level":"error","message":"[reward.reward.r_human.v7] Model HTTP request failed after the final attempt, provider=openai_compatible, model=qwen2.5:0.5b, attempt=1, maxAttempts=4, errorMessage=openai_compatible HTTP 404: model 'qwen2.5:0.5b' not found"}
{"timestamp":"2026-10-02T17:28:49.875Z","level":"error","message":"[reward.reward.r_human.v7] Model request failed, provider=openai_compatible, model=qwen2.5:0.5b, maxTokens=700, durationMs=7, errorMessage=openai_compatible HTTP 404: model 'qwen2.5:0.5b' not found"}
{"timestamp":"2026-10-02T17:28:49.875Z","level":"warn","message":"[reward.reward.r_human.v7] Fallback used, fallback=heuristic_score, pipeline=reward.scoring, sourceMemoryId=trace_d5764eb8759455b8bd07, errorMessage=openai_compatible HTTP 404: model 'qwen2.5:0.5b' not found"}
{"timestamp":"2026-10-02T17:28:49.880Z","level":"info","message":"[reward] Job succeeded, jobId=job_29deda62f3bc14bde332, attempt=1, maxAttempts=3"}
{"timestamp":"2026-10-02T17:28:49.880Z","level":"info","message":"[worker] Worker drain completed, leased=4, succeeded=4, failed=0, embeddingRetriesLeased=0, embeddingRetriesSucceeded=0, embeddingRetriesFailed=0"}
{"timestamp":"2026-10-02T17:28:49.886Z","level":"info","message":"[episode.title] Job started, jobId=job_b94d5f4ff8989eb433ca, attempt=1, maxAttempts=3, sessionId=session_3dfb88b2f276450e4fa4, episodeId=episode_9aa2d5b6f3d575b10955"}
{"timestamp":"2026-10-02T17:28:49.893Z","level":"error","message":"[episode_title.final] Model HTTP request failed after the final attempt, provider=openai_compatible, model=qwen2.5:0.5b, attempt=1, maxAttempts=4, errorMessage=openai_compatible HTTP 404: model 'qwen2.5:0.5b' not found"}
{"timestamp":"2026-10-02T17:28:49.893Z","level":"error","message":"[episode_title.final] Model request failed, provider=openai_compatible, model=qwen2.5:0.5b, maxTokens=4096, durationMs=6, errorMessage=openai_compatible HTTP 404: model 'qwen2.5:0.5b' not found"}
{"timestamp":"2026-10-02T17:28:49.893Z","level":"error","message":"[episode.title] Job failed, jobId=job_b94d5f4ff8989eb433ca, attempt=1, maxAttempts=3, terminal=false, errorMessage=openai_compatible HTTP 404: model 'qwen2.5:0.5b' not found"}
{"timestamp":"2026-10-02T17:28:49.894Z","level":"info","message":"[episode.title] Job started, jobId=job_db649c19c86edf9eb4c0, attempt=1, maxAttempts=3, sessionId=session_3dfb88b2f276450e4fa4, episodeId=episode_81b57351f88e13273688"}
{"timestamp":"2026-10-02T17:28:49.902Z","level":"error","message":"[episode_title.final] Model HTTP request failed after the final attempt, provider=openai_compatible, model=qwen2.5:0.5b, attempt=1, maxAttempts=4, errorMessage=openai_compatible HTTP 404: model 'qwen2.5:0.5b' not found"}
{"timestamp":"2026-10-02T17:28:49.902Z","level":"error","message":"[episode_title.final] Model request failed, provider=openai_compatible, model=qwen2.5:0.5b, maxTokens=4096, durationMs=7, errorMessage=openai_compatible HTTP 404: model 'qwen2.5:0.5b' not found"}
{"timestamp":"2026-10-02T17:28:49.902Z","level":"error","message":"[episode.title] Job failed, jobId=job_db649c19c86edf9eb4c0, attempt=1, maxAttempts=3, terminal=false, errorMessage=openai_compatible HTTP 404: model 'qwen2.5:0.5b' not found"}
{"timestamp":"2026-10-02T17:28:49.902Z","level":"info","message":"[episode.title] Job started, jobId=job_af819b2dfb2deb066d35, attempt=1, maxAttempts=3, sessionId=session_bf15b68f2cb3158050fa, episodeId=episode_3067c2270fbfa95f2b98"}
{"timestamp":"2026-10-02T17:28:49.910Z","level":"error","message":"[episode_title.final] Model HTTP request failed after the final attempt, provider=openai_compatible, model=qwen2.5:0.5b, attempt=1, maxAttempts=4, errorMessage=openai_compatible HTTP 404: model 'qwen2.5:0.5b' not found"}
{"timestamp":"2026-10-02T17:28:49.911Z","level":"error","message":"[episode_title.final] Model request failed, provider=openai_compatible, model=qwen2.5:0.5b, maxTokens=4096, durationMs=6, errorMessage=openai_compatible HTTP 404: model 'qwen2.5:0.5b' not found"}
{"timestamp":"2026-10-02T17:28:49.911Z","level":"error","message":"[episode.title] Job failed, jobId=job_af819b2dfb2deb066d35, attempt=1, maxAttempts=3, terminal=false, errorMessage=openai_compatible HTTP 404: model 'qwen2.5:0.5b' not found"}
{"timestamp":"2026-10-02T17:28:49.911Z","level":"info","message":"[episode.title] Job started, jobId=job_f1cd0c4f87466819d338, attempt=1, maxAttempts=3, sessionId=session_748dea03838436c26b11, episodeId=episode_8bf4dcdf10276a085362"}
{"timestamp":"2026-10-02T17:28:49.918Z","level":"error","message":"[episode_title.final] Model HTTP request failed after the final attempt, provider=openai_compatible, model=qwen2.5:0.5b, attempt=1, maxAttempts=4, errorMessage=openai_compatible HTTP 404: model 'qwen2.5:0.5b' not found"}
{"timestamp":"2026-10-02T17:28:49.918Z","level":"error","message":"[episode_title.final] Model request failed, provider=openai_compatible, model=qwen2.5:0.5b, maxTokens=4096, durationMs=6, errorMessage=openai_compatible HTTP 404: model 'qwen2.5:0.5b' not found"}
{"timestamp":"2026-10-02T17:28:49.919Z","level":"error","message":"[episode.title] Job failed, jobId=job_f1cd0c4f87466819d338, attempt=1, maxAttempts=3, terminal=false, errorMessage=openai_compatible HTTP 404: model 'qwen2.5:0.5b' not found"}
{"timestamp":"2026-10-02T17:28:49.919Z","level":"info","message":"[worker] Worker drain completed, leased=4, succeeded=0, failed=4, embeddingRetriesLeased=0, embeddingRetriesSucceeded=0, embeddingRetriesFailed=0"}
{"timestamp":"2026-10-02T17:28:49.933Z","level":"info","message":"[episode.title] Job started, jobId=job_b94d5f4ff8989eb433ca, attempt=2, maxAttempts=3, sessionId=session_3dfb88b2f276450e4fa4, episodeId=episode_9aa2d5b6f3d575b10955"}
{"timestamp":"2026-10-02T17:28:49.940Z","level":"error","message":"[episode_title.final] Model HTTP request failed after the final attempt, provider=openai_compatible, model=qwen2.5:0.5b, attempt=1, maxAttempts=4, errorMessage=openai_compatible HTTP 404: model 'qwen2.5:0.5b' not found"}
{"timestamp":"2026-10-02T17:28:49.940Z","level":"error","message":"[episode_title.final] Model request failed, provider=openai_compatible, model=qwen2.5:0.5b, maxTokens=4096, durationMs=7, errorMessage=openai_compatible HTTP 404: model 'qwen2.5:0.5b' not found"}
{"timestamp":"2026-10-02T17:28:49.940Z","level":"error","message":"[episode.title] Job failed, jobId=job_b94d5f4ff8989eb433ca, attempt=2, maxAttempts=3, terminal=false, errorMessage=openai_compatible HTTP 404: model 'qwen2.5:0.5b' not found"}
{"timestamp":"2026-10-02T17:28:49.940Z","level":"info","message":"[episode.title] Job started, jobId=job_db649c19c86edf9eb4c0, attempt=2, maxAttempts=3, sessionId=session_3dfb88b2f276450e4fa4, episodeId=episode_81b57351f88e13273688"}
{"timestamp":"2026-10-02T17:28:49.947Z","level":"error","message":"[episode_title.final] Model HTTP request failed after the final attempt, provider=openai_compatible, model=qwen2.5:0.5b, attempt=1, maxAttempts=4, errorMessage=openai_compatible HTTP 404: model 'qwen2.5:0.5b' not found"}
{"timestamp":"2026-10-02T17:28:49.947Z","level":"error","message":"[episode_title.final] Model request failed, provider=openai_compatible, model=qwen2.5:0.5b, maxTokens=4096, durationMs=6, errorMessage=openai_compatible HTTP 404: model 'qwen2.5:0.5b' not found"}
{"timestamp":"2026-10-02T17:28:49.947Z","level":"error","message":"[episode.title] Job failed, jobId=job_db649c19c86edf9eb4c0, attempt=2, maxAttempts=3, terminal=false, errorMessage=openai_compatible HTTP 404: model 'qwen2.5:0.5b' not found"}
{"timestamp":"2026-10-02T17:28:49.947Z","level":"info","message":"[episode.title] Job started, jobId=job_af819b2dfb2deb066d35, attempt=2, maxAttempts=3, sessionId=session_bf15b68f2cb3158050fa, episodeId=episode_3067c2270fbfa95f2b98"}
{"timestamp":"2026-10-02T17:28:49.955Z","level":"error","message":"[episode_title.final] Model HTTP request failed after the final attempt, provider=openai_compatible, model=qwen2.5:0.5b, attempt=1, maxAttempts=4, errorMessage=openai_compatible HTTP 404: model 'qwen2.5:0.5b' not found"}
{"timestamp":"2026-10-02T17:28:49.955Z","level":"error","message":"[episode_title.final] Model request failed, provider=openai_compatible, model=qwen2.5:0.5b, maxTokens=4096, durationMs=5, errorMessage=openai_compatible HTTP 404: model 'qwen2.5:0.5b' not found"}
{"timestamp":"2026-10-02T17:28:49.956Z","level":"error","message":"[episode.title] Job failed, jobId=job_af819b2dfb2deb066d35, attempt=2, maxAttempts=3, terminal=false, errorMessage=openai_compatible HTTP 404: model 'qwen2.5:0.5b' not found"}
{"timestamp":"2026-10-02T17:28:49.956Z","level":"info","message":"[episode.title] Job started, jobId=job_f1cd0c4f87466819d338, attempt=2, maxAttempts=3, sessionId=session_748dea03838436c26b11, episodeId=episode_8bf4dcdf10276a085362"}
{"timestamp":"2026-10-02T17:28:49.962Z","level":"error","message":"[episode_title.final] Model HTTP request failed after the final attempt, provider=openai_compatible, model=qwen2.5:0.5b, attempt=1, maxAttempts=4, errorMessage=openai_compatible HTTP 404: model 'qwen2.5:0.5b' not found"}
{"timestamp":"2026-10-02T17:28:49.962Z","level":"error","message":"[episode_title.final] Model request failed, provider=openai_compatible, model=qwen2.5:0.5b, maxTokens=4096, durationMs=5, errorMessage=openai_compatible HTTP 404: model 'qwen2.5:0.5b' not found"}
{"timestamp":"2026-10-02T17:28:49.963Z","level":"error","message":"[episode.title] Job failed, jobId=job_f1cd0c4f87466819d338, attempt=2, maxAttempts=3, terminal=false, errorMessage=openai_compatible HTTP 404: model 'qwen2.5:0.5b' not found"}
{"timestamp":"2026-10-02T17:28:49.963Z","level":"info","message":"[worker] Worker drain completed, leased=4, succeeded=0, failed=4, embeddingRetriesLeased=0, embeddingRetriesSucceeded=0, embeddingRetriesFailed=0"}
{"timestamp":"2026-10-02T17:28:49.996Z","level":"info","message":"[episode.title] Job started, jobId=job_b94d5f4ff8989eb433ca, attempt=3, maxAttempts=3, sessionId=session_3dfb88b2f276450e4fa4, episodeId=episode_9aa2d5b6f3d575b10955"}
{"timestamp":"2026-10-02T17:28:50.004Z","level":"error","message":"[episode_title.final] Model HTTP request failed after the final attempt, provider=openai_compatible, model=qwen2.5:0.5b, attempt=1, maxAttempts=4, errorMessage=openai_compatible HTTP 404: model 'qwen2.5:0.5b' not found"}
{"timestamp":"2026-10-02T17:28:50.004Z","level":"error","message":"[episode_title.final] Model request failed, provider=openai_compatible, model=qwen2.5:0.5b, maxTokens=4096, durationMs=6, errorMessage=openai_compatible HTTP 404: model 'qwen2.5:0.5b' not found"}
{"timestamp":"2026-10-02T17:28:50.005Z","level":"error","message":"[episode.title] Job failed, jobId=job_b94d5f4ff8989eb433ca, attempt=3, maxAttempts=3, terminal=true, errorMessage=openai_compatible HTTP 404: model 'qwen2.5:0.5b' not found"}
{"timestamp":"2026-10-02T17:28:50.005Z","level":"info","message":"[episode.title] Job started, jobId=job_db649c19c86edf9eb4c0, attempt=3, maxAttempts=3, sessionId=session_3dfb88b2f276450e4fa4, episodeId=episode_81b57351f88e13273688"}
{"timestamp":"2026-10-02T17:28:50.012Z","level":"error","message":"[episode_title.final] Model HTTP request failed after the final attempt, provider=openai_compatible, model=qwen2.5:0.5b, attempt=1, maxAttempts=4, errorMessage=openai_compatible HTTP 404: model 'qwen2.5:0.5b' not found"}
{"timestamp":"2026-10-02T17:28:50.012Z","level":"error","message":"[episode_title.final] Model request failed, provider=openai_compatible, model=qwen2.5:0.5b, maxTokens=4096, durationMs=6, errorMessage=openai_compatible HTTP 404: model 'qwen2.5:0.5b' not found"}
{"timestamp":"2026-10-02T17:28:50.013Z","level":"error","message":"[episode.title] Job failed, jobId=job_db649c19c86edf9eb4c0, attempt=3, maxAttempts=3, terminal=true, errorMessage=openai_compatible HTTP 404: model 'qwen2.5:0.5b' not found"}
{"timestamp":"2026-10-02T17:28:50.013Z","level":"info","message":"[episode.title] Job started, jobId=job_af819b2dfb2deb066d35, attempt=3, maxAttempts=3, sessionId=session_bf15b68f2cb3158050fa, episodeId=episode_3067c2270fbfa95f2b98"}
{"timestamp":"2026-10-02T17:28:50.021Z","level":"error","message":"[episode_title.final] Model HTTP request failed after the final attempt, provider=openai_compatible, model=qwen2.5:0.5b, attempt=1, maxAttempts=4, errorMessage=openai_compatible HTTP 404: model 'qwen2.5:0.5b' not found"}
{"timestamp":"2026-10-02T17:28:50.021Z","level":"error","message":"[episode_title.final] Model request failed, provider=openai_compatible, model=qwen2.5:0.5b, maxTokens=4096, durationMs=6, errorMessage=openai_compatible HTTP 404: model 'qwen2.5:0.5b' not found"}
{"timestamp":"2026-10-02T17:28:50.021Z","level":"error","message":"[episode.title] Job failed, jobId=job_af819b2dfb2deb066d35, attempt=3, maxAttempts=3, terminal=true, errorMessage=openai_compatible HTTP 404: model 'qwen2.5:0.5b' not found"}
{"timestamp":"2026-10-02T17:28:50.021Z","level":"info","message":"[episode.title] Job started, jobId=job_f1cd0c4f87466819d338, attempt=3, maxAttempts=3, sessionId=session_748dea03838436c26b11, episodeId=episode_8bf4dcdf10276a085362"}
{"timestamp":"2026-10-02T17:28:50.029Z","level":"error","message":"[episode_title.final] Model HTTP request failed after the final attempt, provider=openai_compatible, model=qwen2.5:0.5b, attempt=1, maxAttempts=4, errorMessage=openai_compatible HTTP 404: model 'qwen2.5:0.5b' not found"}
{"timestamp":"2026-10-02T17:28:50.029Z","level":"error","message":"[episode_title.final] Model request failed, provider=openai_compatible, model=qwen2.5:0.5b, maxTokens=4096, durationMs=7, errorMessage=openai_compatible HTTP 404: model 'qwen2.5:0.5b' not found"}
{"timestamp":"2026-10-02T17:28:50.029Z","level":"error","message":"[episode.title] Job failed, jobId=job_f1cd0c4f87466819d338, attempt=3, maxAttempts=3, terminal=true, errorMessage=openai_compatible HTTP 404: model 'qwen2.5:0.5b' not found"}
{"timestamp":"2026-10-02T17:28:50.029Z","level":"info","message":"[worker] Worker drain completed, leased=4, succeeded=0, failed=4, embeddingRetriesLeased=0, embeddingRetriesSucceeded=0, embeddingRetriesFailed=0"}
{"timestamp":"2026-10-02T17:28:50.040Z","level":"info","message":"[reward] Job started, jobId=job_cf631d56b360eb0135a2, attempt=1, maxAttempts=3, sessionId=session_94f26f8db5c2d9fb278a, episodeId=episode_be79cc9d18b4b15f08c9"}
{"timestamp":"2026-10-02T17:28:50.087Z","level":"error","message":"[reward.reward.r_human.v7] Model HTTP request failed after the final attempt, provider=openai_compatible, model=qwen2.5:0.5b, attempt=1, maxAttempts=4, errorMessage=openai_compatible HTTP 404: model 'qwen2.5:0.5b' not found"}
{"timestamp":"2026-10-02T17:28:50.087Z","level":"error","message":"[reward.reward.r_human.v7] Model request failed, provider=openai_compatible, model=qwen2.5:0.5b, maxTokens=700, durationMs=7, errorMessage=openai_compatible HTTP 404: model 'qwen2.5:0.5b' not found"}
{"timestamp":"2026-10-02T17:28:50.087Z","level":"warn","message":"[reward.reward.r_human.v7] Fallback used, fallback=heuristic_score, pipeline=reward.scoring, sourceMemoryId=trace_b3a2605d3177e319716a, errorMessage=openai_compatible HTTP 404: model 'qwen2.5:0.5b' not found"}
{"timestamp":"2026-10-02T17:28:50.103Z","level":"info","message":"[reward] Job succeeded, jobId=job_cf631d56b360eb0135a2, attempt=1, maxAttempts=3"}
{"timestamp":"2026-10-02T17:28:50.103Z","level":"info","message":"[reward] Job started, jobId=job_f4fdb4799c4894ecb0e8, attempt=1, maxAttempts=3, sessionId=session_f4894cbb5cee22eab31f, episodeId=episode_83056281bde3f878c360"}
{"timestamp":"2026-10-02T17:28:50.149Z","level":"error","message":"[reward.reward.r_human.v7] Model HTTP request failed after the final attempt, provider=openai_compatible, model=qwen2.5:0.5b, attempt=1, maxAttempts=4, errorMessage=openai_compatible HTTP 404: model 'qwen2.5:0.5b' not found"}
{"timestamp":"2026-10-02T17:28:50.149Z","level":"error","message":"[reward.reward.r_human.v7] Model request failed, provider=openai_compatible, model=qwen2.5:0.5b, maxTokens=700, durationMs=8, errorMessage=openai_compatible HTTP 404: model 'qwen2.5:0.5b' not found"}
{"timestamp":"2026-10-02T17:28:50.149Z","level":"warn","message":"[reward.reward.r_human.v7] Fallback used, fallback=heuristic_score, pipeline=reward.scoring, sourceMemoryId=trace_d4073aca64d0bc0f00b6, errorMessage=openai_compatible HTTP 404: model 'qwen2.5:0.5b' not found"}
{"timestamp":"2026-10-02T17:28:50.154Z","level":"info","message":"[reward] Job succeeded, jobId=job_f4fdb4799c4894ecb0e8, attempt=1, maxAttempts=3"}
{"timestamp":"2026-10-02T17:28:50.154Z","level":"info","message":"[reward] Job started, jobId=job_4eb89d8a0080f9211a8c, attempt=1, maxAttempts=3, sessionId=session_da73adc2fcd6783996e2, episodeId=episode_31d3b9072ad8fc06e0f1"}
{"timestamp":"2026-10-02T17:28:50.199Z","level":"error","message":"[reward.reward.r_human.v7] Model HTTP request failed after the final attempt, provider=openai_compatible, model=qwen2.5:0.5b, attempt=1, maxAttempts=4, errorMessage=openai_compatible HTTP 404: model 'qwen2.5:0.5b' not found"}
{"timestamp":"2026-10-02T17:28:50.199Z","level":"error","message":"[reward.reward.r_human.v7] Model request failed, provider=openai_compatible, model=qwen2.5:0.5b, maxTokens=700, durationMs=6, errorMessage=openai_compatible HTTP 404: model 'qwen2.5:0.5b' not found"}
{"timestamp":"2026-10-02T17:28:50.199Z","level":"warn","message":"[reward.reward.r_human.v7] Fallback used, fallback=heuristic_score, pipeline=reward.scoring, sourceMemoryId=trace_0fc212a396c17f16713c, errorMessage=openai_compatible HTTP 404: model 'qwen2.5:0.5b' not found"}
{"timestamp":"2026-10-02T17:28:50.202Z","level":"info","message":"[reward] Job succeeded, jobId=job_4eb89d8a0080f9211a8c, attempt=1, maxAttempts=3"}
{"timestamp":"2026-10-02T17:28:50.202Z","level":"info","message":"[reward] Job started, jobId=job_61b74557a821ecb0e31e, attempt=1, maxAttempts=3, sessionId=session_3dfb88b2f276450e4fa4, episodeId=episode_bb686d09d21dc0975cfc"}
{"timestamp":"2026-10-02T17:28:50.247Z","level":"error","message":"[reward.reward.r_human.v7] Model HTTP request failed after the final attempt, provider=openai_compatible, model=qwen2.5:0.5b, attempt=1, maxAttempts=4, errorMessage=openai_compatible HTTP 404: model 'qwen2.5:0.5b' not found"}
{"timestamp":"2026-10-02T17:28:50.247Z","level":"error","message":"[reward.reward.r_human.v7] Model request failed, provider=openai_compatible, model=qwen2.5:0.5b, maxTokens=700, durationMs=7, errorMessage=openai_compatible HTTP 404: model 'qwen2.5:0.5b' not found"}
{"timestamp":"2026-10-02T17:28:50.247Z","level":"warn","message":"[reward.reward.r_human.v7] Fallback used, fallback=heuristic_score, pipeline=reward.scoring, sourceMemoryId=trace_7e6867fe9b0505f336aa, errorMessage=openai_compatible HTTP 404: model 'qwen2.5:0.5b' not found"}
{"timestamp":"2026-10-02T17:28:50.254Z","level":"info","message":"[reward] Job succeeded, jobId=job_61b74557a821ecb0e31e, attempt=1, maxAttempts=3"}
{"timestamp":"2026-10-02T17:28:50.254Z","level":"info","message":"[worker] Worker drain completed, leased=4, succeeded=4, failed=0, embeddingRetriesLeased=0, embeddingRetriesSucceeded=0, embeddingRetriesFailed=0"}
{"timestamp":"2026-10-02T17:28:50.258Z","level":"info","message":"[episode.title] Job started, jobId=job_7ef59ef81bb6f369f198, attempt=1, maxAttempts=3, sessionId=session_94f26f8db5c2d9fb278a, episodeId=episode_be79cc9d18b4b15f08c9"}
{"timestamp":"2026-10-02T17:28:50.267Z","level":"error","message":"[episode_title.final] Model HTTP request failed after the final attempt, provider=openai_compatible, model=qwen2.5:0.5b, attempt=1, maxAttempts=4, errorMessage=openai_compatible HTTP 404: model 'qwen2.5:0.5b' not found"}
{"timestamp":"2026-10-02T17:28:50.267Z","level":"error","message":"[episode_title.final] Model request failed, provider=openai_compatible, model=qwen2.5:0.5b, maxTokens=4096, durationMs=6, errorMessage=openai_compatible HTTP 404: model 'qwen2.5:0.5b' not found"}
{"timestamp":"2026-10-02T17:28:50.267Z","level":"error","message":"[episode.title] Job failed, jobId=job_7ef59ef81bb6f369f198, attempt=1, maxAttempts=3, terminal=false, errorMessage=openai_compatible HTTP 404: model 'qwen2.5:0.5b' not found"}
{"timestamp":"2026-10-02T17:28:50.267Z","level":"info","message":"[episode.title] Job started, jobId=job_7dc365904151936fb787, attempt=1, maxAttempts=3, sessionId=session_f4894cbb5cee22eab31f, episodeId=episode_83056281bde3f878c360"}
{"timestamp":"2026-10-02T17:28:50.274Z","level":"error","message":"[episode_title.final] Model HTTP request failed after the final attempt, provider=openai_compatible, model=qwen2.5:0.5b, attempt=1, maxAttempts=4, errorMessage=openai_compatible HTTP 404: model 'qwen2.5:0.5b' not found"}
{"timestamp":"2026-10-02T17:28:50.274Z","level":"error","message":"[episode_title.final] Model request failed, provider=openai_compatible, model=qwen2.5:0.5b, maxTokens=4096, durationMs=6, errorMessage=openai_compatible HTTP 404: model 'qwen2.5:0.5b' not found"}
{"timestamp":"2026-10-02T17:28:50.274Z","level":"error","message":"[episode.title] Job failed, jobId=job_7dc365904151936fb787, attempt=1, maxAttempts=3, terminal=false, errorMessage=openai_compatible HTTP 404: model 'qwen2.5:0.5b' not found"}
{"timestamp":"2026-10-02T17:28:50.275Z","level":"info","message":"[episode.title] Job started, jobId=job_5f98d61be5063354d033, attempt=1, maxAttempts=3, sessionId=session_da73adc2fcd6783996e2, episodeId=episode_31d3b9072ad8fc06e0f1"}
{"timestamp":"2026-10-02T17:28:50.282Z","level":"error","message":"[episode_title.final] Model HTTP request failed after the final attempt, provider=openai_compatible, model=qwen2.5:0.5b, attempt=1, maxAttempts=4, errorMessage=openai_compatible HTTP 404: model 'qwen2.5:0.5b' not found"}
{"timestamp":"2026-10-02T17:28:50.282Z","level":"error","message":"[episode_title.final] Model request failed, provider=openai_compatible, model=qwen2.5:0.5b, maxTokens=4096, durationMs=7, errorMessage=openai_compatible HTTP 404: model 'qwen2.5:0.5b' not found"}
{"timestamp":"2026-10-02T17:28:50.282Z","level":"error","message":"[episode.title] Job failed, jobId=job_5f98d61be5063354d033, attempt=1, maxAttempts=3, terminal=false, errorMessage=openai_compatible HTTP 404: model 'qwen2.5:0.5b' not found"}
{"timestamp":"2026-10-02T17:28:50.282Z","level":"info","message":"[episode.title] Job started, jobId=job_8f806c27fb628ff8dd67, attempt=1, maxAttempts=3, sessionId=session_3dfb88b2f276450e4fa4, episodeId=episode_bb686d09d21dc0975cfc"}
{"timestamp":"2026-10-02T17:28:50.290Z","level":"error","message":"[episode_title.final] Model HTTP request failed after the final attempt, provider=openai_compatible, model=qwen2.5:0.5b, attempt=1, maxAttempts=4, errorMessage=openai_compatible HTTP 404: model 'qwen2.5:0.5b' not found"}
{"timestamp":"2026-10-02T17:28:50.290Z","level":"error","message":"[episode_title.final] Model request failed, provider=openai_compatible, model=qwen2.5:0.5b, maxTokens=4096, durationMs=7, errorMessage=openai_compatible HTTP 404: model 'qwen2.5:0.5b' not found"}
{"timestamp":"2026-10-02T17:28:50.290Z","level":"error","message":"[episode.title] Job failed, jobId=job_8f806c27fb628ff8dd67, attempt=1, maxAttempts=3, terminal=false, errorMessage=openai_compatible HTTP 404: model 'qwen2.5:0.5b' not found"}
{"timestamp":"2026-10-02T17:28:50.290Z","level":"info","message":"[worker] Worker drain completed, leased=4, succeeded=0, failed=4, embeddingRetriesLeased=0, embeddingRetriesSucceeded=0, embeddingRetriesFailed=0"}
{"timestamp":"2026-10-02T17:28:50.303Z","level":"info","message":"[episode.title] Job started, jobId=job_7ef59ef81bb6f369f198, attempt=2, maxAttempts=3, sessionId=session_94f26f8db5c2d9fb278a, episodeId=episode_be79cc9d18b4b15f08c9"}
{"timestamp":"2026-10-02T17:28:50.313Z","level":"error","message":"[episode_title.final] Model HTTP request failed after the final attempt, provider=openai_compatible, model=qwen2.5:0.5b, attempt=1, maxAttempts=4, errorMessage=openai_compatible HTTP 404: model 'qwen2.5:0.5b' not found"}
{"timestamp":"2026-10-02T17:28:50.313Z","level":"error","message":"[episode_title.final] Model request failed, provider=openai_compatible, model=qwen2.5:0.5b, maxTokens=4096, durationMs=7, errorMessage=openai_compatible HTTP 404: model 'qwen2.5:0.5b' not found"}
{"timestamp":"2026-10-02T17:28:50.313Z","level":"error","message":"[episode.title] Job failed, jobId=job_7ef59ef81bb6f369f198, attempt=2, maxAttempts=3, terminal=false, errorMessage=openai_compatible HTTP 404: model 'qwen2.5:0.5b' not found"}
{"timestamp":"2026-10-02T17:28:50.313Z","level":"info","message":"[episode.title] Job started, jobId=job_7dc365904151936fb787, attempt=2, maxAttempts=3, sessionId=session_f4894cbb5cee22eab31f, episodeId=episode_83056281bde3f878c360"}
{"timestamp":"2026-10-02T17:28:50.321Z","level":"error","message":"[episode_title.final] Model HTTP request failed after the final attempt, provider=openai_compatible, model=qwen2.5:0.5b, attempt=1, maxAttempts=4, errorMessage=openai_compatible HTTP 404: model 'qwen2.5:0.5b' not found"}
{"timestamp":"2026-10-02T17:28:50.321Z","level":"error","message":"[episode_title.final] Model request failed, provider=openai_compatible, model=qwen2.5:0.5b, maxTokens=4096, durationMs=7, errorMessage=openai_compatible HTTP 404: model 'qwen2.5:0.5b' not found"}
{"timestamp":"2026-10-02T17:28:50.321Z","level":"error","message":"[episode.title] Job failed, jobId=job_7dc365904151936fb787, attempt=2, maxAttempts=3, terminal=false, errorMessage=openai_compatible HTTP 404: model 'qwen2.5:0.5b' not found"}
{"timestamp":"2026-10-02T17:28:50.321Z","level":"info","message":"[episode.title] Job started, jobId=job_5f98d61be5063354d033, attempt=2, maxAttempts=3, sessionId=session_da73adc2fcd6783996e2, episodeId=episode_31d3b9072ad8fc06e0f1"}
{"timestamp":"2026-10-02T17:28:50.327Z","level":"error","message":"[episode_title.final] Model HTTP request failed after the final attempt, provider=openai_compatible, model=qwen2.5:0.5b, attempt=1, maxAttempts=4, errorMessage=openai_compatible HTTP 404: model 'qwen2.5:0.5b' not found"}
{"timestamp":"2026-10-02T17:28:50.328Z","level":"error","message":"[episode_title.final] Model request failed, provider=openai_compatible, model=qwen2.5:0.5b, maxTokens=4096, durationMs=6, errorMessage=openai_compatible HTTP 404: model 'qwen2.5:0.5b' not found"}
{"timestamp":"2026-10-02T17:28:50.328Z","level":"error","message":"[episode.title] Job failed, jobId=job_5f98d61be5063354d033, attempt=2, maxAttempts=3, terminal=false, errorMessage=openai_compatible HTTP 404: model 'qwen2.5:0.5b' not found"}
{"timestamp":"2026-10-02T17:28:50.328Z","level":"info","message":"[episode.title] Job started, jobId=job_8f806c27fb628ff8dd67, attempt=2, maxAttempts=3, sessionId=session_3dfb88b2f276450e4fa4, episodeId=episode_bb686d09d21dc0975cfc"}
{"timestamp":"2026-10-02T17:28:50.335Z","level":"error","message":"[episode_title.final] Model HTTP request failed after the final attempt, provider=openai_compatible, model=qwen2.5:0.5b, attempt=1, maxAttempts=4, errorMessage=openai_compatible HTTP 404: model 'qwen2.5:0.5b' not found"}
{"timestamp":"2026-10-02T17:28:50.335Z","level":"error","message":"[episode_title.final] Model request failed, provider=openai_compatible, model=qwen2.5:0.5b, maxTokens=4096, durationMs=6, errorMessage=openai_compatible HTTP 404: model 'qwen2.5:0.5b' not found"}
{"timestamp":"2026-10-02T17:28:50.336Z","level":"error","message":"[episode.title] Job failed, jobId=job_8f806c27fb628ff8dd67, attempt=2, maxAttempts=3, terminal=false, errorMessage=openai_compatible HTTP 404: model 'qwen2.5:0.5b' not found"}
{"timestamp":"2026-10-02T17:28:50.336Z","level":"info","message":"[worker] Worker drain completed, leased=4, succeeded=0, failed=4, embeddingRetriesLeased=0, embeddingRetriesSucceeded=0, embeddingRetriesFailed=0"}
{"timestamp":"2026-10-02T17:28:50.349Z","level":"info","message":"[episode.title] Job started, jobId=job_7ef59ef81bb6f369f198, attempt=3, maxAttempts=3, sessionId=session_94f26f8db5c2d9fb278a, episodeId=episode_be79cc9d18b4b15f08c9"}
{"timestamp":"2026-10-02T17:28:50.358Z","level":"error","message":"[episode_title.final] Model HTTP request failed after the final attempt, provider=openai_compatible, model=qwen2.5:0.5b, attempt=1, maxAttempts=4, errorMessage=openai_compatible HTTP 404: model 'qwen2.5:0.5b' not found"}
{"timestamp":"2026-10-02T17:28:50.358Z","level":"error","message":"[episode_title.final] Model request failed, provider=openai_compatible, model=qwen2.5:0.5b, maxTokens=4096, durationMs=6, errorMessage=openai_compatible HTTP 404: model 'qwen2.5:0.5b' not found"}
{"timestamp":"2026-10-02T17:28:50.358Z","level":"error","message":"[episode.title] Job failed, jobId=job_7ef59ef81bb6f369f198, attempt=3, maxAttempts=3, terminal=true, errorMessage=openai_compatible HTTP 404: model 'qwen2.5:0.5b' not found"}
{"timestamp":"2026-10-02T17:28:50.359Z","level":"info","message":"[episode.title] Job started, jobId=job_7dc365904151936fb787, attempt=3, maxAttempts=3, sessionId=session_f4894cbb5cee22eab31f, episodeId=episode_83056281bde3f878c360"}
{"timestamp":"2026-10-02T17:28:50.366Z","level":"error","message":"[episode_title.final] Model HTTP request failed after the final attempt, provider=openai_compatible, model=qwen2.5:0.5b, attempt=1, maxAttempts=4, errorMessage=openai_compatible HTTP 404: model 'qwen2.5:0.5b' not found"}
{"timestamp":"2026-10-02T17:28:50.366Z","level":"error","message":"[episode_title.final] Model request failed, provider=openai_compatible, model=qwen2.5:0.5b, maxTokens=4096, durationMs=6, errorMessage=openai_compatible HTTP 404: model 'qwen2.5:0.5b' not found"}
{"timestamp":"2026-10-02T17:28:50.367Z","level":"error","message":"[episode.title] Job failed, jobId=job_7dc365904151936fb787, attempt=3, maxAttempts=3, terminal=true, errorMessage=openai_compatible HTTP 404: model 'qwen2.5:0.5b' not found"}
{"timestamp":"2026-10-02T17:28:50.367Z","level":"info","message":"[episode.title] Job started, jobId=job_5f98d61be5063354d033, attempt=3, maxAttempts=3, sessionId=session_da73adc2fcd6783996e2, episodeId=episode_31d3b9072ad8fc06e0f1"}
{"timestamp":"2026-10-02T17:28:50.373Z","level":"error","message":"[episode_title.final] Model HTTP request failed after the final attempt, provider=openai_compatible, model=qwen2.5:0.5b, attempt=1, maxAttempts=4, errorMessage=openai_compatible HTTP 404: model 'qwen2.5:0.5b' not found"}
{"timestamp":"2026-10-02T17:28:50.373Z","level":"error","message":"[episode_title.final] Model request failed, provider=openai_compatible, model=qwen2.5:0.5b, maxTokens=4096, durationMs=5, errorMessage=openai_compatible HTTP 404: model 'qwen2.5:0.5b' not found"}
{"timestamp":"2026-10-02T17:28:50.374Z","level":"error","message":"[episode.title] Job failed, jobId=job_5f98d61be5063354d033, attempt=3, maxAttempts=3, terminal=true, errorMessage=openai_compatible HTTP 404: model 'qwen2.5:0.5b' not found"}
{"timestamp":"2026-10-02T17:28:50.374Z","level":"info","message":"[episode.title] Job started, jobId=job_8f806c27fb628ff8dd67, attempt=3, maxAttempts=3, sessionId=session_3dfb88b2f276450e4fa4, episodeId=episode_bb686d09d21dc0975cfc"}
{"timestamp":"2026-10-02T17:28:50.381Z","level":"error","message":"[episode_title.final] Model HTTP request failed after the final attempt, provider=openai_compatible, model=qwen2.5:0.5b, attempt=1, maxAttempts=4, errorMessage=openai_compatible HTTP 404: model 'qwen2.5:0.5b' not found"}
{"timestamp":"2026-10-02T17:28:50.381Z","level":"error","message":"[episode_title.final] Model request failed, provider=openai_compatible, model=qwen2.5:0.5b, maxTokens=4096, durationMs=6, errorMessage=openai_compatible HTTP 404: model 'qwen2.5:0.5b' not found"}
{"timestamp":"2026-10-02T17:28:50.382Z","level":"error","message":"[episode.title] Job failed, jobId=job_8f806c27fb628ff8dd67, attempt=3, maxAttempts=3, terminal=true, errorMessage=openai_compatible HTTP 404: model 'qwen2.5:0.5b' not found"}
{"timestamp":"2026-10-02T17:28:50.382Z","level":"info","message":"[worker] Worker drain completed, leased=4, succeeded=0, failed=4, embeddingRetriesLeased=0, embeddingRetriesSucceeded=0, embeddingRetriesFailed=0"}
{"timestamp":"2026-10-02T17:28:50.395Z","level":"info","message":"[reward] Job started, jobId=job_e49d831f4cf3821e1707, attempt=1, maxAttempts=3, sessionId=session_21687f038bb3e22a4d48, episodeId=episode_4e841e6b6861dcc6c131"}
{"timestamp":"2026-10-02T17:28:50.440Z","level":"error","message":"[reward.reward.r_human.v7] Model HTTP request failed after the final attempt, provider=openai_compatible, model=qwen2.5:0.5b, attempt=1, maxAttempts=4, errorMessage=openai_compatible HTTP 404: model 'qwen2.5:0.5b' not found"}
{"timestamp":"2026-10-02T17:28:50.440Z","level":"error","message":"[reward.reward.r_human.v7] Model request failed, provider=openai_compatible, model=qwen2.5:0.5b, maxTokens=700, durationMs=9, errorMessage=openai_compatible HTTP 404: model 'qwen2.5:0.5b' not found"}
{"timestamp":"2026-10-02T17:28:50.440Z","level":"warn","message":"[reward.reward.r_human.v7] Fallback used, fallback=heuristic_score, pipeline=reward.scoring, sourceMemoryId=trace_43167cc629e36df7a175, errorMessage=openai_compatible HTTP 404: model 'qwen2.5:0.5b' not found"}
{"timestamp":"2026-10-02T17:28:50.471Z","level":"info","message":"[reward] Job succeeded, jobId=job_e49d831f4cf3821e1707, attempt=1, maxAttempts=3"}
{"timestamp":"2026-10-02T17:28:50.471Z","level":"info","message":"[reward] Job started, jobId=job_405b5f2be9fad1923ea4, attempt=1, maxAttempts=3, sessionId=session_40d1451b3f36d6457e00, episodeId=episode_57ea250e02f7531b835c"}
{"timestamp":"2026-10-02T17:28:50.514Z","level":"error","message":"[reward.reward.r_human.v7] Model HTTP request failed after the final attempt, provider=openai_compatible, model=qwen2.5:0.5b, attempt=1, maxAttempts=4, errorMessage=openai_compatible HTTP 404: model 'qwen2.5:0.5b' not found"}
{"timestamp":"2026-10-02T17:28:50.514Z","level":"error","message":"[reward.reward.r_human.v7] Model request failed, provider=openai_compatible, model=qwen2.5:0.5b, maxTokens=700, durationMs=6, errorMessage=openai_compatible HTTP 404: model 'qwen2.5:0.5b' not found"}
{"timestamp":"2026-10-02T17:28:50.514Z","level":"warn","message":"[reward.reward.r_human.v7] Fallback used, fallback=heuristic_score, pipeline=reward.scoring, sourceMemoryId=trace_42d4f9f4f58eac27216d, errorMessage=openai_compatible HTTP 404: model 'qwen2.5:0.5b' not found"}
{"timestamp":"2026-10-02T17:28:50.517Z","level":"info","message":"[reward] Job succeeded, jobId=job_405b5f2be9fad1923ea4, attempt=1, maxAttempts=3"}
{"timestamp":"2026-10-02T17:28:50.517Z","level":"info","message":"[reward] Job started, jobId=job_944a47339fa3d92c9f19, attempt=1, maxAttempts=3, sessionId=session_24b5d0cfb4f864eb0f8a, episodeId=episode_539afdf598f2f6c61298"}
{"timestamp":"2026-10-02T17:28:50.563Z","level":"error","message":"[reward.reward.r_human.v7] Model HTTP request failed after the final attempt, provider=openai_compatible, model=qwen2.5:0.5b, attempt=1, maxAttempts=4, errorMessage=openai_compatible HTTP 404: model 'qwen2.5:0.5b' not found"}
{"timestamp":"2026-10-02T17:28:50.563Z","level":"error","message":"[reward.reward.r_human.v7] Model request failed, provider=openai_compatible, model=qwen2.5:0.5b, maxTokens=700, durationMs=7, errorMessage=openai_compatible HTTP 404: model 'qwen2.5:0.5b' not found"}
{"timestamp":"2026-10-02T17:28:50.563Z","level":"warn","message":"[reward.reward.r_human.v7] Fallback used, fallback=heuristic_score, pipeline=reward.scoring, sourceMemoryId=trace_201d8407aa9cef92e925, errorMessage=openai_compatible HTTP 404: model 'qwen2.5:0.5b' not found"}
{"timestamp":"2026-10-02T17:28:50.574Z","level":"info","message":"[reward] Job succeeded, jobId=job_944a47339fa3d92c9f19, attempt=1, maxAttempts=3"}
{"timestamp":"2026-10-02T17:28:50.574Z","level":"info","message":"[reward] Job started, jobId=job_e30b91a6e667a2c22a2a, attempt=1, maxAttempts=3, sessionId=session_415f55695ed2fe657195, episodeId=episode_df1bbcebdec11f6ac4a9"}
{"timestamp":"2026-10-02T17:28:50.615Z","level":"error","message":"[reward.reward.r_human.v7] Model HTTP request failed after the final attempt, provider=openai_compatible, model=qwen2.5:0.5b, attempt=1, maxAttempts=4, errorMessage=openai_compatible HTTP 404: model 'qwen2.5:0.5b' not found"}
{"timestamp":"2026-10-02T17:28:50.615Z","level":"error","message":"[reward.reward.r_human.v7] Model request failed, provider=openai_compatible, model=qwen2.5:0.5b, maxTokens=700, durationMs=6, errorMessage=openai_compatible HTTP 404: model 'qwen2.5:0.5b' not found"}
{"timestamp":"2026-10-02T17:28:50.615Z","level":"warn","message":"[reward.reward.r_human.v7] Fallback used, fallback=heuristic_score, pipeline=reward.scoring, sourceMemoryId=trace_9dae5b3ff8e4314195c8, errorMessage=openai_compatible HTTP 404: model 'qwen2.5:0.5b' not found"}
{"timestamp":"2026-10-02T17:28:50.630Z","level":"info","message":"[reward] Job succeeded, jobId=job_e30b91a6e667a2c22a2a, attempt=1, maxAttempts=3"}
{"timestamp":"2026-10-02T17:28:50.630Z","level":"info","message":"[worker] Worker drain completed, leased=4, succeeded=4, failed=0, embeddingRetriesLeased=0, embeddingRetriesSucceeded=0, embeddingRetriesFailed=0"}
{"timestamp":"2026-10-02T17:28:50.642Z","level":"info","message":"[episode.title] Job started, jobId=job_0f654f6ae974a86097f5, attempt=1, maxAttempts=3, sessionId=session_21687f038bb3e22a4d48, episodeId=episode_4e841e6b6861dcc6c131"}
{"timestamp":"2026-10-02T17:28:50.650Z","level":"error","message":"[episode_title.final] Model HTTP request failed after the final attempt, provider=openai_compatible, model=qwen2.5:0.5b, attempt=1, maxAttempts=4, errorMessage=openai_compatible HTTP 404: model 'qwen2.5:0.5b' not found"}
{"timestamp":"2026-10-02T17:28:50.650Z","level":"error","message":"[episode_title.final] Model request failed, provider=openai_compatible, model=qwen2.5:0.5b, maxTokens=4096, durationMs=7, errorMessage=openai_compatible HTTP 404: model 'qwen2.5:0.5b' not found"}
{"timestamp":"2026-10-02T17:28:50.651Z","level":"error","message":"[episode.title] Job failed, jobId=job_0f654f6ae974a86097f5, attempt=1, maxAttempts=3, terminal=false, errorMessage=openai_compatible HTTP 404: model 'qwen2.5:0.5b' not found"}
{"timestamp":"2026-10-02T17:28:50.651Z","level":"info","message":"[episode.title] Job started, jobId=job_09d13b71c787536a5184, attempt=1, maxAttempts=3, sessionId=session_40d1451b3f36d6457e00, episodeId=episode_57ea250e02f7531b835c"}
{"timestamp":"2026-10-02T17:28:50.657Z","level":"error","message":"[episode_title.final] Model HTTP request failed after the final attempt, provider=openai_compatible, model=qwen2.5:0.5b, attempt=1, maxAttempts=4, errorMessage=openai_compatible HTTP 404: model 'qwen2.5:0.5b' not found"}
{"timestamp":"2026-10-02T17:28:50.657Z","level":"error","message":"[episode_title.final] Model request failed, provider=openai_compatible, model=qwen2.5:0.5b, maxTokens=4096, durationMs=5, errorMessage=openai_compatible HTTP 404: model 'qwen2.5:0.5b' not found"}
{"timestamp":"2026-10-02T17:28:50.664Z","level":"error","message":"[episode.title] Job failed, jobId=job_09d13b71c787536a5184, attempt=1, maxAttempts=3, terminal=false, errorMessage=openai_compatible HTTP 404: model 'qwen2.5:0.5b' not found"}
{"timestamp":"2026-10-02T17:28:50.665Z","level":"info","message":"[episode.title] Job started, jobId=job_d99a41ed00e6e0c34dde, attempt=1, maxAttempts=3, sessionId=session_24b5d0cfb4f864eb0f8a, episodeId=episode_539afdf598f2f6c61298"}
{"timestamp":"2026-10-02T17:28:50.674Z","level":"error","message":"[episode_title.final] Model HTTP request failed after the final attempt, provider=openai_compatible, model=qwen2.5:0.5b, attempt=1, maxAttempts=4, errorMessage=openai_compatible HTTP 404: model 'qwen2.5:0.5b' not found"}
{"timestamp":"2026-10-02T17:28:50.674Z","level":"error","message":"[episode_title.final] Model request failed, provider=openai_compatible, model=qwen2.5:0.5b, maxTokens=4096, durationMs=7, errorMessage=openai_compatible HTTP 404: model 'qwen2.5:0.5b' not found"}
{"timestamp":"2026-10-02T17:28:50.675Z","level":"error","message":"[episode.title] Job failed, jobId=job_d99a41ed00e6e0c34dde, attempt=1, maxAttempts=3, terminal=false, errorMessage=openai_compatible HTTP 404: model 'qwen2.5:0.5b' not found"}
{"timestamp":"2026-10-02T17:28:50.675Z","level":"info","message":"[episode.title] Job started, jobId=job_be4aaca2fb09409265c0, attempt=1, maxAttempts=3, sessionId=session_415f55695ed2fe657195, episodeId=episode_df1bbcebdec11f6ac4a9"}
{"timestamp":"2026-10-02T17:28:50.681Z","level":"warn","message":"[episode_title.final] request.input_truncated, role=memory_summary, provider=openai_compatible, model=qwen2.5:0.5b, maxTokens=4096, timeoutMs=180000, maxRetries=3, jsonMode=true, inputTokens=4818, inputTokenBudget=3584, outputTokensReserved=4096"}
{"timestamp":"2026-10-02T17:28:50.687Z","level":"error","message":"[episode_title.final] Model HTTP request failed after the final attempt, provider=openai_compatible, model=qwen2.5:0.5b, attempt=1, maxAttempts=4, errorMessage=openai_compatible HTTP 404: model 'qwen2.5:0.5b' not found"}
{"timestamp":"2026-10-02T17:28:50.687Z","level":"error","message":"[episode_title.final] Model request failed, provider=openai_compatible, model=qwen2.5:0.5b, maxTokens=4096, durationMs=11, errorMessage=openai_compatible HTTP 404: model 'qwen2.5:0.5b' not found"}
{"timestamp":"2026-10-02T17:28:50.687Z","level":"error","message":"[episode.title] Job failed, jobId=job_be4aaca2fb09409265c0, attempt=1, maxAttempts=3, terminal=false, errorMessage=openai_compatible HTTP 404: model 'qwen2.5:0.5b' not found"}
{"timestamp":"2026-10-02T17:28:50.687Z","level":"info","message":"[worker] Worker drain completed, leased=4, succeeded=0, failed=4, embeddingRetriesLeased=0, embeddingRetriesSucceeded=0, embeddingRetriesFailed=0"}
{"timestamp":"2026-10-02T17:28:50.703Z","level":"info","message":"[episode.title] Job started, jobId=job_0f654f6ae974a86097f5, attempt=2, maxAttempts=3, sessionId=session_21687f038bb3e22a4d48, episodeId=episode_4e841e6b6861dcc6c131"}
{"timestamp":"2026-10-02T17:28:50.711Z","level":"error","message":"[episode_title.final] Model HTTP request failed after the final attempt, provider=openai_compatible, model=qwen2.5:0.5b, attempt=1, maxAttempts=4, errorMessage=openai_compatible HTTP 404: model 'qwen2.5:0.5b' not found"}
{"timestamp":"2026-10-02T17:28:50.711Z","level":"error","message":"[episode_title.final] Model request failed, provider=openai_compatible, model=qwen2.5:0.5b, maxTokens=4096, durationMs=7, errorMessage=openai_compatible HTTP 404: model 'qwen2.5:0.5b' not found"}
{"timestamp":"2026-10-02T17:28:50.711Z","level":"error","message":"[episode.title] Job failed, jobId=job_0f654f6ae974a86097f5, attempt=2, maxAttempts=3, terminal=false, errorMessage=openai_compatible HTTP 404: model 'qwen2.5:0.5b' not found"}
{"timestamp":"2026-10-02T17:28:50.711Z","level":"info","message":"[episode.title] Job started, jobId=job_09d13b71c787536a5184, attempt=2, maxAttempts=3, sessionId=session_40d1451b3f36d6457e00, episodeId=episode_57ea250e02f7531b835c"}
{"timestamp":"2026-10-02T17:28:50.717Z","level":"error","message":"[episode_title.final] Model HTTP request failed after the final attempt, provider=openai_compatible, model=qwen2.5:0.5b, attempt=1, maxAttempts=4, errorMessage=openai_compatible HTTP 404: model 'qwen2.5:0.5b' not found"}
{"timestamp":"2026-10-02T17:28:50.717Z","level":"error","message":"[episode_title.final] Model request failed, provider=openai_compatible, model=qwen2.5:0.5b, maxTokens=4096, durationMs=5, errorMessage=openai_compatible HTTP 404: model 'qwen2.5:0.5b' not found"}
{"timestamp":"2026-10-02T17:28:50.718Z","level":"error","message":"[episode.title] Job failed, jobId=job_09d13b71c787536a5184, attempt=2, maxAttempts=3, terminal=false, errorMessage=openai_compatible HTTP 404: model 'qwen2.5:0.5b' not found"}
{"timestamp":"2026-10-02T17:28:50.718Z","level":"info","message":"[episode.title] Job started, jobId=job_d99a41ed00e6e0c34dde, attempt=2, maxAttempts=3, sessionId=session_24b5d0cfb4f864eb0f8a, episodeId=episode_539afdf598f2f6c61298"}
{"timestamp":"2026-10-02T17:28:50.727Z","level":"error","message":"[episode_title.final] Model HTTP request failed after the final attempt, provider=openai_compatible, model=qwen2.5:0.5b, attempt=1, maxAttempts=4, errorMessage=openai_compatible HTTP 404: model 'qwen2.5:0.5b' not found"}
{"timestamp":"2026-10-02T17:28:50.727Z","level":"error","message":"[episode_title.final] Model request failed, provider=openai_compatible, model=qwen2.5:0.5b, maxTokens=4096, durationMs=7, errorMessage=openai_compatible HTTP 404: model 'qwen2.5:0.5b' not found"}
{"timestamp":"2026-10-02T17:28:50.727Z","level":"error","message":"[episode.title] Job failed, jobId=job_d99a41ed00e6e0c34dde, attempt=2, maxAttempts=3, terminal=false, errorMessage=openai_compatible HTTP 404: model 'qwen2.5:0.5b' not found"}
{"timestamp":"2026-10-02T17:28:50.727Z","level":"info","message":"[episode.title] Job started, jobId=job_be4aaca2fb09409265c0, attempt=2, maxAttempts=3, sessionId=session_415f55695ed2fe657195, episodeId=episode_df1bbcebdec11f6ac4a9"}
{"timestamp":"2026-10-02T17:28:50.733Z","level":"warn","message":"[episode_title.final] request.input_truncated, role=memory_summary, provider=openai_compatible, model=qwen2.5:0.5b, maxTokens=4096, timeoutMs=180000, maxRetries=3, jsonMode=true, inputTokens=4818, inputTokenBudget=3584, outputTokensReserved=4096"}
{"timestamp":"2026-10-02T17:28:50.740Z","level":"error","message":"[episode_title.final] Model HTTP request failed after the final attempt, provider=openai_compatible, model=qwen2.5:0.5b, attempt=1, maxAttempts=4, errorMessage=openai_compatible HTTP 404: model 'qwen2.5:0.5b' not found"}
{"timestamp":"2026-10-02T17:28:50.740Z","level":"error","message":"[episode_title.final] Model request failed, provider=openai_compatible, model=qwen2.5:0.5b, maxTokens=4096, durationMs=11, errorMessage=openai_compatible HTTP 404: model 'qwen2.5:0.5b' not found"}
{"timestamp":"2026-10-02T17:28:50.740Z","level":"error","message":"[episode.title] Job failed, jobId=job_be4aaca2fb09409265c0, attempt=2, maxAttempts=3, terminal=false, errorMessage=openai_compatible HTTP 404: model 'qwen2.5:0.5b' not found"}
{"timestamp":"2026-10-02T17:28:50.740Z","level":"info","message":"[worker] Worker drain completed, leased=4, succeeded=0, failed=4, embeddingRetriesLeased=0, embeddingRetriesSucceeded=0, embeddingRetriesFailed=0"}
{"timestamp":"2026-10-02T17:28:50.749Z","level":"info","message":"[episode.title] Job started, jobId=job_0f654f6ae974a86097f5, attempt=3, maxAttempts=3, sessionId=session_21687f038bb3e22a4d48, episodeId=episode_4e841e6b6861dcc6c131"}
{"timestamp":"2026-10-02T17:28:50.758Z","level":"error","message":"[episode_title.final] Model HTTP request failed after the final attempt, provider=openai_compatible, model=qwen2.5:0.5b, attempt=1, maxAttempts=4, errorMessage=openai_compatible HTTP 404: model 'qwen2.5:0.5b' not found"}
{"timestamp":"2026-10-02T17:28:50.758Z","level":"error","message":"[episode_title.final] Model request failed, provider=openai_compatible, model=qwen2.5:0.5b, maxTokens=4096, durationMs=8, errorMessage=openai_compatible HTTP 404: model 'qwen2.5:0.5b' not found"}
{"timestamp":"2026-10-02T17:28:50.758Z","level":"error","message":"[episode.title] Job failed, jobId=job_0f654f6ae974a86097f5, attempt=3, maxAttempts=3, terminal=true, errorMessage=openai_compatible HTTP 404: model 'qwen2.5:0.5b' not found"}
{"timestamp":"2026-10-02T17:28:50.758Z","level":"info","message":"[episode.title] Job started, jobId=job_09d13b71c787536a5184, attempt=3, maxAttempts=3, sessionId=session_40d1451b3f36d6457e00, episodeId=episode_57ea250e02f7531b835c"}
{"timestamp":"2026-10-02T17:28:50.765Z","level":"error","message":"[episode_title.final] Model HTTP request failed after the final attempt, provider=openai_compatible, model=qwen2.5:0.5b, attempt=1, maxAttempts=4, errorMessage=openai_compatible HTTP 404: model 'qwen2.5:0.5b' not found"}
{"timestamp":"2026-10-02T17:28:50.765Z","level":"error","message":"[episode_title.final] Model request failed, provider=openai_compatible, model=qwen2.5:0.5b, maxTokens=4096, durationMs=6, errorMessage=openai_compatible HTTP 404: model 'qwen2.5:0.5b' not found"}
{"timestamp":"2026-10-02T17:28:50.765Z","level":"error","message":"[episode.title] Job failed, jobId=job_09d13b71c787536a5184, attempt=3, maxAttempts=3, terminal=true, errorMessage=openai_compatible HTTP 404: model 'qwen2.5:0.5b' not found"}
{"timestamp":"2026-10-02T17:28:50.765Z","level":"info","message":"[episode.title] Job started, jobId=job_d99a41ed00e6e0c34dde, attempt=3, maxAttempts=3, sessionId=session_24b5d0cfb4f864eb0f8a, episodeId=episode_539afdf598f2f6c61298"}
{"timestamp":"2026-10-02T17:28:50.773Z","level":"error","message":"[episode_title.final] Model HTTP request failed after the final attempt, provider=openai_compatible, model=qwen2.5:0.5b, attempt=1, maxAttempts=4, errorMessage=openai_compatible HTTP 404: model 'qwen2.5:0.5b' not found"}
{"timestamp":"2026-10-02T17:28:50.773Z","level":"error","message":"[episode_title.final] Model request failed, provider=openai_compatible, model=qwen2.5:0.5b, maxTokens=4096, durationMs=6, errorMessage=openai_compatible HTTP 404: model 'qwen2.5:0.5b' not found"}
{"timestamp":"2026-10-02T17:28:50.774Z","level":"error","message":"[episode.title] Job failed, jobId=job_d99a41ed00e6e0c34dde, attempt=3, maxAttempts=3, terminal=true, errorMessage=openai_compatible HTTP 404: model 'qwen2.5:0.5b' not found"}
{"timestamp":"2026-10-02T17:28:50.774Z","level":"info","message":"[episode.title] Job started, jobId=job_be4aaca2fb09409265c0, attempt=3, maxAttempts=3, sessionId=session_415f55695ed2fe657195, episodeId=episode_df1bbcebdec11f6ac4a9"}
{"timestamp":"2026-10-02T17:28:50.781Z","level":"warn","message":"[episode_title.final] request.input_truncated, role=memory_summary, provider=openai_compatible, model=qwen2.5:0.5b, maxTokens=4096, timeoutMs=180000, maxRetries=3, jsonMode=true, inputTokens=4818, inputTokenBudget=3584, outputTokensReserved=4096"}
{"timestamp":"2026-10-02T17:28:50.787Z","level":"error","message":"[episode_title.final] Model HTTP request failed after the final attempt, provider=openai_compatible, model=qwen2.5:0.5b, attempt=1, maxAttempts=4, errorMessage=openai_compatible HTTP 404: model 'qwen2.5:0.5b' not found"}
{"timestamp":"2026-10-02T17:28:50.787Z","level":"error","message":"[episode_title.final] Model request failed, provider=openai_compatible, model=qwen2.5:0.5b, maxTokens=4096, durationMs=12, errorMessage=openai_compatible HTTP 404: model 'qwen2.5:0.5b' not found"}
{"timestamp":"2026-10-02T17:28:50.787Z","level":"error","message":"[episode.title] Job failed, jobId=job_be4aaca2fb09409265c0, attempt=3, maxAttempts=3, terminal=true, errorMessage=openai_compatible HTTP 404: model 'qwen2.5:0.5b' not found"}
{"timestamp":"2026-10-02T17:28:50.787Z","level":"info","message":"[worker] Worker drain completed, leased=4, succeeded=0, failed=4, embeddingRetriesLeased=0, embeddingRetriesSucceeded=0, embeddingRetriesFailed=0"}
{"timestamp":"2026-10-02T17:28:50.795Z","level":"info","message":"[reward] Job started, jobId=job_fd015ae179e504a88b94, attempt=1, maxAttempts=3, sessionId=session_66e62dc17379e5c7517d, episodeId=episode_50d4c2c0f5a2b04f11a7"}
{"timestamp":"2026-10-02T17:28:50.839Z","level":"error","message":"[reward.reward.r_human.v7] Model HTTP request failed after the final attempt, provider=openai_compatible, model=qwen2.5:0.5b, attempt=1, maxAttempts=4, errorMessage=openai_compatible HTTP 404: model 'qwen2.5:0.5b' not found"}
{"timestamp":"2026-10-02T17:28:50.839Z","level":"error","message":"[reward.reward.r_human.v7] Model request failed, provider=openai_compatible, model=qwen2.5:0.5b, maxTokens=700, durationMs=9, errorMessage=openai_compatible HTTP 404: model 'qwen2.5:0.5b' not found"}
{"timestamp":"2026-10-02T17:28:50.839Z","level":"warn","message":"[reward.reward.r_human.v7] Fallback used, fallback=heuristic_score, pipeline=reward.scoring, sourceMemoryId=trace_aa55cc9376f38e8e87e6, errorMessage=openai_compatible HTTP 404: model 'qwen2.5:0.5b' not found"}
{"timestamp":"2026-10-02T17:28:50.853Z","level":"info","message":"[reward] Job succeeded, jobId=job_fd015ae179e504a88b94, attempt=1, maxAttempts=3"}
{"timestamp":"2026-10-02T17:28:50.853Z","level":"info","message":"[reward] Job started, jobId=job_815c422fc52b2755b2f7, attempt=1, maxAttempts=3, sessionId=session_4c7183d08d0ac324428c, episodeId=episode_2ad7210ab2351486cce3"}
{"timestamp":"2026-10-02T17:28:50.897Z","level":"error","message":"[reward.reward.r_human.v7] Model HTTP request failed after the final attempt, provider=openai_compatible, model=qwen2.5:0.5b, attempt=1, maxAttempts=4, errorMessage=openai_compatible HTTP 404: model 'qwen2.5:0.5b' not found"}
{"timestamp":"2026-10-02T17:28:50.897Z","level":"error","message":"[reward.reward.r_human.v7] Model request failed, provider=openai_compatible, model=qwen2.5:0.5b, maxTokens=700, durationMs=7, errorMessage=openai_compatible HTTP 404: model 'qwen2.5:0.5b' not found"}
{"timestamp":"2026-10-02T17:28:50.897Z","level":"warn","message":"[reward.reward.r_human.v7] Fallback used, fallback=heuristic_score, pipeline=reward.scoring, sourceMemoryId=trace_3809aef283e058ffb174, errorMessage=openai_compatible HTTP 404: model 'qwen2.5:0.5b' not found"}
{"timestamp":"2026-10-02T17:28:50.912Z","level":"info","message":"[reward] Job succeeded, jobId=job_815c422fc52b2755b2f7, attempt=1, maxAttempts=3"}
{"timestamp":"2026-10-02T17:28:50.912Z","level":"info","message":"[reward] Job started, jobId=job_0fdbf7560870a207dcfb, attempt=1, maxAttempts=3, sessionId=session_7be3610008816d8e60d3, episodeId=episode_96f791a824b8658f1e52"}
{"timestamp":"2026-10-02T17:28:50.959Z","level":"error","message":"[reward.reward.r_human.v7] Model HTTP request failed after the final attempt, provider=openai_compatible, model=qwen2.5:0.5b, attempt=1, maxAttempts=4, errorMessage=openai_compatible HTTP 404: model 'qwen2.5:0.5b' not found"}
{"timestamp":"2026-10-02T17:28:50.960Z","level":"error","message":"[reward.reward.r_human.v7] Model request failed, provider=openai_compatible, model=qwen2.5:0.5b, maxTokens=700, durationMs=6, errorMessage=openai_compatible HTTP 404: model 'qwen2.5:0.5b' not found"}
{"timestamp":"2026-10-02T17:28:50.960Z","level":"warn","message":"[reward.reward.r_human.v7] Fallback used, fallback=heuristic_score, pipeline=reward.scoring, sourceMemoryId=trace_11a7e909cab078699c7b, errorMessage=openai_compatible HTTP 404: model 'qwen2.5:0.5b' not found"}
{"timestamp":"2026-10-02T17:28:50.993Z","level":"info","message":"[reward] Job succeeded, jobId=job_0fdbf7560870a207dcfb, attempt=1, maxAttempts=3"}
{"timestamp":"2026-10-02T17:28:50.994Z","level":"info","message":"[reward] Job started, jobId=job_5b8bd1cbda844d5c5c89, attempt=1, maxAttempts=3, sessionId=session_915eddcf8229d00a984a, episodeId=episode_64c2c508a41056d518a8"}
{"timestamp":"2026-10-02T17:28:51.043Z","level":"error","message":"[reward.reward.r_human.v7] Model HTTP request failed after the final attempt, provider=openai_compatible, model=qwen2.5:0.5b, attempt=1, maxAttempts=4, errorMessage=openai_compatible HTTP 404: model 'qwen2.5:0.5b' not found"}
{"timestamp":"2026-10-02T17:28:51.043Z","level":"error","message":"[reward.reward.r_human.v7] Model request failed, provider=openai_compatible, model=qwen2.5:0.5b, maxTokens=700, durationMs=6, errorMessage=openai_compatible HTTP 404: model 'qwen2.5:0.5b' not found"}
{"timestamp":"2026-10-02T17:28:51.043Z","level":"warn","message":"[reward.reward.r_human.v7] Fallback used, fallback=heuristic_score, pipeline=reward.scoring, sourceMemoryId=trace_83166ad95de59c9a8b2d, errorMessage=openai_compatible HTTP 404: model 'qwen2.5:0.5b' not found"}
{"timestamp":"2026-10-02T17:28:51.056Z","level":"info","message":"[reward] Job succeeded, jobId=job_5b8bd1cbda844d5c5c89, attempt=1, maxAttempts=3"}
{"timestamp":"2026-10-02T17:28:51.056Z","level":"info","message":"[worker] Worker drain completed, leased=4, succeeded=4, failed=0, embeddingRetriesLeased=0, embeddingRetriesSucceeded=0, embeddingRetriesFailed=0"}
{"timestamp":"2026-10-02T17:28:51.073Z","level":"info","message":"[episode.title] Job started, jobId=job_b8b54759549c601b76a1, attempt=1, maxAttempts=3, sessionId=session_66e62dc17379e5c7517d, episodeId=episode_50d4c2c0f5a2b04f11a7"}
{"timestamp":"2026-10-02T17:28:51.082Z","level":"error","message":"[episode_title.final] Model HTTP request failed after the final attempt, provider=openai_compatible, model=qwen2.5:0.5b, attempt=1, maxAttempts=4, errorMessage=openai_compatible HTTP 404: model 'qwen2.5:0.5b' not found"}
{"timestamp":"2026-10-02T17:28:51.082Z","level":"error","message":"[episode_title.final] Model request failed, provider=openai_compatible, model=qwen2.5:0.5b, maxTokens=4096, durationMs=7, errorMessage=openai_compatible HTTP 404: model 'qwen2.5:0.5b' not found"}
{"timestamp":"2026-10-02T17:28:51.083Z","level":"error","message":"[episode.title] Job failed, jobId=job_b8b54759549c601b76a1, attempt=1, maxAttempts=3, terminal=false, errorMessage=openai_compatible HTTP 404: model 'qwen2.5:0.5b' not found"}
{"timestamp":"2026-10-02T17:28:51.083Z","level":"info","message":"[episode.title] Job started, jobId=job_44f2047d7cdf967d3201, attempt=1, maxAttempts=3, sessionId=session_4c7183d08d0ac324428c, episodeId=episode_2ad7210ab2351486cce3"}
{"timestamp":"2026-10-02T17:28:51.091Z","level":"error","message":"[episode_title.final] Model HTTP request failed after the final attempt, provider=openai_compatible, model=qwen2.5:0.5b, attempt=1, maxAttempts=4, errorMessage=openai_compatible HTTP 404: model 'qwen2.5:0.5b' not found"}
{"timestamp":"2026-10-02T17:28:51.091Z","level":"error","message":"[episode_title.final] Model request failed, provider=openai_compatible, model=qwen2.5:0.5b, maxTokens=4096, durationMs=6, errorMessage=openai_compatible HTTP 404: model 'qwen2.5:0.5b' not found"}
{"timestamp":"2026-10-02T17:28:51.091Z","level":"error","message":"[episode.title] Job failed, jobId=job_44f2047d7cdf967d3201, attempt=1, maxAttempts=3, terminal=false, errorMessage=openai_compatible HTTP 404: model 'qwen2.5:0.5b' not found"}
{"timestamp":"2026-10-02T17:28:51.091Z","level":"info","message":"[episode.title] Job started, jobId=job_f66ff0046147ecdb3052, attempt=1, maxAttempts=3, sessionId=session_7be3610008816d8e60d3, episodeId=episode_96f791a824b8658f1e52"}
{"timestamp":"2026-10-02T17:28:51.099Z","level":"error","message":"[episode_title.final] Model HTTP request failed after the final attempt, provider=openai_compatible, model=qwen2.5:0.5b, attempt=1, maxAttempts=4, errorMessage=openai_compatible HTTP 404: model 'qwen2.5:0.5b' not found"}
{"timestamp":"2026-10-02T17:28:51.099Z","level":"error","message":"[episode_title.final] Model request failed, provider=openai_compatible, model=qwen2.5:0.5b, maxTokens=4096, durationMs=6, errorMessage=openai_compatible HTTP 404: model 'qwen2.5:0.5b' not found"}
{"timestamp":"2026-10-02T17:28:51.099Z","level":"error","message":"[episode.title] Job failed, jobId=job_f66ff0046147ecdb3052, attempt=1, maxAttempts=3, terminal=false, errorMessage=openai_compatible HTTP 404: model 'qwen2.5:0.5b' not found"}
{"timestamp":"2026-10-02T17:28:51.100Z","level":"info","message":"[episode.title] Job started, jobId=job_c959bba8cd72093e8d1b, attempt=1, maxAttempts=3, sessionId=session_915eddcf8229d00a984a, episodeId=episode_64c2c508a41056d518a8"}
{"timestamp":"2026-10-02T17:28:51.107Z","level":"error","message":"[episode_title.final] Model HTTP request failed after the final attempt, provider=openai_compatible, model=qwen2.5:0.5b, attempt=1, maxAttempts=4, errorMessage=openai_compatible HTTP 404: model 'qwen2.5:0.5b' not found"}
{"timestamp":"2026-10-02T17:28:51.107Z","level":"error","message":"[episode_title.final] Model request failed, provider=openai_compatible, model=qwen2.5:0.5b, maxTokens=4096, durationMs=6, errorMessage=openai_compatible HTTP 404: model 'qwen2.5:0.5b' not found"}
{"timestamp":"2026-10-02T17:28:51.108Z","level":"error","message":"[episode.title] Job failed, jobId=job_c959bba8cd72093e8d1b, attempt=1, maxAttempts=3, terminal=false, errorMessage=openai_compatible HTTP 404: model 'qwen2.5:0.5b' not found"}
{"timestamp":"2026-10-02T17:28:51.108Z","level":"info","message":"[worker] Worker drain completed, leased=4, succeeded=0, failed=4, embeddingRetriesLeased=0, embeddingRetriesSucceeded=0, embeddingRetriesFailed=0"}
{"timestamp":"2026-10-02T17:28:51.120Z","level":"info","message":"[episode.title] Job started, jobId=job_b8b54759549c601b76a1, attempt=2, maxAttempts=3, sessionId=session_66e62dc17379e5c7517d, episodeId=episode_50d4c2c0f5a2b04f11a7"}
{"timestamp":"2026-10-02T17:28:51.128Z","level":"error","message":"[episode_title.final] Model HTTP request failed after the final attempt, provider=openai_compatible, model=qwen2.5:0.5b, attempt=1, maxAttempts=4, errorMessage=openai_compatible HTTP 404: model 'qwen2.5:0.5b' not found"}
{"timestamp":"2026-10-02T17:28:51.128Z","level":"error","message":"[episode_title.final] Model request failed, provider=openai_compatible, model=qwen2.5:0.5b, maxTokens=4096, durationMs=7, errorMessage=openai_compatible HTTP 404: model 'qwen2.5:0.5b' not found"}
{"timestamp":"2026-10-02T17:28:51.128Z","level":"error","message":"[episode.title] Job failed, jobId=job_b8b54759549c601b76a1, attempt=2, maxAttempts=3, terminal=false, errorMessage=openai_compatible HTTP 404: model 'qwen2.5:0.5b' not found"}
{"timestamp":"2026-10-02T17:28:51.128Z","level":"info","message":"[episode.title] Job started, jobId=job_44f2047d7cdf967d3201, attempt=2, maxAttempts=3, sessionId=session_4c7183d08d0ac324428c, episodeId=episode_2ad7210ab2351486cce3"}
{"timestamp":"2026-10-02T17:28:51.138Z","level":"error","message":"[episode_title.final] Model HTTP request failed after the final attempt, provider=openai_compatible, model=qwen2.5:0.5b, attempt=1, maxAttempts=4, errorMessage=openai_compatible HTTP 404: model 'qwen2.5:0.5b' not found"}
{"timestamp":"2026-10-02T17:28:51.138Z","level":"error","message":"[episode_title.final] Model request failed, provider=openai_compatible, model=qwen2.5:0.5b, maxTokens=4096, durationMs=7, errorMessage=openai_compatible HTTP 404: model 'qwen2.5:0.5b' not found"}
{"timestamp":"2026-10-02T17:28:51.139Z","level":"error","message":"[episode.title] Job failed, jobId=job_44f2047d7cdf967d3201, attempt=2, maxAttempts=3, terminal=false, errorMessage=openai_compatible HTTP 404: model 'qwen2.5:0.5b' not found"}
{"timestamp":"2026-10-02T17:28:51.139Z","level":"info","message":"[episode.title] Job started, jobId=job_f66ff0046147ecdb3052, attempt=2, maxAttempts=3, sessionId=session_7be3610008816d8e60d3, episodeId=episode_96f791a824b8658f1e52"}
{"timestamp":"2026-10-02T17:28:51.146Z","level":"error","message":"[episode_title.final] Model HTTP request failed after the final attempt, provider=openai_compatible, model=qwen2.5:0.5b, attempt=1, maxAttempts=4, errorMessage=openai_compatible HTTP 404: model 'qwen2.5:0.5b' not found"}
{"timestamp":"2026-10-02T17:28:51.146Z","level":"error","message":"[episode_title.final] Model request failed, provider=openai_compatible, model=qwen2.5:0.5b, maxTokens=4096, durationMs=6, errorMessage=openai_compatible HTTP 404: model 'qwen2.5:0.5b' not found"}
{"timestamp":"2026-10-02T17:28:51.146Z","level":"error","message":"[episode.title] Job failed, jobId=job_f66ff0046147ecdb3052, attempt=2, maxAttempts=3, terminal=false, errorMessage=openai_compatible HTTP 404: model 'qwen2.5:0.5b' not found"}
{"timestamp":"2026-10-02T17:28:51.146Z","level":"info","message":"[episode.title] Job started, jobId=job_c959bba8cd72093e8d1b, attempt=2, maxAttempts=3, sessionId=session_915eddcf8229d00a984a, episodeId=episode_64c2c508a41056d518a8"}
{"timestamp":"2026-10-02T17:28:51.153Z","level":"error","message":"[episode_title.final] Model HTTP request failed after the final attempt, provider=openai_compatible, model=qwen2.5:0.5b, attempt=1, maxAttempts=4, errorMessage=openai_compatible HTTP 404: model 'qwen2.5:0.5b' not found"}
{"timestamp":"2026-10-02T17:28:51.153Z","level":"error","message":"[episode_title.final] Model request failed, provider=openai_compatible, model=qwen2.5:0.5b, maxTokens=4096, durationMs=5, errorMessage=openai_compatible HTTP 404: model 'qwen2.5:0.5b' not found"}
{"timestamp":"2026-10-02T17:28:51.153Z","level":"error","message":"[episode.title] Job failed, jobId=job_c959bba8cd72093e8d1b, attempt=2, maxAttempts=3, terminal=false, errorMessage=openai_compatible HTTP 404: model 'qwen2.5:0.5b' not found"}
{"timestamp":"2026-10-02T17:28:51.153Z","level":"info","message":"[worker] Worker drain completed, leased=4, succeeded=0, failed=4, embeddingRetriesLeased=0, embeddingRetriesSucceeded=0, embeddingRetriesFailed=0"}
{"timestamp":"2026-10-02T17:28:51.166Z","level":"info","message":"[episode.title] Job started, jobId=job_b8b54759549c601b76a1, attempt=3, maxAttempts=3, sessionId=session_66e62dc17379e5c7517d, episodeId=episode_50d4c2c0f5a2b04f11a7"}
{"timestamp":"2026-10-02T17:28:51.174Z","level":"error","message":"[episode_title.final] Model HTTP request failed after the final attempt, provider=openai_compatible, model=qwen2.5:0.5b, attempt=1, maxAttempts=4, errorMessage=openai_compatible HTTP 404: model 'qwen2.5:0.5b' not found"}
{"timestamp":"2026-10-02T17:28:51.174Z","level":"error","message":"[episode_title.final] Model request failed, provider=openai_compatible, model=qwen2.5:0.5b, maxTokens=4096, durationMs=7, errorMessage=openai_compatible HTTP 404: model 'qwen2.5:0.5b' not found"}
{"timestamp":"2026-10-02T17:28:51.174Z","level":"error","message":"[episode.title] Job failed, jobId=job_b8b54759549c601b76a1, attempt=3, maxAttempts=3, terminal=true, errorMessage=openai_compatible HTTP 404: model 'qwen2.5:0.5b' not found"}
{"timestamp":"2026-10-02T17:28:51.174Z","level":"info","message":"[episode.title] Job started, jobId=job_44f2047d7cdf967d3201, attempt=3, maxAttempts=3, sessionId=session_4c7183d08d0ac324428c, episodeId=episode_2ad7210ab2351486cce3"}
{"timestamp":"2026-10-02T17:28:51.183Z","level":"error","message":"[episode_title.final] Model HTTP request failed after the final attempt, provider=openai_compatible, model=qwen2.5:0.5b, attempt=1, maxAttempts=4, errorMessage=openai_compatible HTTP 404: model 'qwen2.5:0.5b' not found"}
{"timestamp":"2026-10-02T17:28:51.183Z","level":"error","message":"[episode_title.final] Model request failed, provider=openai_compatible, model=qwen2.5:0.5b, maxTokens=4096, durationMs=6, errorMessage=openai_compatible HTTP 404: model 'qwen2.5:0.5b' not found"}
{"timestamp":"2026-10-02T17:28:51.183Z","level":"error","message":"[episode.title] Job failed, jobId=job_44f2047d7cdf967d3201, attempt=3, maxAttempts=3, terminal=true, errorMessage=openai_compatible HTTP 404: model 'qwen2.5:0.5b' not found"}
{"timestamp":"2026-10-02T17:28:51.183Z","level":"info","message":"[episode.title] Job started, jobId=job_f66ff0046147ecdb3052, attempt=3, maxAttempts=3, sessionId=session_7be3610008816d8e60d3, episodeId=episode_96f791a824b8658f1e52"}
{"timestamp":"2026-10-02T17:28:51.191Z","level":"error","message":"[episode_title.final] Model HTTP request failed after the final attempt, provider=openai_compatible, model=qwen2.5:0.5b, attempt=1, maxAttempts=4, errorMessage=openai_compatible HTTP 404: model 'qwen2.5:0.5b' not found"}
{"timestamp":"2026-10-02T17:28:51.191Z","level":"error","message":"[episode_title.final] Model request failed, provider=openai_compatible, model=qwen2.5:0.5b, maxTokens=4096, durationMs=6, errorMessage=openai_compatible HTTP 404: model 'qwen2.5:0.5b' not found"}
{"timestamp":"2026-10-02T17:28:51.191Z","level":"error","message":"[episode.title] Job failed, jobId=job_f66ff0046147ecdb3052, attempt=3, maxAttempts=3, terminal=true, errorMessage=openai_compatible HTTP 404: model 'qwen2.5:0.5b' not found"}
{"timestamp":"2026-10-02T17:28:51.192Z","level":"info","message":"[episode.title] Job started, jobId=job_c959bba8cd72093e8d1b, attempt=3, maxAttempts=3, sessionId=session_915eddcf8229d00a984a, episodeId=episode_64c2c508a41056d518a8"}
{"timestamp":"2026-10-02T17:28:51.199Z","level":"error","message":"[episode_title.final] Model HTTP request failed after the final attempt, provider=openai_compatible, model=qwen2.5:0.5b, attempt=1, maxAttempts=4, errorMessage=openai_compatible HTTP 404: model 'qwen2.5:0.5b' not found"}
{"timestamp":"2026-10-02T17:28:51.199Z","level":"error","message":"[episode_title.final] Model request failed, provider=openai_compatible, model=qwen2.5:0.5b, maxTokens=4096, durationMs=6, errorMessage=openai_compatible HTTP 404: model 'qwen2.5:0.5b' not found"}
{"timestamp":"2026-10-02T17:28:51.199Z","level":"error","message":"[episode.title] Job failed, jobId=job_c959bba8cd72093e8d1b, attempt=3, maxAttempts=3, terminal=true, errorMessage=openai_compatible HTTP 404: model 'qwen2.5:0.5b' not found"}
{"timestamp":"2026-10-02T17:28:51.199Z","level":"info","message":"[worker] Worker drain completed, leased=4, succeeded=0, failed=4, embeddingRetriesLeased=0, embeddingRetriesSucceeded=0, embeddingRetriesFailed=0"}
{"timestamp":"2026-10-02T17:28:51.212Z","level":"info","message":"[reward] Job started, jobId=job_db197b047da5b7654ae7, attempt=1, maxAttempts=3, sessionId=session_046da8461ea7cbd53811, episodeId=episode_4529c6b8d03682468f0e"}
{"timestamp":"2026-10-02T17:28:51.263Z","level":"error","message":"[reward.reward.r_human.v7] Model HTTP request failed after the final attempt, provider=openai_compatible, model=qwen2.5:0.5b, attempt=1, maxAttempts=4, errorMessage=openai_compatible HTTP 404: model 'qwen2.5:0.5b' not found"}
{"timestamp":"2026-10-02T17:28:51.263Z","level":"error","message":"[reward.reward.r_human.v7] Model request failed, provider=openai_compatible, model=qwen2.5:0.5b, maxTokens=700, durationMs=6, errorMessage=openai_compatible HTTP 404: model 'qwen2.5:0.5b' not found"}
{"timestamp":"2026-10-02T17:28:51.263Z","level":"warn","message":"[reward.reward.r_human.v7] Fallback used, fallback=heuristic_score, pipeline=reward.scoring, sourceMemoryId=trace_39369adffbdc98628642, errorMessage=openai_compatible HTTP 404: model 'qwen2.5:0.5b' not found"}
{"timestamp":"2026-10-02T17:28:51.277Z","level":"info","message":"[reward] Job succeeded, jobId=job_db197b047da5b7654ae7, attempt=1, maxAttempts=3"}
{"timestamp":"2026-10-02T17:28:51.277Z","level":"info","message":"[reward] Job started, jobId=job_b5ad29d555c7a945633a, attempt=1, maxAttempts=3, sessionId=session_c7bf9c2d901e460a39f8, episodeId=episode_e38ceb2985fefc09ccec"}
{"timestamp":"2026-10-02T17:28:51.322Z","level":"error","message":"[reward.reward.r_human.v7] Model HTTP request failed after the final attempt, provider=openai_compatible, model=qwen2.5:0.5b, attempt=1, maxAttempts=4, errorMessage=openai_compatible HTTP 404: model 'qwen2.5:0.5b' not found"}
{"timestamp":"2026-10-02T17:28:51.322Z","level":"error","message":"[reward.reward.r_human.v7] Model request failed, provider=openai_compatible, model=qwen2.5:0.5b, maxTokens=700, durationMs=7, errorMessage=openai_compatible HTTP 404: model 'qwen2.5:0.5b' not found"}
{"timestamp":"2026-10-02T17:28:51.322Z","level":"warn","message":"[reward.reward.r_human.v7] Fallback used, fallback=heuristic_score, pipeline=reward.scoring, sourceMemoryId=trace_48854882a848a5222e89, errorMessage=openai_compatible HTTP 404: model 'qwen2.5:0.5b' not found"}
{"timestamp":"2026-10-02T17:28:51.338Z","level":"info","message":"[reward] Job succeeded, jobId=job_b5ad29d555c7a945633a, attempt=1, maxAttempts=3"}
{"timestamp":"2026-10-02T17:28:51.338Z","level":"info","message":"[reward] Job started, jobId=job_529eb90769e4c0315e2a, attempt=1, maxAttempts=3, sessionId=session_799fac0e7e67543440dc, episodeId=episode_bf09916698436cbb6bf4"}
{"timestamp":"2026-10-02T17:28:51.380Z","level":"error","message":"[reward.reward.r_human.v7] Model HTTP request failed after the final attempt, provider=openai_compatible, model=qwen2.5:0.5b, attempt=1, maxAttempts=4, errorMessage=openai_compatible HTTP 404: model 'qwen2.5:0.5b' not found"}
{"timestamp":"2026-10-02T17:28:51.380Z","level":"error","message":"[reward.reward.r_human.v7] Model request failed, provider=openai_compatible, model=qwen2.5:0.5b, maxTokens=700, durationMs=7, errorMessage=openai_compatible HTTP 404: model 'qwen2.5:0.5b' not found"}
{"timestamp":"2026-10-02T17:28:51.380Z","level":"warn","message":"[reward.reward.r_human.v7] Fallback used, fallback=heuristic_score, pipeline=reward.scoring, sourceMemoryId=trace_8742fe683c99c9f805ee, errorMessage=openai_compatible HTTP 404: model 'qwen2.5:0.5b' not found"}
{"timestamp":"2026-10-02T17:28:51.411Z","level":"info","message":"[reward] Job succeeded, jobId=job_529eb90769e4c0315e2a, attempt=1, maxAttempts=3"}
{"timestamp":"2026-10-02T17:28:51.412Z","level":"info","message":"[reward] Job started, jobId=job_110efd7adf43947caf0d, attempt=1, maxAttempts=3, sessionId=session_33e0dea43e1ed7e5cf00, episodeId=episode_6f943f6be37526b82dbd"}
{"timestamp":"2026-10-02T17:28:51.458Z","level":"error","message":"[reward.reward.r_human.v7] Model HTTP request failed after the final attempt, provider=openai_compatible, model=qwen2.5:0.5b, attempt=1, maxAttempts=4, errorMessage=openai_compatible HTTP 404: model 'qwen2.5:0.5b' not found"}
{"timestamp":"2026-10-02T17:28:51.458Z","level":"error","message":"[reward.reward.r_human.v7] Model request failed, provider=openai_compatible, model=qwen2.5:0.5b, maxTokens=700, durationMs=7, errorMessage=openai_compatible HTTP 404: model 'qwen2.5:0.5b' not found"}
{"timestamp":"2026-10-02T17:28:51.458Z","level":"warn","message":"[reward.reward.r_human.v7] Fallback used, fallback=heuristic_score, pipeline=reward.scoring, sourceMemoryId=trace_32e538f3130bb44e9c34, errorMessage=openai_compatible HTTP 404: model 'qwen2.5:0.5b' not found"}
{"timestamp":"2026-10-02T17:28:51.469Z","level":"info","message":"[reward] Job succeeded, jobId=job_110efd7adf43947caf0d, attempt=1, maxAttempts=3"}
{"timestamp":"2026-10-02T17:28:51.470Z","level":"info","message":"[worker] Worker drain completed, leased=4, succeeded=4, failed=0, embeddingRetriesLeased=0, embeddingRetriesSucceeded=0, embeddingRetriesFailed=0"}
{"timestamp":"2026-10-02T17:28:51.477Z","level":"info","message":"[episode.title] Job started, jobId=job_37a27b91173073cf1107, attempt=1, maxAttempts=3, sessionId=session_046da8461ea7cbd53811, episodeId=episode_4529c6b8d03682468f0e"}
{"timestamp":"2026-10-02T17:28:51.486Z","level":"error","message":"[episode_title.final] Model HTTP request failed after the final attempt, provider=openai_compatible, model=qwen2.5:0.5b, attempt=1, maxAttempts=4, errorMessage=openai_compatible HTTP 404: model 'qwen2.5:0.5b' not found"}
{"timestamp":"2026-10-02T17:28:51.486Z","level":"error","message":"[episode_title.final] Model request failed, provider=openai_compatible, model=qwen2.5:0.5b, maxTokens=4096, durationMs=6, errorMessage=openai_compatible HTTP 404: model 'qwen2.5:0.5b' not found"}
{"timestamp":"2026-10-02T17:28:51.486Z","level":"error","message":"[episode.title] Job failed, jobId=job_37a27b91173073cf1107, attempt=1, maxAttempts=3, terminal=false, errorMessage=openai_compatible HTTP 404: model 'qwen2.5:0.5b' not found"}
{"timestamp":"2026-10-02T17:28:51.486Z","level":"info","message":"[episode.title] Job started, jobId=job_83820ccdf376a0d2402b, attempt=1, maxAttempts=3, sessionId=session_c7bf9c2d901e460a39f8, episodeId=episode_e38ceb2985fefc09ccec"}
{"timestamp":"2026-10-02T17:28:51.495Z","level":"error","message":"[episode_title.final] Model HTTP request failed after the final attempt, provider=openai_compatible, model=qwen2.5:0.5b, attempt=1, maxAttempts=4, errorMessage=openai_compatible HTTP 404: model 'qwen2.5:0.5b' not found"}
{"timestamp":"2026-10-02T17:28:51.495Z","level":"error","message":"[episode_title.final] Model request failed, provider=openai_compatible, model=qwen2.5:0.5b, maxTokens=4096, durationMs=7, errorMessage=openai_compatible HTTP 404: model 'qwen2.5:0.5b' not found"}
{"timestamp":"2026-10-02T17:28:51.495Z","level":"error","message":"[episode.title] Job failed, jobId=job_83820ccdf376a0d2402b, attempt=1, maxAttempts=3, terminal=false, errorMessage=openai_compatible HTTP 404: model 'qwen2.5:0.5b' not found"}
{"timestamp":"2026-10-02T17:28:51.496Z","level":"info","message":"[episode.title] Job started, jobId=job_912bfe974a930f260f62, attempt=1, maxAttempts=3, sessionId=session_799fac0e7e67543440dc, episodeId=episode_bf09916698436cbb6bf4"}
{"timestamp":"2026-10-02T17:28:51.503Z","level":"error","message":"[episode_title.final] Model HTTP request failed after the final attempt, provider=openai_compatible, model=qwen2.5:0.5b, attempt=1, maxAttempts=4, errorMessage=openai_compatible HTTP 404: model 'qwen2.5:0.5b' not found"}
{"timestamp":"2026-10-02T17:28:51.503Z","level":"error","message":"[episode_title.final] Model request failed, provider=openai_compatible, model=qwen2.5:0.5b, maxTokens=4096, durationMs=6, errorMessage=openai_compatible HTTP 404: model 'qwen2.5:0.5b' not found"}
{"timestamp":"2026-10-02T17:28:51.504Z","level":"error","message":"[episode.title] Job failed, jobId=job_912bfe974a930f260f62, attempt=1, maxAttempts=3, terminal=false, errorMessage=openai_compatible HTTP 404: model 'qwen2.5:0.5b' not found"}
{"timestamp":"2026-10-02T17:28:51.504Z","level":"info","message":"[episode.title] Job started, jobId=job_c96ee8109dfcd8d19cf6, attempt=1, maxAttempts=3, sessionId=session_33e0dea43e1ed7e5cf00, episodeId=episode_6f943f6be37526b82dbd"}
{"timestamp":"2026-10-02T17:28:51.512Z","level":"error","message":"[episode_title.final] Model HTTP request failed after the final attempt, provider=openai_compatible, model=qwen2.5:0.5b, attempt=1, maxAttempts=4, errorMessage=openai_compatible HTTP 404: model 'qwen2.5:0.5b' not found"}
{"timestamp":"2026-10-02T17:28:51.512Z","level":"error","message":"[episode_title.final] Model request failed, provider=openai_compatible, model=qwen2.5:0.5b, maxTokens=4096, durationMs=6, errorMessage=openai_compatible HTTP 404: model 'qwen2.5:0.5b' not found"}
{"timestamp":"2026-10-02T17:28:51.512Z","level":"error","message":"[episode.title] Job failed, jobId=job_c96ee8109dfcd8d19cf6, attempt=1, maxAttempts=3, terminal=false, errorMessage=openai_compatible HTTP 404: model 'qwen2.5:0.5b' not found"}
{"timestamp":"2026-10-02T17:28:51.512Z","level":"info","message":"[worker] Worker drain completed, leased=4, succeeded=0, failed=4, embeddingRetriesLeased=0, embeddingRetriesSucceeded=0, embeddingRetriesFailed=0"}
{"timestamp":"2026-10-02T17:28:51.524Z","level":"info","message":"[episode.title] Job started, jobId=job_37a27b91173073cf1107, attempt=2, maxAttempts=3, sessionId=session_046da8461ea7cbd53811, episodeId=episode_4529c6b8d03682468f0e"}
{"timestamp":"2026-10-02T17:28:51.533Z","level":"error","message":"[episode_title.final] Model HTTP request failed after the final attempt, provider=openai_compatible, model=qwen2.5:0.5b, attempt=1, maxAttempts=4, errorMessage=openai_compatible HTTP 404: model 'qwen2.5:0.5b' not found"}
{"timestamp":"2026-10-02T17:28:51.533Z","level":"error","message":"[episode_title.final] Model request failed, provider=openai_compatible, model=qwen2.5:0.5b, maxTokens=4096, durationMs=6, errorMessage=openai_compatible HTTP 404: model 'qwen2.5:0.5b' not found"}
{"timestamp":"2026-10-02T17:28:51.533Z","level":"error","message":"[episode.title] Job failed, jobId=job_37a27b91173073cf1107, attempt=2, maxAttempts=3, terminal=false, errorMessage=openai_compatible HTTP 404: model 'qwen2.5:0.5b' not found"}
{"timestamp":"2026-10-02T17:28:51.533Z","level":"info","message":"[episode.title] Job started, jobId=job_83820ccdf376a0d2402b, attempt=2, maxAttempts=3, sessionId=session_c7bf9c2d901e460a39f8, episodeId=episode_e38ceb2985fefc09ccec"}
{"timestamp":"2026-10-02T17:28:51.543Z","level":"error","message":"[episode_title.final] Model HTTP request failed after the final attempt, provider=openai_compatible, model=qwen2.5:0.5b, attempt=1, maxAttempts=4, errorMessage=openai_compatible HTTP 404: model 'qwen2.5:0.5b' not found"}
{"timestamp":"2026-10-02T17:28:51.543Z","level":"error","message":"[episode_title.final] Model request failed, provider=openai_compatible, model=qwen2.5:0.5b, maxTokens=4096, durationMs=7, errorMessage=openai_compatible HTTP 404: model 'qwen2.5:0.5b' not found"}
{"timestamp":"2026-10-02T17:28:51.543Z","level":"error","message":"[episode.title] Job failed, jobId=job_83820ccdf376a0d2402b, attempt=2, maxAttempts=3, terminal=false, errorMessage=openai_compatible HTTP 404: model 'qwen2.5:0.5b' not found"}
{"timestamp":"2026-10-02T17:28:51.543Z","level":"info","message":"[episode.title] Job started, jobId=job_912bfe974a930f260f62, attempt=2, maxAttempts=3, sessionId=session_799fac0e7e67543440dc, episodeId=episode_bf09916698436cbb6bf4"}
{"timestamp":"2026-10-02T17:28:51.551Z","level":"error","message":"[episode_title.final] Model HTTP request failed after the final attempt, provider=openai_compatible, model=qwen2.5:0.5b, attempt=1, maxAttempts=4, errorMessage=openai_compatible HTTP 404: model 'qwen2.5:0.5b' not found"}
{"timestamp":"2026-10-02T17:28:51.551Z","level":"error","message":"[episode_title.final] Model request failed, provider=openai_compatible, model=qwen2.5:0.5b, maxTokens=4096, durationMs=6, errorMessage=openai_compatible HTTP 404: model 'qwen2.5:0.5b' not found"}
{"timestamp":"2026-10-02T17:28:51.551Z","level":"error","message":"[episode.title] Job failed, jobId=job_912bfe974a930f260f62, attempt=2, maxAttempts=3, terminal=false, errorMessage=openai_compatible HTTP 404: model 'qwen2.5:0.5b' not found"}
{"timestamp":"2026-10-02T17:28:51.551Z","level":"info","message":"[episode.title] Job started, jobId=job_c96ee8109dfcd8d19cf6, attempt=2, maxAttempts=3, sessionId=session_33e0dea43e1ed7e5cf00, episodeId=episode_6f943f6be37526b82dbd"}
{"timestamp":"2026-10-02T17:28:51.559Z","level":"error","message":"[episode_title.final] Model HTTP request failed after the final attempt, provider=openai_compatible, model=qwen2.5:0.5b, attempt=1, maxAttempts=4, errorMessage=openai_compatible HTTP 404: model 'qwen2.5:0.5b' not found"}
{"timestamp":"2026-10-02T17:28:51.559Z","level":"error","message":"[episode_title.final] Model request failed, provider=openai_compatible, model=qwen2.5:0.5b, maxTokens=4096, durationMs=6, errorMessage=openai_compatible HTTP 404: model 'qwen2.5:0.5b' not found"}
{"timestamp":"2026-10-02T17:28:51.559Z","level":"error","message":"[episode.title] Job failed, jobId=job_c96ee8109dfcd8d19cf6, attempt=2, maxAttempts=3, terminal=false, errorMessage=openai_compatible HTTP 404: model 'qwen2.5:0.5b' not found"}
{"timestamp":"2026-10-02T17:28:51.559Z","level":"info","message":"[worker] Worker drain completed, leased=4, succeeded=0, failed=4, embeddingRetriesLeased=0, embeddingRetriesSucceeded=0, embeddingRetriesFailed=0"}
{"timestamp":"2026-10-02T17:28:51.571Z","level":"info","message":"[episode.title] Job started, jobId=job_37a27b91173073cf1107, attempt=3, maxAttempts=3, sessionId=session_046da8461ea7cbd53811, episodeId=episode_4529c6b8d03682468f0e"}
{"timestamp":"2026-10-02T17:28:51.579Z","level":"error","message":"[episode_title.final] Model HTTP request failed after the final attempt, provider=openai_compatible, model=qwen2.5:0.5b, attempt=1, maxAttempts=4, errorMessage=openai_compatible HTTP 404: model 'qwen2.5:0.5b' not found"}
{"timestamp":"2026-10-02T17:28:51.579Z","level":"error","message":"[episode_title.final] Model request failed, provider=openai_compatible, model=qwen2.5:0.5b, maxTokens=4096, durationMs=6, errorMessage=openai_compatible HTTP 404: model 'qwen2.5:0.5b' not found"}
{"timestamp":"2026-10-02T17:28:51.580Z","level":"error","message":"[episode.title] Job failed, jobId=job_37a27b91173073cf1107, attempt=3, maxAttempts=3, terminal=true, errorMessage=openai_compatible HTTP 404: model 'qwen2.5:0.5b' not found"}
{"timestamp":"2026-10-02T17:28:51.580Z","level":"info","message":"[episode.title] Job started, jobId=job_83820ccdf376a0d2402b, attempt=3, maxAttempts=3, sessionId=session_c7bf9c2d901e460a39f8, episodeId=episode_e38ceb2985fefc09ccec"}
{"timestamp":"2026-10-02T17:28:51.589Z","level":"error","message":"[episode_title.final] Model HTTP request failed after the final attempt, provider=openai_compatible, model=qwen2.5:0.5b, attempt=1, maxAttempts=4, errorMessage=openai_compatible HTTP 404: model 'qwen2.5:0.5b' not found"}
{"timestamp":"2026-10-02T17:28:51.589Z","level":"error","message":"[episode_title.final] Model request failed, provider=openai_compatible, model=qwen2.5:0.5b, maxTokens=4096, durationMs=7, errorMessage=openai_compatible HTTP 404: model 'qwen2.5:0.5b' not found"}
{"timestamp":"2026-10-02T17:28:51.590Z","level":"error","message":"[episode.title] Job failed, jobId=job_83820ccdf376a0d2402b, attempt=3, maxAttempts=3, terminal=true, errorMessage=openai_compatible HTTP 404: model 'qwen2.5:0.5b' not found"}
{"timestamp":"2026-10-02T17:28:51.590Z","level":"info","message":"[episode.title] Job started, jobId=job_912bfe974a930f260f62, attempt=3, maxAttempts=3, sessionId=session_799fac0e7e67543440dc, episodeId=episode_bf09916698436cbb6bf4"}
{"timestamp":"2026-10-02T17:28:51.598Z","level":"error","message":"[episode_title.final] Model HTTP request failed after the final attempt, provider=openai_compatible, model=qwen2.5:0.5b, attempt=1, maxAttempts=4, errorMessage=openai_compatible HTTP 404: model 'qwen2.5:0.5b' not found"}
{"timestamp":"2026-10-02T17:28:51.598Z","level":"error","message":"[episode_title.final] Model request failed, provider=openai_compatible, model=qwen2.5:0.5b, maxTokens=4096, durationMs=6, errorMessage=openai_compatible HTTP 404: model 'qwen2.5:0.5b' not found"}
{"timestamp":"2026-10-02T17:28:51.599Z","level":"error","message":"[episode.title] Job failed, jobId=job_912bfe974a930f260f62, attempt=3, maxAttempts=3, terminal=true, errorMessage=openai_compatible HTTP 404: model 'qwen2.5:0.5b' not found"}
{"timestamp":"2026-10-02T17:28:51.599Z","level":"info","message":"[episode.title] Job started, jobId=job_c96ee8109dfcd8d19cf6, attempt=3, maxAttempts=3, sessionId=session_33e0dea43e1ed7e5cf00, episodeId=episode_6f943f6be37526b82dbd"}
{"timestamp":"2026-10-02T17:28:51.607Z","level":"error","message":"[episode_title.final] Model HTTP request failed after the final attempt, provider=openai_compatible, model=qwen2.5:0.5b, attempt=1, maxAttempts=4, errorMessage=openai_compatible HTTP 404: model 'qwen2.5:0.5b' not found"}
{"timestamp":"2026-10-02T17:28:51.607Z","level":"error","message":"[episode_title.final] Model request failed, provider=openai_compatible, model=qwen2.5:0.5b, maxTokens=4096, durationMs=6, errorMessage=openai_compatible HTTP 404: model 'qwen2.5:0.5b' not found"}
{"timestamp":"2026-10-02T17:28:51.607Z","level":"error","message":"[episode.title] Job failed, jobId=job_c96ee8109dfcd8d19cf6, attempt=3, maxAttempts=3, terminal=true, errorMessage=openai_compatible HTTP 404: model 'qwen2.5:0.5b' not found"}
{"timestamp":"2026-10-02T17:28:51.607Z","level":"info","message":"[worker] Worker drain completed, leased=4, succeeded=0, failed=4, embeddingRetriesLeased=0, embeddingRetriesSucceeded=0, embeddingRetriesFailed=0"}
{"timestamp":"2026-10-02T17:28:51.617Z","level":"info","message":"[reward] Job started, jobId=job_909f8ab31c1fc451d678, attempt=1, maxAttempts=3, sessionId=session_72c2152d626f2214973f, episodeId=episode_7194f7a3db2377d229c2"}
{"timestamp":"2026-10-02T17:28:51.662Z","level":"error","message":"[reward.reward.r_human.v7] Model HTTP request failed after the final attempt, provider=openai_compatible, model=qwen2.5:0.5b, attempt=1, maxAttempts=4, errorMessage=openai_compatible HTTP 404: model 'qwen2.5:0.5b' not found"}
{"timestamp":"2026-10-02T17:28:51.663Z","level":"error","message":"[reward.reward.r_human.v7] Model request failed, provider=openai_compatible, model=qwen2.5:0.5b, maxTokens=700, durationMs=8, errorMessage=openai_compatible HTTP 404: model 'qwen2.5:0.5b' not found"}
{"timestamp":"2026-10-02T17:28:51.663Z","level":"warn","message":"[reward.reward.r_human.v7] Fallback used, fallback=heuristic_score, pipeline=reward.scoring, sourceMemoryId=trace_2be869fb1737387825b6, errorMessage=openai_compatible HTTP 404: model 'qwen2.5:0.5b' not found"}
{"timestamp":"2026-10-02T17:28:51.674Z","level":"info","message":"[reward] Job succeeded, jobId=job_909f8ab31c1fc451d678, attempt=1, maxAttempts=3"}
{"timestamp":"2026-10-02T17:28:51.674Z","level":"info","message":"[reward] Job started, jobId=job_5855b6a1fd1d5402f9d2, attempt=1, maxAttempts=3, sessionId=session_748dea03838436c26b11, episodeId=episode_96e501bd6fe7ccb29289"}
{"timestamp":"2026-10-02T17:28:51.715Z","level":"error","message":"[reward.reward.r_human.v7] Model HTTP request failed after the final attempt, provider=openai_compatible, model=qwen2.5:0.5b, attempt=1, maxAttempts=4, errorMessage=openai_compatible HTTP 404: model 'qwen2.5:0.5b' not found"}
{"timestamp":"2026-10-02T17:28:51.715Z","level":"error","message":"[reward.reward.r_human.v7] Model request failed, provider=openai_compatible, model=qwen2.5:0.5b, maxTokens=700, durationMs=7, errorMessage=openai_compatible HTTP 404: model 'qwen2.5:0.5b' not found"}
{"timestamp":"2026-10-02T17:28:51.715Z","level":"warn","message":"[reward.reward.r_human.v7] Fallback used, fallback=heuristic_score, pipeline=reward.scoring, sourceMemoryId=trace_6a0e3162f69c1254589a, errorMessage=openai_compatible HTTP 404: model 'qwen2.5:0.5b' not found"}
{"timestamp":"2026-10-02T17:28:51.721Z","level":"info","message":"[reward] Job succeeded, jobId=job_5855b6a1fd1d5402f9d2, attempt=1, maxAttempts=3"}
{"timestamp":"2026-10-02T17:28:51.721Z","level":"info","message":"[reward] Job started, jobId=job_d966c861b2328a102780, attempt=1, maxAttempts=3, sessionId=session_a8267bd05dc0c61d0148, episodeId=episode_66fc0fcdf236b0e19938"}
{"timestamp":"2026-10-02T17:28:51.764Z","level":"error","message":"[reward.reward.r_human.v7] Model HTTP request failed after the final attempt, provider=openai_compatible, model=qwen2.5:0.5b, attempt=1, maxAttempts=4, errorMessage=openai_compatible HTTP 404: model 'qwen2.5:0.5b' not found"}
{"timestamp":"2026-10-02T17:28:51.764Z","level":"error","message":"[reward.reward.r_human.v7] Model request failed, provider=openai_compatible, model=qwen2.5:0.5b, maxTokens=700, durationMs=6, errorMessage=openai_compatible HTTP 404: model 'qwen2.5:0.5b' not found"}
{"timestamp":"2026-10-02T17:28:51.764Z","level":"warn","message":"[reward.reward.r_human.v7] Fallback used, fallback=heuristic_score, pipeline=reward.scoring, sourceMemoryId=trace_f1227b34213ce0505384, errorMessage=openai_compatible HTTP 404: model 'qwen2.5:0.5b' not found"}
{"timestamp":"2026-10-02T17:28:51.767Z","level":"info","message":"[reward] Job succeeded, jobId=job_d966c861b2328a102780, attempt=1, maxAttempts=3"}
{"timestamp":"2026-10-02T17:28:51.767Z","level":"info","message":"[reward] Job started, jobId=job_2045899ee09db212a3fc, attempt=1, maxAttempts=3, sessionId=session_e3f0515fb77749201ba0, episodeId=episode_be851aec0652c9f429d2"}
{"timestamp":"2026-10-02T17:28:51.810Z","level":"error","message":"[reward.reward.r_human.v7] Model HTTP request failed after the final attempt, provider=openai_compatible, model=qwen2.5:0.5b, attempt=1, maxAttempts=4, errorMessage=openai_compatible HTTP 404: model 'qwen2.5:0.5b' not found"}
{"timestamp":"2026-10-02T17:28:51.810Z","level":"error","message":"[reward.reward.r_human.v7] Model request failed, provider=openai_compatible, model=qwen2.5:0.5b, maxTokens=700, durationMs=7, errorMessage=openai_compatible HTTP 404: model 'qwen2.5:0.5b' not found"}
{"timestamp":"2026-10-02T17:28:51.810Z","level":"warn","message":"[reward.reward.r_human.v7] Fallback used, fallback=heuristic_score, pipeline=reward.scoring, sourceMemoryId=trace_89b1bf04adbb91a7a0a9, errorMessage=openai_compatible HTTP 404: model 'qwen2.5:0.5b' not found"}
{"timestamp":"2026-10-02T17:28:51.834Z","level":"info","message":"[reward] Job succeeded, jobId=job_2045899ee09db212a3fc, attempt=1, maxAttempts=3"}
{"timestamp":"2026-10-02T17:28:51.834Z","level":"info","message":"[worker] Worker drain completed, leased=4, succeeded=4, failed=0, embeddingRetriesLeased=0, embeddingRetriesSucceeded=0, embeddingRetriesFailed=0"}
{"timestamp":"2026-10-02T17:28:51.847Z","level":"info","message":"[episode.title] Job started, jobId=job_2c13cabc65a9834fa863, attempt=1, maxAttempts=3, sessionId=session_72c2152d626f2214973f, episodeId=episode_7194f7a3db2377d229c2"}
{"timestamp":"2026-10-02T17:28:51.855Z","level":"error","message":"[episode_title.final] Model HTTP request failed after the final attempt, provider=openai_compatible, model=qwen2.5:0.5b, attempt=1, maxAttempts=4, errorMessage=openai_compatible HTTP 404: model 'qwen2.5:0.5b' not found"}
{"timestamp":"2026-10-02T17:28:51.855Z","level":"error","message":"[episode_title.final] Model request failed, provider=openai_compatible, model=qwen2.5:0.5b, maxTokens=4096, durationMs=6, errorMessage=openai_compatible HTTP 404: model 'qwen2.5:0.5b' not found"}
{"timestamp":"2026-10-02T17:28:51.855Z","level":"error","message":"[episode.title] Job failed, jobId=job_2c13cabc65a9834fa863, attempt=1, maxAttempts=3, terminal=false, errorMessage=openai_compatible HTTP 404: model 'qwen2.5:0.5b' not found"}
{"timestamp":"2026-10-02T17:28:51.855Z","level":"info","message":"[episode.title] Job started, jobId=job_75d94bd5e9f75ba8e54e, attempt=1, maxAttempts=3, sessionId=session_748dea03838436c26b11, episodeId=episode_96e501bd6fe7ccb29289"}
{"timestamp":"2026-10-02T17:28:51.863Z","level":"error","message":"[episode_title.final] Model HTTP request failed after the final attempt, provider=openai_compatible, model=qwen2.5:0.5b, attempt=1, maxAttempts=4, errorMessage=openai_compatible HTTP 404: model 'qwen2.5:0.5b' not found"}
{"timestamp":"2026-10-02T17:28:51.863Z","level":"error","message":"[episode_title.final] Model request failed, provider=openai_compatible, model=qwen2.5:0.5b, maxTokens=4096, durationMs=6, errorMessage=openai_compatible HTTP 404: model 'qwen2.5:0.5b' not found"}
{"timestamp":"2026-10-02T17:28:51.863Z","level":"error","message":"[episode.title] Job failed, jobId=job_75d94bd5e9f75ba8e54e, attempt=1, maxAttempts=3, terminal=false, errorMessage=openai_compatible HTTP 404: model 'qwen2.5:0.5b' not found"}
{"timestamp":"2026-10-02T17:28:51.863Z","level":"info","message":"[episode.title] Job started, jobId=job_6c3f35fb75eb9f6fd7fc, attempt=1, maxAttempts=3, sessionId=session_a8267bd05dc0c61d0148, episodeId=episode_66fc0fcdf236b0e19938"}
{"timestamp":"2026-10-02T17:28:51.870Z","level":"error","message":"[episode_title.final] Model HTTP request failed after the final attempt, provider=openai_compatible, model=qwen2.5:0.5b, attempt=1, maxAttempts=4, errorMessage=openai_compatible HTTP 404: model 'qwen2.5:0.5b' not found"}
{"timestamp":"2026-10-02T17:28:51.870Z","level":"error","message":"[episode_title.final] Model request failed, provider=openai_compatible, model=qwen2.5:0.5b, maxTokens=4096, durationMs=6, errorMessage=openai_compatible HTTP 404: model 'qwen2.5:0.5b' not found"}
{"timestamp":"2026-10-02T17:28:51.871Z","level":"error","message":"[episode.title] Job failed, jobId=job_6c3f35fb75eb9f6fd7fc, attempt=1, maxAttempts=3, terminal=false, errorMessage=openai_compatible HTTP 404: model 'qwen2.5:0.5b' not found"}
{"timestamp":"2026-10-02T17:28:51.871Z","level":"info","message":"[episode.title] Job started, jobId=job_9fe5ae0c162fd4b0291b, attempt=1, maxAttempts=3, sessionId=session_e3f0515fb77749201ba0, episodeId=episode_be851aec0652c9f429d2"}
{"timestamp":"2026-10-02T17:28:51.879Z","level":"error","message":"[episode_title.final] Model HTTP request failed after the final attempt, provider=openai_compatible, model=qwen2.5:0.5b, attempt=1, maxAttempts=4, errorMessage=openai_compatible HTTP 404: model 'qwen2.5:0.5b' not found"}
{"timestamp":"2026-10-02T17:28:51.879Z","level":"error","message":"[episode_title.final] Model request failed, provider=openai_compatible, model=qwen2.5:0.5b, maxTokens=4096, durationMs=7, errorMessage=openai_compatible HTTP 404: model 'qwen2.5:0.5b' not found"}
{"timestamp":"2026-10-02T17:28:51.879Z","level":"error","message":"[episode.title] Job failed, jobId=job_9fe5ae0c162fd4b0291b, attempt=1, maxAttempts=3, terminal=false, errorMessage=openai_compatible HTTP 404: model 'qwen2.5:0.5b' not found"}
{"timestamp":"2026-10-02T17:28:51.879Z","level":"info","message":"[worker] Worker drain completed, leased=4, succeeded=0, failed=4, embeddingRetriesLeased=0, embeddingRetriesSucceeded=0, embeddingRetriesFailed=0"}
{"timestamp":"2026-10-02T17:28:51.894Z","level":"info","message":"[episode.title] Job started, jobId=job_2c13cabc65a9834fa863, attempt=2, maxAttempts=3, sessionId=session_72c2152d626f2214973f, episodeId=episode_7194f7a3db2377d229c2"}
{"timestamp":"2026-10-02T17:28:51.901Z","level":"error","message":"[episode_title.final] Model HTTP request failed after the final attempt, provider=openai_compatible, model=qwen2.5:0.5b, attempt=1, maxAttempts=4, errorMessage=openai_compatible HTTP 404: model 'qwen2.5:0.5b' not found"}
{"timestamp":"2026-10-02T17:28:51.901Z","level":"error","message":"[episode_title.final] Model request failed, provider=openai_compatible, model=qwen2.5:0.5b, maxTokens=4096, durationMs=6, errorMessage=openai_compatible HTTP 404: model 'qwen2.5:0.5b' not found"}
{"timestamp":"2026-10-02T17:28:51.902Z","level":"error","message":"[episode.title] Job failed, jobId=job_2c13cabc65a9834fa863, attempt=2, maxAttempts=3, terminal=false, errorMessage=openai_compatible HTTP 404: model 'qwen2.5:0.5b' not found"}
{"timestamp":"2026-10-02T17:28:51.902Z","level":"info","message":"[episode.title] Job started, jobId=job_75d94bd5e9f75ba8e54e, attempt=2, maxAttempts=3, sessionId=session_748dea03838436c26b11, episodeId=episode_96e501bd6fe7ccb29289"}
{"timestamp":"2026-10-02T17:28:51.909Z","level":"error","message":"[episode_title.final] Model HTTP request failed after the final attempt, provider=openai_compatible, model=qwen2.5:0.5b, attempt=1, maxAttempts=4, errorMessage=openai_compatible HTTP 404: model 'qwen2.5:0.5b' not found"}
{"timestamp":"2026-10-02T17:28:51.909Z","level":"error","message":"[episode_title.final] Model request failed, provider=openai_compatible, model=qwen2.5:0.5b, maxTokens=4096, durationMs=6, errorMessage=openai_compatible HTTP 404: model 'qwen2.5:0.5b' not found"}
{"timestamp":"2026-10-02T17:28:51.909Z","level":"error","message":"[episode.title] Job failed, jobId=job_75d94bd5e9f75ba8e54e, attempt=2, maxAttempts=3, terminal=false, errorMessage=openai_compatible HTTP 404: model 'qwen2.5:0.5b' not found"}
{"timestamp":"2026-10-02T17:28:51.909Z","level":"info","message":"[episode.title] Job started, jobId=job_6c3f35fb75eb9f6fd7fc, attempt=2, maxAttempts=3, sessionId=session_a8267bd05dc0c61d0148, episodeId=episode_66fc0fcdf236b0e19938"}
{"timestamp":"2026-10-02T17:28:51.915Z","level":"error","message":"[episode_title.final] Model HTTP request failed after the final attempt, provider=openai_compatible, model=qwen2.5:0.5b, attempt=1, maxAttempts=4, errorMessage=openai_compatible HTTP 404: model 'qwen2.5:0.5b' not found"}
{"timestamp":"2026-10-02T17:28:51.916Z","level":"error","message":"[episode_title.final] Model request failed, provider=openai_compatible, model=qwen2.5:0.5b, maxTokens=4096, durationMs=6, errorMessage=openai_compatible HTTP 404: model 'qwen2.5:0.5b' not found"}
{"timestamp":"2026-10-02T17:28:51.916Z","level":"error","message":"[episode.title] Job failed, jobId=job_6c3f35fb75eb9f6fd7fc, attempt=2, maxAttempts=3, terminal=false, errorMessage=openai_compatible HTTP 404: model 'qwen2.5:0.5b' not found"}
{"timestamp":"2026-10-02T17:28:51.916Z","level":"info","message":"[episode.title] Job started, jobId=job_9fe5ae0c162fd4b0291b, attempt=2, maxAttempts=3, sessionId=session_e3f0515fb77749201ba0, episodeId=episode_be851aec0652c9f429d2"}
{"timestamp":"2026-10-02T17:28:51.923Z","level":"error","message":"[episode_title.final] Model HTTP request failed after the final attempt, provider=openai_compatible, model=qwen2.5:0.5b, attempt=1, maxAttempts=4, errorMessage=openai_compatible HTTP 404: model 'qwen2.5:0.5b' not found"}
{"timestamp":"2026-10-02T17:28:51.923Z","level":"error","message":"[episode_title.final] Model request failed, provider=openai_compatible, model=qwen2.5:0.5b, maxTokens=4096, durationMs=6, errorMessage=openai_compatible HTTP 404: model 'qwen2.5:0.5b' not found"}
{"timestamp":"2026-10-02T17:28:51.923Z","level":"error","message":"[episode.title] Job failed, jobId=job_9fe5ae0c162fd4b0291b, attempt=2, maxAttempts=3, terminal=false, errorMessage=openai_compatible HTTP 404: model 'qwen2.5:0.5b' not found"}
{"timestamp":"2026-10-02T17:28:51.923Z","level":"info","message":"[worker] Worker drain completed, leased=4, succeeded=0, failed=4, embeddingRetriesLeased=0, embeddingRetriesSucceeded=0, embeddingRetriesFailed=0"}
{"timestamp":"2026-10-02T17:28:51.940Z","level":"info","message":"[episode.title] Job started, jobId=job_2c13cabc65a9834fa863, attempt=3, maxAttempts=3, sessionId=session_72c2152d626f2214973f, episodeId=episode_7194f7a3db2377d229c2"}
{"timestamp":"2026-10-02T17:28:51.948Z","level":"error","message":"[episode_title.final] Model HTTP request failed after the final attempt, provider=openai_compatible, model=qwen2.5:0.5b, attempt=1, maxAttempts=4, errorMessage=openai_compatible HTTP 404: model 'qwen2.5:0.5b' not found"}
{"timestamp":"2026-10-02T17:28:51.948Z","level":"error","message":"[episode_title.final] Model request failed, provider=openai_compatible, model=qwen2.5:0.5b, maxTokens=4096, durationMs=6, errorMessage=openai_compatible HTTP 404: model 'qwen2.5:0.5b' not found"}
{"timestamp":"2026-10-02T17:28:51.948Z","level":"error","message":"[episode.title] Job failed, jobId=job_2c13cabc65a9834fa863, attempt=3, maxAttempts=3, terminal=true, errorMessage=openai_compatible HTTP 404: model 'qwen2.5:0.5b' not found"}
{"timestamp":"2026-10-02T17:28:51.948Z","level":"info","message":"[episode.title] Job started, jobId=job_75d94bd5e9f75ba8e54e, attempt=3, maxAttempts=3, sessionId=session_748dea03838436c26b11, episodeId=episode_96e501bd6fe7ccb29289"}
{"timestamp":"2026-10-02T17:28:51.955Z","level":"error","message":"[episode_title.final] Model HTTP request failed after the final attempt, provider=openai_compatible, model=qwen2.5:0.5b, attempt=1, maxAttempts=4, errorMessage=openai_compatible HTTP 404: model 'qwen2.5:0.5b' not found"}
{"timestamp":"2026-10-02T17:28:51.955Z","level":"error","message":"[episode_title.final] Model request failed, provider=openai_compatible, model=qwen2.5:0.5b, maxTokens=4096, durationMs=6, errorMessage=openai_compatible HTTP 404: model 'qwen2.5:0.5b' not found"}
{"timestamp":"2026-10-02T17:28:51.955Z","level":"error","message":"[episode.title] Job failed, jobId=job_75d94bd5e9f75ba8e54e, attempt=3, maxAttempts=3, terminal=true, errorMessage=openai_compatible HTTP 404: model 'qwen2.5:0.5b' not found"}
{"timestamp":"2026-10-02T17:28:51.955Z","level":"info","message":"[episode.title] Job started, jobId=job_6c3f35fb75eb9f6fd7fc, attempt=3, maxAttempts=3, sessionId=session_a8267bd05dc0c61d0148, episodeId=episode_66fc0fcdf236b0e19938"}
{"timestamp":"2026-10-02T17:28:51.962Z","level":"error","message":"[episode_title.final] Model HTTP request failed after the final attempt, provider=openai_compatible, model=qwen2.5:0.5b, attempt=1, maxAttempts=4, errorMessage=openai_compatible HTTP 404: model 'qwen2.5:0.5b' not found"}
{"timestamp":"2026-10-02T17:28:51.962Z","level":"error","message":"[episode_title.final] Model request failed, provider=openai_compatible, model=qwen2.5:0.5b, maxTokens=4096, durationMs=6, errorMessage=openai_compatible HTTP 404: model 'qwen2.5:0.5b' not found"}
{"timestamp":"2026-10-02T17:28:51.962Z","level":"error","message":"[episode.title] Job failed, jobId=job_6c3f35fb75eb9f6fd7fc, attempt=3, maxAttempts=3, terminal=true, errorMessage=openai_compatible HTTP 404: model 'qwen2.5:0.5b' not found"}
{"timestamp":"2026-10-02T17:28:51.962Z","level":"info","message":"[episode.title] Job started, jobId=job_9fe5ae0c162fd4b0291b, attempt=3, maxAttempts=3, sessionId=session_e3f0515fb77749201ba0, episodeId=episode_be851aec0652c9f429d2"}
{"timestamp":"2026-10-02T17:28:51.969Z","level":"error","message":"[episode_title.final] Model HTTP request failed after the final attempt, provider=openai_compatible, model=qwen2.5:0.5b, attempt=1, maxAttempts=4, errorMessage=openai_compatible HTTP 404: model 'qwen2.5:0.5b' not found"}
{"timestamp":"2026-10-02T17:28:51.969Z","level":"error","message":"[episode_title.final] Model request failed, provider=openai_compatible, model=qwen2.5:0.5b, maxTokens=4096, durationMs=6, errorMessage=openai_compatible HTTP 404: model 'qwen2.5:0.5b' not found"}
{"timestamp":"2026-10-02T17:28:51.969Z","level":"error","message":"[episode.title] Job failed, jobId=job_9fe5ae0c162fd4b0291b, attempt=3, maxAttempts=3, terminal=true, errorMessage=openai_compatible HTTP 404: model 'qwen2.5:0.5b' not found"}
{"timestamp":"2026-10-02T17:28:51.969Z","level":"info","message":"[worker] Worker drain completed, leased=4, succeeded=0, failed=4, embeddingRetriesLeased=0, embeddingRetriesSucceeded=0, embeddingRetriesFailed=0"}
{"timestamp":"2026-10-02T17:28:51.985Z","level":"info","message":"[reward] Job started, jobId=job_23cf813d98e766f5c4d5, attempt=1, maxAttempts=3, sessionId=session_94f26f8db5c2d9fb278a, episodeId=episode_e9eb020f942c0c69f916"}
{"timestamp":"2026-10-02T17:28:52.029Z","level":"error","message":"[reward.reward.r_human.v7] Model HTTP request failed after the final attempt, provider=openai_compatible, model=qwen2.5:0.5b, attempt=1, maxAttempts=4, errorMessage=openai_compatible HTTP 404: model 'qwen2.5:0.5b' not found"}
{"timestamp":"2026-10-02T17:28:52.029Z","level":"error","message":"[reward.reward.r_human.v7] Model request failed, provider=openai_compatible, model=qwen2.5:0.5b, maxTokens=700, durationMs=6, errorMessage=openai_compatible HTTP 404: model 'qwen2.5:0.5b' not found"}
{"timestamp":"2026-10-02T17:28:52.029Z","level":"warn","message":"[reward.reward.r_human.v7] Fallback used, fallback=heuristic_score, pipeline=reward.scoring, sourceMemoryId=trace_8cfe2a490b43ab7ae1fb, errorMessage=openai_compatible HTTP 404: model 'qwen2.5:0.5b' not found"}
{"timestamp":"2026-10-02T17:28:52.034Z","level":"info","message":"[reward] Job succeeded, jobId=job_23cf813d98e766f5c4d5, attempt=1, maxAttempts=3"}
{"timestamp":"2026-10-02T17:28:52.034Z","level":"info","message":"[worker] Worker drain completed, leased=1, succeeded=1, failed=0, embeddingRetriesLeased=0, embeddingRetriesSucceeded=0, embeddingRetriesFailed=0"}
{"timestamp":"2026-10-02T17:28:52.049Z","level":"info","message":"[episode.title] Job started, jobId=job_9b781707295003c91779, attempt=1, maxAttempts=3, sessionId=session_94f26f8db5c2d9fb278a, episodeId=episode_e9eb020f942c0c69f916"}
{"timestamp":"2026-10-02T17:28:52.056Z","level":"error","message":"[episode_title.final] Model HTTP request failed after the final attempt, provider=openai_compatible, model=qwen2.5:0.5b, attempt=1, maxAttempts=4, errorMessage=openai_compatible HTTP 404: model 'qwen2.5:0.5b' not found"}
{"timestamp":"2026-10-02T17:28:52.056Z","level":"error","message":"[episode_title.final] Model request failed, provider=openai_compatible, model=qwen2.5:0.5b, maxTokens=4096, durationMs=6, errorMessage=openai_compatible HTTP 404: model 'qwen2.5:0.5b' not found"}
{"timestamp":"2026-10-02T17:28:52.057Z","level":"error","message":"[episode.title] Job failed, jobId=job_9b781707295003c91779, attempt=1, maxAttempts=3, terminal=false, errorMessage=openai_compatible HTTP 404: model 'qwen2.5:0.5b' not found"}
{"timestamp":"2026-10-02T17:28:52.057Z","level":"info","message":"[worker] Worker drain completed, leased=1, succeeded=0, failed=1, embeddingRetriesLeased=0, embeddingRetriesSucceeded=0, embeddingRetriesFailed=0"}
{"timestamp":"2026-10-02T17:28:52.064Z","level":"info","message":"[episode.title] Job started, jobId=job_9b781707295003c91779, attempt=2, maxAttempts=3, sessionId=session_94f26f8db5c2d9fb278a, episodeId=episode_e9eb020f942c0c69f916"}
{"timestamp":"2026-10-02T17:28:52.070Z","level":"error","message":"[episode_title.final] Model HTTP request failed after the final attempt, provider=openai_compatible, model=qwen2.5:0.5b, attempt=1, maxAttempts=4, errorMessage=openai_compatible HTTP 404: model 'qwen2.5:0.5b' not found"}
{"timestamp":"2026-10-02T17:28:52.070Z","level":"error","message":"[episode_title.final] Model request failed, provider=openai_compatible, model=qwen2.5:0.5b, maxTokens=4096, durationMs=6, errorMessage=openai_compatible HTTP 404: model 'qwen2.5:0.5b' not found"}
{"timestamp":"2026-10-02T17:28:52.070Z","level":"error","message":"[episode.title] Job failed, jobId=job_9b781707295003c91779, attempt=2, maxAttempts=3, terminal=false, errorMessage=openai_compatible HTTP 404: model 'qwen2.5:0.5b' not found"}
{"timestamp":"2026-10-02T17:28:52.071Z","level":"info","message":"[worker] Worker drain completed, leased=1, succeeded=0, failed=1, embeddingRetriesLeased=0, embeddingRetriesSucceeded=0, embeddingRetriesFailed=0"}
{"timestamp":"2026-10-02T17:28:52.079Z","level":"info","message":"[episode.title] Job started, jobId=job_9b781707295003c91779, attempt=3, maxAttempts=3, sessionId=session_94f26f8db5c2d9fb278a, episodeId=episode_e9eb020f942c0c69f916"}
{"timestamp":"2026-10-02T17:28:52.087Z","level":"error","message":"[episode_title.final] Model HTTP request failed after the final attempt, provider=openai_compatible, model=qwen2.5:0.5b, attempt=1, maxAttempts=4, errorMessage=openai_compatible HTTP 404: model 'qwen2.5:0.5b' not found"}
{"timestamp":"2026-10-02T17:28:52.087Z","level":"error","message":"[episode_title.final] Model request failed, provider=openai_compatible, model=qwen2.5:0.5b, maxTokens=4096, durationMs=7, errorMessage=openai_compatible HTTP 404: model 'qwen2.5:0.5b' not found"}
{"timestamp":"2026-10-02T17:28:52.087Z","level":"error","message":"[episode.title] Job failed, jobId=job_9b781707295003c91779, attempt=3, maxAttempts=3, terminal=true, errorMessage=openai_compatible HTTP 404: model 'qwen2.5:0.5b' not found"}
{"timestamp":"2026-10-02T17:28:52.087Z","level":"info","message":"[worker] Worker drain completed, leased=1, succeeded=0, failed=1, embeddingRetriesLeased=0, embeddingRetriesSucceeded=0, embeddingRetriesFailed=0"}
{"timestamp":"2026-10-02T17:28:52.094Z","level":"info","message":"[span.big.turn] Job started, jobId=job_1cd761bb06e6bb8b9fb7, attempt=1, maxAttempts=3, sessionId=session_3dfb88b2f276450e4fa4, episodeId=episode_81b57351f88e13273688, targetMemoryId=trace_51f00ad8eca79943de62"}
{"timestamp":"2026-10-02T17:28:52.105Z","level":"error","message":"[span.big_turn.v1] Model HTTP request failed after the final attempt, provider=openai_compatible, model=qwen2.5:0.5b, attempt=1, maxAttempts=4, errorMessage=openai_compatible HTTP 404: model 'qwen2.5:0.5b' not found"}
{"timestamp":"2026-10-02T17:28:52.105Z","level":"error","message":"[span.big_turn.v1] Model request failed, provider=openai_compatible, model=qwen2.5:0.5b, maxTokens=4096, durationMs=9, errorMessage=openai_compatible HTTP 404: model 'qwen2.5:0.5b' not found"}
{"timestamp":"2026-10-02T17:28:52.105Z","level":"error","message":"[span.big.turn] Job failed, jobId=job_1cd761bb06e6bb8b9fb7, attempt=1, maxAttempts=3, terminal=false, targetMemoryId=trace_51f00ad8eca79943de62, errorMessage=openai_compatible HTTP 404: model 'qwen2.5:0.5b' not found"}
{"timestamp":"2026-10-02T17:28:52.106Z","level":"info","message":"[worker] Worker drain completed, leased=1, succeeded=0, failed=1, embeddingRetriesLeased=0, embeddingRetriesSucceeded=0, embeddingRetriesFailed=0"}
{"timestamp":"2026-10-02T17:28:52.110Z","level":"info","message":"[span.big.turn] Job started, jobId=job_1cd761bb06e6bb8b9fb7, attempt=2, maxAttempts=3, sessionId=session_3dfb88b2f276450e4fa4, episodeId=episode_81b57351f88e13273688, targetMemoryId=trace_51f00ad8eca79943de62"}
{"timestamp":"2026-10-02T17:28:52.118Z","level":"error","message":"[span.big_turn.v1] Model HTTP request failed after the final attempt, provider=openai_compatible, model=qwen2.5:0.5b, attempt=1, maxAttempts=4, errorMessage=openai_compatible HTTP 404: model 'qwen2.5:0.5b' not found"}
{"timestamp":"2026-10-02T17:28:52.118Z","level":"error","message":"[span.big_turn.v1] Model request failed, provider=openai_compatible, model=qwen2.5:0.5b, maxTokens=4096, durationMs=7, errorMessage=openai_compatible HTTP 404: model 'qwen2.5:0.5b' not found"}
{"timestamp":"2026-10-02T17:28:52.118Z","level":"error","message":"[span.big.turn] Job failed, jobId=job_1cd761bb06e6bb8b9fb7, attempt=2, maxAttempts=3, terminal=false, targetMemoryId=trace_51f00ad8eca79943de62, errorMessage=openai_compatible HTTP 404: model 'qwen2.5:0.5b' not found"}
{"timestamp":"2026-10-02T17:28:52.119Z","level":"info","message":"[worker] Worker drain completed, leased=1, succeeded=0, failed=1, embeddingRetriesLeased=0, embeddingRetriesSucceeded=0, embeddingRetriesFailed=0"}
{"timestamp":"2026-10-02T17:28:52.121Z","level":"info","message":"[span.big.turn] Job started, jobId=job_1cd761bb06e6bb8b9fb7, attempt=3, maxAttempts=3, sessionId=session_3dfb88b2f276450e4fa4, episodeId=episode_81b57351f88e13273688, targetMemoryId=trace_51f00ad8eca79943de62"}
{"timestamp":"2026-10-02T17:28:52.129Z","level":"error","message":"[span.big_turn.v1] Model HTTP request failed after the final attempt, provider=openai_compatible, model=qwen2.5:0.5b, attempt=1, maxAttempts=4, errorMessage=openai_compatible HTTP 404: model 'qwen2.5:0.5b' not found"}
{"timestamp":"2026-10-02T17:28:52.129Z","level":"error","message":"[span.big_turn.v1] Model request failed, provider=openai_compatible, model=qwen2.5:0.5b, maxTokens=4096, durationMs=7, errorMessage=openai_compatible HTTP 404: model 'qwen2.5:0.5b' not found"}
{"timestamp":"2026-10-02T17:28:52.129Z","level":"error","message":"[span.big.turn] Job failed, jobId=job_1cd761bb06e6bb8b9fb7, attempt=3, maxAttempts=3, terminal=true, targetMemoryId=trace_51f00ad8eca79943de62, errorMessage=openai_compatible HTTP 404: model 'qwen2.5:0.5b' not found"}
{"timestamp":"2026-10-02T17:28:52.130Z","level":"info","message":"[worker] Worker drain completed, leased=1, succeeded=0, failed=1, embeddingRetriesLeased=0, embeddingRetriesSucceeded=0, embeddingRetriesFailed=0"}
{"timestamp":"2026-10-02T17:28:52.142Z","level":"info","message":"[skill.cluster.assign] Job started, jobId=job_cfbb7d403dfeb95143cb, attempt=1, maxAttempts=3, sessionId=session_3dfb88b2f276450e4fa4, episodeId=episode_9aa2d5b6f3d575b10955"}
{"timestamp":"2026-10-02T17:28:52.146Z","level":"info","message":"[embedding] Embedding request succeeded, provider=local, model=Xenova/all-MiniLM-L6-v2, role=query, batchSize=1, durationMs=3"}
{"timestamp":"2026-10-02T17:28:52.148Z","level":"info","message":"[skill.cluster.assign] Evolution gate not satisfied, reason=no_cluster_above_fine_threshold, jobId=job_cfbb7d403dfeb95143cb"}
{"timestamp":"2026-10-02T17:28:52.149Z","level":"info","message":"[skill.cluster.assign] Job succeeded, jobId=job_cfbb7d403dfeb95143cb, attempt=1, maxAttempts=3"}
{"timestamp":"2026-10-02T17:28:52.149Z","level":"info","message":"[skill.cluster.assign] Job started, jobId=job_8446c9463e06b51d0305, attempt=1, maxAttempts=3, sessionId=session_3dfb88b2f276450e4fa4, episodeId=episode_81b57351f88e13273688"}
{"timestamp":"2026-10-02T17:28:52.156Z","level":"info","message":"[embedding] Embedding request succeeded, provider=local, model=Xenova/all-MiniLM-L6-v2, role=query, batchSize=1, durationMs=6"}
{"timestamp":"2026-10-02T17:28:52.157Z","level":"info","message":"[skill.cluster.assign] Evolution gate not satisfied, reason=no_cluster_above_fine_threshold, jobId=job_8446c9463e06b51d0305"}
{"timestamp":"2026-10-02T17:28:52.158Z","level":"info","message":"[skill.cluster.assign] Job succeeded, jobId=job_8446c9463e06b51d0305, attempt=1, maxAttempts=3"}
{"timestamp":"2026-10-02T17:28:52.159Z","level":"info","message":"[skill.cluster.assign] Job started, jobId=job_bee8e06de5e320346913, attempt=1, maxAttempts=3, sessionId=session_bf15b68f2cb3158050fa, episodeId=episode_3067c2270fbfa95f2b98"}
{"timestamp":"2026-10-02T17:28:52.164Z","level":"info","message":"[embedding] Embedding request succeeded, provider=local, model=Xenova/all-MiniLM-L6-v2, role=query, batchSize=1, durationMs=3"}
{"timestamp":"2026-10-02T17:28:52.168Z","level":"info","message":"[fine] Evolution gate not satisfied, reason=joined_by_fine_vec, jobId=job_bee8e06de5e320346913"}
{"timestamp":"2026-10-02T17:28:52.169Z","level":"info","message":"[skill.cluster.assign] Job succeeded, jobId=job_bee8e06de5e320346913, attempt=1, maxAttempts=3"}
{"timestamp":"2026-10-02T17:28:52.169Z","level":"info","message":"[skill.cluster.assign] Job started, jobId=job_c35e2cf2e06c0b9aeb3a, attempt=1, maxAttempts=3, sessionId=session_748dea03838436c26b11, episodeId=episode_8bf4dcdf10276a085362"}
{"timestamp":"2026-10-02T17:28:52.173Z","level":"info","message":"[embedding] Embedding request succeeded, provider=local, model=Xenova/all-MiniLM-L6-v2, role=query, batchSize=1, durationMs=2"}
{"timestamp":"2026-10-02T17:28:52.174Z","level":"info","message":"[skill.cluster.assign] Evolution gate not satisfied, reason=no_cluster_above_fine_threshold, jobId=job_c35e2cf2e06c0b9aeb3a"}
{"timestamp":"2026-10-02T17:28:52.175Z","level":"info","message":"[skill.cluster.assign] Job succeeded, jobId=job_c35e2cf2e06c0b9aeb3a, attempt=1, maxAttempts=3"}
{"timestamp":"2026-10-02T17:28:52.175Z","level":"info","message":"[worker] Worker drain completed, leased=4, succeeded=4, failed=0, embeddingRetriesLeased=0, embeddingRetriesSucceeded=0, embeddingRetriesFailed=0"}
{"timestamp":"2026-10-02T17:28:52.189Z","level":"info","message":"[skill.cluster.assign] Job started, jobId=job_8fe935b7aa9885337af8, attempt=1, maxAttempts=3, sessionId=session_94f26f8db5c2d9fb278a, episodeId=episode_be79cc9d18b4b15f08c9"}
{"timestamp":"2026-10-02T17:28:52.195Z","level":"info","message":"[embedding] Embedding request succeeded, provider=local, model=Xenova/all-MiniLM-L6-v2, role=query, batchSize=1, durationMs=2"}
{"timestamp":"2026-10-02T17:28:52.202Z","level":"info","message":"[fine] Evolution gate not satisfied, reason=joined_by_fine_vec, jobId=job_8fe935b7aa9885337af8"}
{"timestamp":"2026-10-02T17:28:52.203Z","level":"info","message":"[skill.cluster.assign] Job succeeded, jobId=job_8fe935b7aa9885337af8, attempt=1, maxAttempts=3"}
{"timestamp":"2026-10-02T17:28:52.203Z","level":"info","message":"[skill.cluster.assign] Job started, jobId=job_d72145363b2561f969c6, attempt=1, maxAttempts=3, sessionId=session_f4894cbb5cee22eab31f, episodeId=episode_83056281bde3f878c360"}
{"timestamp":"2026-10-02T17:28:52.214Z","level":"info","message":"[embedding] Embedding request succeeded, provider=local, model=Xenova/all-MiniLM-L6-v2, role=query, batchSize=1, durationMs=10"}
{"timestamp":"2026-10-02T17:28:52.215Z","level":"info","message":"[skill.cluster.assign] Evolution gate not satisfied, reason=no_cluster_above_fine_threshold, jobId=job_d72145363b2561f969c6"}
{"timestamp":"2026-10-02T17:28:52.216Z","level":"info","message":"[skill.cluster.assign] Job succeeded, jobId=job_d72145363b2561f969c6, attempt=1, maxAttempts=3"}
{"timestamp":"2026-10-02T17:28:52.216Z","level":"info","message":"[skill.cluster.assign] Job started, jobId=job_1af6a43b037fdea1f2c3, attempt=1, maxAttempts=3, sessionId=session_da73adc2fcd6783996e2, episodeId=episode_31d3b9072ad8fc06e0f1"}
{"timestamp":"2026-10-02T17:28:52.221Z","level":"info","message":"[embedding] Embedding request succeeded, provider=local, model=Xenova/all-MiniLM-L6-v2, role=query, batchSize=1, durationMs=4"}
{"timestamp":"2026-10-02T17:28:52.222Z","level":"info","message":"[skill.cluster.assign] Evolution gate not satisfied, reason=no_cluster_above_fine_threshold, jobId=job_1af6a43b037fdea1f2c3"}
{"timestamp":"2026-10-02T17:28:52.223Z","level":"info","message":"[skill.cluster.assign] Job succeeded, jobId=job_1af6a43b037fdea1f2c3, attempt=1, maxAttempts=3"}
{"timestamp":"2026-10-02T17:28:52.224Z","level":"info","message":"[skill.cluster.assign] Job started, jobId=job_dce6f2cda01e71d8626c, attempt=1, maxAttempts=3, sessionId=session_3dfb88b2f276450e4fa4, episodeId=episode_bb686d09d21dc0975cfc"}
{"timestamp":"2026-10-02T17:28:52.237Z","level":"info","message":"[embedding] Embedding request succeeded, provider=local, model=Xenova/all-MiniLM-L6-v2, role=query, batchSize=1, durationMs=11"}
{"timestamp":"2026-10-02T17:28:52.237Z","level":"info","message":"[skill.cluster.assign] Evolution gate not satisfied, reason=no_cluster_above_fine_threshold, jobId=job_dce6f2cda01e71d8626c"}
{"timestamp":"2026-10-02T17:28:52.238Z","level":"info","message":"[skill.cluster.assign] Job succeeded, jobId=job_dce6f2cda01e71d8626c, attempt=1, maxAttempts=3"}
{"timestamp":"2026-10-02T17:28:52.239Z","level":"info","message":"[worker] Worker drain completed, leased=4, succeeded=4, failed=0, embeddingRetriesLeased=0, embeddingRetriesSucceeded=0, embeddingRetriesFailed=0"}
{"timestamp":"2026-10-02T17:28:52.251Z","level":"info","message":"[skill.cluster.assign] Job started, jobId=job_f31d00f6728617fc395a, attempt=1, maxAttempts=3, sessionId=session_21687f038bb3e22a4d48, episodeId=episode_4e841e6b6861dcc6c131"}
{"timestamp":"2026-10-02T17:28:52.254Z","level":"info","message":"[embedding] Embedding request succeeded, provider=local, model=Xenova/all-MiniLM-L6-v2, role=query, batchSize=1, durationMs=2"}
{"timestamp":"2026-10-02T17:28:52.255Z","level":"info","message":"[skill.cluster.assign] Evolution gate not satisfied, reason=no_cluster_above_fine_threshold, jobId=job_f31d00f6728617fc395a"}
{"timestamp":"2026-10-02T17:28:52.256Z","level":"info","message":"[skill.cluster.assign] Job succeeded, jobId=job_f31d00f6728617fc395a, attempt=1, maxAttempts=3"}
{"timestamp":"2026-10-02T17:28:52.256Z","level":"info","message":"[skill.cluster.assign] Job started, jobId=job_2b5285d90f53d83dc6d5, attempt=1, maxAttempts=3, sessionId=session_40d1451b3f36d6457e00, episodeId=episode_57ea250e02f7531b835c"}
{"timestamp":"2026-10-02T17:28:52.258Z","level":"info","message":"[embedding] Embedding request succeeded, provider=local, model=Xenova/all-MiniLM-L6-v2, role=query, batchSize=1, durationMs=1"}
{"timestamp":"2026-10-02T17:28:52.259Z","level":"info","message":"[skill.cluster.assign] Evolution gate not satisfied, reason=no_cluster_above_fine_threshold, jobId=job_2b5285d90f53d83dc6d5"}
{"timestamp":"2026-10-02T17:28:52.260Z","level":"info","message":"[skill.cluster.assign] Job succeeded, jobId=job_2b5285d90f53d83dc6d5, attempt=1, maxAttempts=3"}
{"timestamp":"2026-10-02T17:28:52.260Z","level":"info","message":"[skill.cluster.assign] Job started, jobId=job_c7912fff870e7b39c06b, attempt=1, maxAttempts=3, sessionId=session_24b5d0cfb4f864eb0f8a, episodeId=episode_539afdf598f2f6c61298"}
{"timestamp":"2026-10-02T17:28:52.271Z","level":"info","message":"[embedding] Embedding request succeeded, provider=local, model=Xenova/all-MiniLM-L6-v2, role=query, batchSize=1, durationMs=9"}
{"timestamp":"2026-10-02T17:28:52.275Z","level":"info","message":"[skill.cluster.assign] Evolution gate not satisfied, reason=no_cluster_above_fine_threshold, jobId=job_c7912fff870e7b39c06b"}
{"timestamp":"2026-10-02T17:28:52.276Z","level":"info","message":"[skill.cluster.assign] Job succeeded, jobId=job_c7912fff870e7b39c06b, attempt=1, maxAttempts=3"}
{"timestamp":"2026-10-02T17:28:52.276Z","level":"info","message":"[skill.cluster.assign] Job started, jobId=job_ddeb03f2a9951674f3e3, attempt=1, maxAttempts=3, sessionId=session_415f55695ed2fe657195, episodeId=episode_df1bbcebdec11f6ac4a9"}
{"timestamp":"2026-10-02T17:28:52.314Z","level":"info","message":"[embedding] Embedding request succeeded, provider=local, model=Xenova/all-MiniLM-L6-v2, role=query, batchSize=1, durationMs=36"}
{"timestamp":"2026-10-02T17:28:52.316Z","level":"info","message":"[fine] Evolution gate not satisfied, reason=joined_by_fine_vec, jobId=job_ddeb03f2a9951674f3e3"}
{"timestamp":"2026-10-02T17:28:52.332Z","level":"info","message":"[skill.cluster.assign] Job succeeded, jobId=job_ddeb03f2a9951674f3e3, attempt=1, maxAttempts=3"}
{"timestamp":"2026-10-02T17:28:52.332Z","level":"info","message":"[worker] Worker drain completed, leased=4, succeeded=4, failed=0, embeddingRetriesLeased=0, embeddingRetriesSucceeded=0, embeddingRetriesFailed=0"}
{"timestamp":"2026-10-02T17:28:52.345Z","level":"info","message":"[skill.cluster.assign] Job started, jobId=job_3dafb362e28754dff8ae, attempt=1, maxAttempts=3, sessionId=session_66e62dc17379e5c7517d, episodeId=episode_50d4c2c0f5a2b04f11a7"}
{"timestamp":"2026-10-02T17:28:52.351Z","level":"info","message":"[embedding] Embedding request succeeded, provider=local, model=Xenova/all-MiniLM-L6-v2, role=query, batchSize=1, durationMs=5"}
{"timestamp":"2026-10-02T17:28:52.354Z","level":"info","message":"[skill.cluster.assign] Evolution gate not satisfied, reason=no_cluster_above_fine_threshold, jobId=job_3dafb362e28754dff8ae"}
{"timestamp":"2026-10-02T17:28:52.355Z","level":"info","message":"[skill.cluster.assign] Job succeeded, jobId=job_3dafb362e28754dff8ae, attempt=1, maxAttempts=3"}
{"timestamp":"2026-10-02T17:28:52.356Z","level":"info","message":"[skill.cluster.assign] Job started, jobId=job_bdef641e3057f87e1bc1, attempt=1, maxAttempts=3, sessionId=session_4c7183d08d0ac324428c, episodeId=episode_2ad7210ab2351486cce3"}
{"timestamp":"2026-10-02T17:28:52.361Z","level":"info","message":"[embedding] Embedding request succeeded, provider=local, model=Xenova/all-MiniLM-L6-v2, role=query, batchSize=1, durationMs=2"}
{"timestamp":"2026-10-02T17:28:52.365Z","level":"info","message":"[fine] Evolution gate not satisfied, reason=joined_by_fine_vec, jobId=job_bdef641e3057f87e1bc1"}
{"timestamp":"2026-10-02T17:28:52.366Z","level":"info","message":"[skill.cluster.assign] Job succeeded, jobId=job_bdef641e3057f87e1bc1, attempt=1, maxAttempts=3"}
{"timestamp":"2026-10-02T17:28:52.366Z","level":"info","message":"[skill.cluster.assign] Job started, jobId=job_ff6f79131e4648b5a09e, attempt=1, maxAttempts=3, sessionId=session_7be3610008816d8e60d3, episodeId=episode_96f791a824b8658f1e52"}
{"timestamp":"2026-10-02T17:28:52.370Z","level":"info","message":"[embedding] Embedding request succeeded, provider=local, model=Xenova/all-MiniLM-L6-v2, role=query, batchSize=1, durationMs=2"}
{"timestamp":"2026-10-02T17:28:52.373Z","level":"info","message":"[fine] Evolution gate not satisfied, reason=joined_by_fine_vec, jobId=job_ff6f79131e4648b5a09e"}
{"timestamp":"2026-10-02T17:28:52.374Z","level":"info","message":"[skill.cluster.assign] Job succeeded, jobId=job_ff6f79131e4648b5a09e, attempt=1, maxAttempts=3"}
{"timestamp":"2026-10-02T17:28:52.374Z","level":"info","message":"[skill.cluster.assign] Job started, jobId=job_0cb9093d6274705a5969, attempt=1, maxAttempts=3, sessionId=session_915eddcf8229d00a984a, episodeId=episode_64c2c508a41056d518a8"}
{"timestamp":"2026-10-02T17:28:52.377Z","level":"info","message":"[embedding] Embedding request succeeded, provider=local, model=Xenova/all-MiniLM-L6-v2, role=query, batchSize=1, durationMs=1"}
{"timestamp":"2026-10-02T17:28:52.380Z","level":"info","message":"[fine] Evolution gate not satisfied, reason=joined_by_fine_vec, jobId=job_0cb9093d6274705a5969"}
{"timestamp":"2026-10-02T17:28:52.381Z","level":"info","message":"[skill.cluster.assign] Job succeeded, jobId=job_0cb9093d6274705a5969, attempt=1, maxAttempts=3"}
{"timestamp":"2026-10-02T17:28:52.381Z","level":"info","message":"[worker] Worker drain completed, leased=4, succeeded=4, failed=0, embeddingRetriesLeased=0, embeddingRetriesSucceeded=0, embeddingRetriesFailed=0"}
{"timestamp":"2026-10-02T17:28:52.390Z","level":"info","message":"[skill.cluster.assign] Job started, jobId=job_944c57ec62b11e6ad8d2, attempt=1, maxAttempts=3, sessionId=session_046da8461ea7cbd53811, episodeId=episode_4529c6b8d03682468f0e"}
{"timestamp":"2026-10-02T17:28:52.394Z","level":"info","message":"[embedding] Embedding request succeeded, provider=local, model=Xenova/all-MiniLM-L6-v2, role=query, batchSize=1, durationMs=2"}
{"timestamp":"2026-10-02T17:28:52.397Z","level":"info","message":"[fine] Evolution gate not satisfied, reason=joined_by_fine_vec, jobId=job_944c57ec62b11e6ad8d2"}
{"timestamp":"2026-10-02T17:28:52.398Z","level":"info","message":"[skill.cluster.assign] Job succeeded, jobId=job_944c57ec62b11e6ad8d2, attempt=1, maxAttempts=3"}
{"timestamp":"2026-10-02T17:28:52.398Z","level":"info","message":"[skill.cluster.assign] Job started, jobId=job_5b90a42f7e18cdd4b6ef, attempt=1, maxAttempts=3, sessionId=session_c7bf9c2d901e460a39f8, episodeId=episode_e38ceb2985fefc09ccec"}
{"timestamp":"2026-10-02T17:28:52.403Z","level":"info","message":"[embedding] Embedding request succeeded, provider=local, model=Xenova/all-MiniLM-L6-v2, role=query, batchSize=1, durationMs=2"}
{"timestamp":"2026-10-02T17:28:52.406Z","level":"info","message":"[fine] Evolution gate not satisfied, reason=joined_by_fine_vec, jobId=job_5b90a42f7e18cdd4b6ef"}
{"timestamp":"2026-10-02T17:28:52.407Z","level":"info","message":"[skill.cluster.assign] Job succeeded, jobId=job_5b90a42f7e18cdd4b6ef, attempt=1, maxAttempts=3"}
{"timestamp":"2026-10-02T17:28:52.407Z","level":"info","message":"[skill.cluster.assign] Job started, jobId=job_d4ad7bc7a47c4b058abb, attempt=1, maxAttempts=3, sessionId=session_799fac0e7e67543440dc, episodeId=episode_bf09916698436cbb6bf4"}
{"timestamp":"2026-10-02T17:28:52.411Z","level":"info","message":"[embedding] Embedding request succeeded, provider=local, model=Xenova/all-MiniLM-L6-v2, role=query, batchSize=1, durationMs=2"}
{"timestamp":"2026-10-02T17:28:52.413Z","level":"info","message":"[fine] Evolution gate not satisfied, reason=joined_by_fine_vec, jobId=job_d4ad7bc7a47c4b058abb"}
{"timestamp":"2026-10-02T17:28:52.415Z","level":"info","message":"[skill.cluster.assign] Job succeeded, jobId=job_d4ad7bc7a47c4b058abb, attempt=1, maxAttempts=3"}
{"timestamp":"2026-10-02T17:28:52.415Z","level":"info","message":"[skill.cluster.assign] Job started, jobId=job_81646fd03283d1c3c0ad, attempt=1, maxAttempts=3, sessionId=session_33e0dea43e1ed7e5cf00, episodeId=episode_6f943f6be37526b82dbd"}
{"timestamp":"2026-10-02T17:28:52.419Z","level":"info","message":"[embedding] Embedding request succeeded, provider=local, model=Xenova/all-MiniLM-L6-v2, role=query, batchSize=1, durationMs=2"}
{"timestamp":"2026-10-02T17:28:52.421Z","level":"info","message":"[fine] Evolution gate not satisfied, reason=joined_by_fine_vec, jobId=job_81646fd03283d1c3c0ad"}
{"timestamp":"2026-10-02T17:28:52.422Z","level":"info","message":"[skill.cluster.assign] Job succeeded, jobId=job_81646fd03283d1c3c0ad, attempt=1, maxAttempts=3"}
{"timestamp":"2026-10-02T17:28:52.423Z","level":"info","message":"[worker] Worker drain completed, leased=4, succeeded=4, failed=0, embeddingRetriesLeased=0, embeddingRetriesSucceeded=0, embeddingRetriesFailed=0"}
{"timestamp":"2026-10-02T17:28:52.436Z","level":"info","message":"[skill.cluster.assign] Job started, jobId=job_2375622a49040762a27d, attempt=1, maxAttempts=3, sessionId=session_72c2152d626f2214973f, episodeId=episode_7194f7a3db2377d229c2"}
{"timestamp":"2026-10-02T17:28:52.440Z","level":"info","message":"[embedding] Embedding request succeeded, provider=local, model=Xenova/all-MiniLM-L6-v2, role=query, batchSize=1, durationMs=2"}
{"timestamp":"2026-10-02T17:28:52.442Z","level":"info","message":"[fine] Evolution gate not satisfied, reason=joined_by_fine_vec, jobId=job_2375622a49040762a27d"}
{"timestamp":"2026-10-02T17:28:52.443Z","level":"info","message":"[skill.cluster.assign] Job succeeded, jobId=job_2375622a49040762a27d, attempt=1, maxAttempts=3"}
{"timestamp":"2026-10-02T17:28:52.443Z","level":"info","message":"[skill.cluster.assign] Job started, jobId=job_8714eadcae96a1b3fdaa, attempt=1, maxAttempts=3, sessionId=session_748dea03838436c26b11, episodeId=episode_96e501bd6fe7ccb29289"}
{"timestamp":"2026-10-02T17:28:52.446Z","level":"info","message":"[embedding] Embedding request succeeded, provider=local, model=Xenova/all-MiniLM-L6-v2, role=query, batchSize=1, durationMs=2"}
{"timestamp":"2026-10-02T17:28:52.447Z","level":"info","message":"[skill.cluster.assign] Evolution gate not satisfied, reason=no_cluster_above_fine_threshold, jobId=job_8714eadcae96a1b3fdaa"}
{"timestamp":"2026-10-02T17:28:52.448Z","level":"info","message":"[skill.cluster.assign] Job succeeded, jobId=job_8714eadcae96a1b3fdaa, attempt=1, maxAttempts=3"}
{"timestamp":"2026-10-02T17:28:52.448Z","level":"info","message":"[skill.cluster.assign] Job started, jobId=job_3b8da4bdedcf9969c5ab, attempt=1, maxAttempts=3, sessionId=session_a8267bd05dc0c61d0148, episodeId=episode_66fc0fcdf236b0e19938"}
{"timestamp":"2026-10-02T17:28:52.451Z","level":"info","message":"[embedding] Embedding request succeeded, provider=local, model=Xenova/all-MiniLM-L6-v2, role=query, batchSize=1, durationMs=2"}
{"timestamp":"2026-10-02T17:28:52.452Z","level":"info","message":"[skill.cluster.assign] Evolution gate not satisfied, reason=no_cluster_above_fine_threshold, jobId=job_3b8da4bdedcf9969c5ab"}
{"timestamp":"2026-10-02T17:28:52.453Z","level":"info","message":"[skill.cluster.assign] Job succeeded, jobId=job_3b8da4bdedcf9969c5ab, attempt=1, maxAttempts=3"}
{"timestamp":"2026-10-02T17:28:52.453Z","level":"info","message":"[skill.cluster.assign] Job started, jobId=job_e94d33fe171b3130d709, attempt=1, maxAttempts=3, sessionId=session_e3f0515fb77749201ba0, episodeId=episode_be851aec0652c9f429d2"}
{"timestamp":"2026-10-02T17:28:52.456Z","level":"info","message":"[embedding] Embedding request succeeded, provider=local, model=Xenova/all-MiniLM-L6-v2, role=query, batchSize=1, durationMs=2"}
{"timestamp":"2026-10-02T17:28:52.458Z","level":"info","message":"[fine] Evolution gate not satisfied, reason=joined_by_fine_vec, jobId=job_e94d33fe171b3130d709"}
{"timestamp":"2026-10-02T17:28:52.459Z","level":"info","message":"[skill.cluster.assign] Job succeeded, jobId=job_e94d33fe171b3130d709, attempt=1, maxAttempts=3"}
{"timestamp":"2026-10-02T17:28:52.459Z","level":"info","message":"[worker] Worker drain completed, leased=4, succeeded=4, failed=0, embeddingRetriesLeased=0, embeddingRetriesSucceeded=0, embeddingRetriesFailed=0"}
{"timestamp":"2026-10-02T17:28:52.467Z","level":"info","message":"[skill.cluster.assign] Job started, jobId=job_e38356891c1180a22538, attempt=1, maxAttempts=3, sessionId=session_94f26f8db5c2d9fb278a, episodeId=episode_e9eb020f942c0c69f916"}
{"timestamp":"2026-10-02T17:28:52.470Z","level":"info","message":"[embedding] Embedding request succeeded, provider=local, model=Xenova/all-MiniLM-L6-v2, role=query, batchSize=1, durationMs=2"}
{"timestamp":"2026-10-02T17:28:52.471Z","level":"info","message":"[skill.cluster.assign] Evolution gate not satisfied, reason=no_cluster_above_fine_threshold, jobId=job_e38356891c1180a22538"}
{"timestamp":"2026-10-02T17:28:52.472Z","level":"info","message":"[skill.cluster.assign] Job succeeded, jobId=job_e38356891c1180a22538, attempt=1, maxAttempts=3"}
{"timestamp":"2026-10-02T17:28:52.472Z","level":"info","message":"[worker] Worker drain completed, leased=1, succeeded=1, failed=0, embeddingRetriesLeased=0, embeddingRetriesSucceeded=0, embeddingRetriesFailed=0"}
{"timestamp":"2026-10-02T17:28:52.477Z","level":"info","message":"[skill.batch.evolve] Job started, jobId=job_f98b35b498008a0bab8d, attempt=1, maxAttempts=3, sessionId=session_3dfb88b2f276450e4fa4, episodeId=episode_9aa2d5b6f3d575b10955"}
{"timestamp":"2026-10-02T17:28:52.479Z","level":"info","message":"[skill.batch.evolve] Evolution gate not satisfied, reason=unknown_only_no_skill, jobId=job_f98b35b498008a0bab8d"}
{"timestamp":"2026-10-02T17:28:52.483Z","level":"error","message":"[skill.batch_evolve.meta] Model HTTP request failed after the final attempt, provider=openai_compatible, model=qwen2.5:0.5b, attempt=1, maxAttempts=3, errorMessage=openai_compatible HTTP 404: model 'qwen2.5:0.5b' not found"}
{"timestamp":"2026-10-02T17:28:52.484Z","level":"error","message":"[skill.batch_evolve.meta] Model request failed, provider=openai_compatible, model=qwen2.5:0.5b, maxTokens=600, durationMs=5, errorMessage=openai_compatible HTTP 404: model 'qwen2.5:0.5b' not found"}
{"timestamp":"2026-10-02T17:28:52.484Z","level":"info","message":"[skill.batch.evolve] Evolution gate not satisfied, reason=meta_update_failed, jobId=job_f98b35b498008a0bab8d"}
{"timestamp":"2026-10-02T17:28:52.484Z","level":"info","message":"[skill.batch.evolve] Job succeeded, jobId=job_f98b35b498008a0bab8d, attempt=1, maxAttempts=3"}
{"timestamp":"2026-10-02T17:28:52.484Z","level":"info","message":"[skill.batch.evolve] Job started, jobId=job_2c734f251e7ad2184fea, attempt=1, maxAttempts=3, sessionId=session_3dfb88b2f276450e4fa4, episodeId=episode_81b57351f88e13273688"}
{"timestamp":"2026-10-02T17:28:52.493Z","level":"error","message":"[skill.batch_evolve.crystallize] Model HTTP request failed after the final attempt, provider=openai_compatible, model=qwen2.5:0.5b, attempt=1, maxAttempts=3, errorMessage=openai_compatible HTTP 404: model 'qwen2.5:0.5b' not found"}
{"timestamp":"2026-10-02T17:28:52.493Z","level":"error","message":"[skill.batch_evolve.crystallize] Model request failed, provider=openai_compatible, model=qwen2.5:0.5b, maxTokens=600, durationMs=6, errorMessage=openai_compatible HTTP 404: model 'qwen2.5:0.5b' not found"}
{"timestamp":"2026-10-02T17:28:52.493Z","level":"warn","message":"[skill.batch.evolve] Generation skipped, reason=llm-failed, jobId=job_2c734f251e7ad2184fea"}
{"timestamp":"2026-10-02T17:28:52.497Z","level":"error","message":"[skill.batch_evolve.meta] Model HTTP request failed after the final attempt, provider=openai_compatible, model=qwen2.5:0.5b, attempt=1, maxAttempts=3, errorMessage=openai_compatible HTTP 404: model 'qwen2.5:0.5b' not found"}
{"timestamp":"2026-10-02T17:28:52.497Z","level":"error","message":"[skill.batch_evolve.meta] Model request failed, provider=openai_compatible, model=qwen2.5:0.5b, maxTokens=600, durationMs=4, errorMessage=openai_compatible HTTP 404: model 'qwen2.5:0.5b' not found"}
{"timestamp":"2026-10-02T17:28:52.497Z","level":"info","message":"[skill.batch.evolve] Evolution gate not satisfied, reason=meta_update_failed, jobId=job_2c734f251e7ad2184fea"}
{"timestamp":"2026-10-02T17:28:52.498Z","level":"error","message":"[skill.batch.evolve] Job failed, jobId=job_2c734f251e7ad2184fea, attempt=1, maxAttempts=3, terminal=false, errorMessage=openai_compatible HTTP 404: model 'qwen2.5:0.5b' not found"}
{"timestamp":"2026-10-02T17:28:52.498Z","level":"info","message":"[skill.batch.evolve] Job started, jobId=job_64340023421083763676, attempt=1, maxAttempts=3, sessionId=session_bf15b68f2cb3158050fa, episodeId=episode_3067c2270fbfa95f2b98"}
{"timestamp":"2026-10-02T17:28:52.502Z","level":"info","message":"[skill.batch.evolve] Evolution gate not satisfied, reason=failure_only_no_skill, jobId=job_64340023421083763676"}
{"timestamp":"2026-10-02T17:28:52.508Z","level":"error","message":"[skill.batch_evolve.meta] Model HTTP request failed after the final attempt, provider=openai_compatible, model=qwen2.5:0.5b, attempt=1, maxAttempts=3, errorMessage=openai_compatible HTTP 404: model 'qwen2.5:0.5b' not found"}
{"timestamp":"2026-10-02T17:28:52.508Z","level":"error","message":"[skill.batch_evolve.meta] Model request failed, provider=openai_compatible, model=qwen2.5:0.5b, maxTokens=600, durationMs=5, errorMessage=openai_compatible HTTP 404: model 'qwen2.5:0.5b' not found"}
{"timestamp":"2026-10-02T17:28:52.508Z","level":"info","message":"[skill.batch.evolve] Evolution gate not satisfied, reason=meta_update_failed, jobId=job_64340023421083763676"}
{"timestamp":"2026-10-02T17:28:52.508Z","level":"info","message":"[skill.batch.evolve] Job succeeded, jobId=job_64340023421083763676, attempt=1, maxAttempts=3"}
{"timestamp":"2026-10-02T17:28:52.509Z","level":"info","message":"[skill.batch.evolve] Job started, jobId=job_9e710dd1615841c3a626, attempt=1, maxAttempts=3, sessionId=session_e3f0515fb77749201ba0, episodeId=episode_be851aec0652c9f429d2"}
{"timestamp":"2026-10-02T17:28:52.518Z","level":"info","message":"[skill.batch.evolve] Evolution gate not satisfied, reason=unknown_only_no_skill, jobId=job_9e710dd1615841c3a626"}
{"timestamp":"2026-10-02T17:28:52.523Z","level":"error","message":"[skill.batch_evolve.meta] Model HTTP request failed after the final attempt, provider=openai_compatible, model=qwen2.5:0.5b, attempt=1, maxAttempts=3, errorMessage=openai_compatible HTTP 404: model 'qwen2.5:0.5b' not found"}
{"timestamp":"2026-10-02T17:28:52.523Z","level":"error","message":"[skill.batch_evolve.meta] Model request failed, provider=openai_compatible, model=qwen2.5:0.5b, maxTokens=600, durationMs=5, errorMessage=openai_compatible HTTP 404: model 'qwen2.5:0.5b' not found"}
{"timestamp":"2026-10-02T17:28:52.523Z","level":"info","message":"[skill.batch.evolve] Evolution gate not satisfied, reason=meta_update_failed, jobId=job_9e710dd1615841c3a626"}
{"timestamp":"2026-10-02T17:28:52.524Z","level":"info","message":"[skill.batch.evolve] Job succeeded, jobId=job_9e710dd1615841c3a626, attempt=1, maxAttempts=3"}
{"timestamp":"2026-10-02T17:28:52.524Z","level":"info","message":"[worker] Worker drain completed, leased=4, succeeded=3, failed=1, embeddingRetriesLeased=0, embeddingRetriesSucceeded=0, embeddingRetriesFailed=0"}
{"timestamp":"2026-10-02T17:28:52.526Z","level":"info","message":"[skill.batch.evolve] Job started, jobId=job_2c734f251e7ad2184fea, attempt=2, maxAttempts=3, sessionId=session_3dfb88b2f276450e4fa4, episodeId=episode_81b57351f88e13273688"}
{"timestamp":"2026-10-02T17:28:52.535Z","level":"error","message":"[skill.batch_evolve.crystallize] Model HTTP request failed after the final attempt, provider=openai_compatible, model=qwen2.5:0.5b, attempt=1, maxAttempts=3, errorMessage=openai_compatible HTTP 404: model 'qwen2.5:0.5b' not found"}
{"timestamp":"2026-10-02T17:28:52.535Z","level":"error","message":"[skill.batch_evolve.crystallize] Model request failed, provider=openai_compatible, model=qwen2.5:0.5b, maxTokens=600, durationMs=7, errorMessage=openai_compatible HTTP 404: model 'qwen2.5:0.5b' not found"}
{"timestamp":"2026-10-02T17:28:52.535Z","level":"warn","message":"[skill.batch.evolve] Generation skipped, reason=llm-failed, jobId=job_2c734f251e7ad2184fea"}
{"timestamp":"2026-10-02T17:28:52.540Z","level":"error","message":"[skill.batch_evolve.meta] Model HTTP request failed after the final attempt, provider=openai_compatible, model=qwen2.5:0.5b, attempt=1, maxAttempts=3, errorMessage=openai_compatible HTTP 404: model 'qwen2.5:0.5b' not found"}
{"timestamp":"2026-10-02T17:28:52.540Z","level":"error","message":"[skill.batch_evolve.meta] Model request failed, provider=openai_compatible, model=qwen2.5:0.5b, maxTokens=600, durationMs=5, errorMessage=openai_compatible HTTP 404: model 'qwen2.5:0.5b' not found"}
{"timestamp":"2026-10-02T17:28:52.540Z","level":"info","message":"[skill.batch.evolve] Evolution gate not satisfied, reason=meta_update_failed, jobId=job_2c734f251e7ad2184fea"}
{"timestamp":"2026-10-02T17:28:52.540Z","level":"error","message":"[skill.batch.evolve] Job failed, jobId=job_2c734f251e7ad2184fea, attempt=2, maxAttempts=3, terminal=false, errorMessage=openai_compatible HTTP 404: model 'qwen2.5:0.5b' not found"}
{"timestamp":"2026-10-02T17:28:52.540Z","level":"info","message":"[skill.batch.evolve] Job started, jobId=job_24e0cf994555497edfcb, attempt=1, maxAttempts=3, sessionId=session_f4894cbb5cee22eab31f, episodeId=episode_83056281bde3f878c360"}
{"timestamp":"2026-10-02T17:28:52.542Z","level":"info","message":"[skill.batch.evolve] Evolution gate not satisfied, reason=unknown_only_no_skill, jobId=job_24e0cf994555497edfcb"}
{"timestamp":"2026-10-02T17:28:52.547Z","level":"error","message":"[skill.batch_evolve.meta] Model HTTP request failed after the final attempt, provider=openai_compatible, model=qwen2.5:0.5b, attempt=1, maxAttempts=3, errorMessage=openai_compatible HTTP 404: model 'qwen2.5:0.5b' not found"}
{"timestamp":"2026-10-02T17:28:52.547Z","level":"error","message":"[skill.batch_evolve.meta] Model request failed, provider=openai_compatible, model=qwen2.5:0.5b, maxTokens=600, durationMs=5, errorMessage=openai_compatible HTTP 404: model 'qwen2.5:0.5b' not found"}
{"timestamp":"2026-10-02T17:28:52.547Z","level":"info","message":"[skill.batch.evolve] Evolution gate not satisfied, reason=meta_update_failed, jobId=job_24e0cf994555497edfcb"}
{"timestamp":"2026-10-02T17:28:52.547Z","level":"info","message":"[skill.batch.evolve] Job succeeded, jobId=job_24e0cf994555497edfcb, attempt=1, maxAttempts=3"}
{"timestamp":"2026-10-02T17:28:52.548Z","level":"info","message":"[skill.batch.evolve] Job started, jobId=job_1753b5b2635d439f9b49, attempt=1, maxAttempts=3, sessionId=session_da73adc2fcd6783996e2, episodeId=episode_31d3b9072ad8fc06e0f1"}
{"timestamp":"2026-10-02T17:28:52.548Z","level":"info","message":"[skill.batch.evolve] Evolution gate not satisfied, reason=unknown_only_no_skill, jobId=job_1753b5b2635d439f9b49"}
{"timestamp":"2026-10-02T17:28:52.553Z","level":"error","message":"[skill.batch_evolve.meta] Model HTTP request failed after the final attempt, provider=openai_compatible, model=qwen2.5:0.5b, attempt=1, maxAttempts=3, errorMessage=openai_compatible HTTP 404: model 'qwen2.5:0.5b' not found"}
{"timestamp":"2026-10-02T17:28:52.553Z","level":"error","message":"[skill.batch_evolve.meta] Model request failed, provider=openai_compatible, model=qwen2.5:0.5b, maxTokens=600, durationMs=4, errorMessage=openai_compatible HTTP 404: model 'qwen2.5:0.5b' not found"}
{"timestamp":"2026-10-02T17:28:52.554Z","level":"info","message":"[skill.batch.evolve] Evolution gate not satisfied, reason=meta_update_failed, jobId=job_1753b5b2635d439f9b49"}
{"timestamp":"2026-10-02T17:28:52.554Z","level":"info","message":"[skill.batch.evolve] Job succeeded, jobId=job_1753b5b2635d439f9b49, attempt=1, maxAttempts=3"}
{"timestamp":"2026-10-02T17:28:52.554Z","level":"info","message":"[skill.batch.evolve] Job started, jobId=job_ef23c3bf0439d3f2c90a, attempt=1, maxAttempts=3, sessionId=session_3dfb88b2f276450e4fa4, episodeId=episode_bb686d09d21dc0975cfc"}
{"timestamp":"2026-10-02T17:28:52.555Z","level":"info","message":"[skill.batch.evolve] Evolution gate not satisfied, reason=unknown_only_no_skill, jobId=job_ef23c3bf0439d3f2c90a"}
{"timestamp":"2026-10-02T17:28:52.560Z","level":"error","message":"[skill.batch_evolve.meta] Model HTTP request failed after the final attempt, provider=openai_compatible, model=qwen2.5:0.5b, attempt=1, maxAttempts=3, errorMessage=openai_compatible HTTP 404: model 'qwen2.5:0.5b' not found"}
{"timestamp":"2026-10-02T17:28:52.561Z","level":"error","message":"[skill.batch_evolve.meta] Model request failed, provider=openai_compatible, model=qwen2.5:0.5b, maxTokens=600, durationMs=5, errorMessage=openai_compatible HTTP 404: model 'qwen2.5:0.5b' not found"}
{"timestamp":"2026-10-02T17:28:52.561Z","level":"info","message":"[skill.batch.evolve] Evolution gate not satisfied, reason=meta_update_failed, jobId=job_ef23c3bf0439d3f2c90a"}
{"timestamp":"2026-10-02T17:28:52.561Z","level":"info","message":"[skill.batch.evolve] Job succeeded, jobId=job_ef23c3bf0439d3f2c90a, attempt=1, maxAttempts=3"}
{"timestamp":"2026-10-02T17:28:52.561Z","level":"info","message":"[worker] Worker drain completed, leased=4, succeeded=3, failed=1, embeddingRetriesLeased=0, embeddingRetriesSucceeded=0, embeddingRetriesFailed=0"}
{"timestamp":"2026-10-02T17:28:52.576Z","level":"info","message":"[skill.batch.evolve] Job started, jobId=job_2c734f251e7ad2184fea, attempt=3, maxAttempts=3, sessionId=session_3dfb88b2f276450e4fa4, episodeId=episode_81b57351f88e13273688"}
{"timestamp":"2026-10-02T17:28:52.585Z","level":"error","message":"[skill.batch_evolve.crystallize] Model HTTP request failed after the final attempt, provider=openai_compatible, model=qwen2.5:0.5b, attempt=1, maxAttempts=3, errorMessage=openai_compatible HTTP 404: model 'qwen2.5:0.5b' not found"}
{"timestamp":"2026-10-02T17:28:52.585Z","level":"error","message":"[skill.batch_evolve.crystallize] Model request failed, provider=openai_compatible, model=qwen2.5:0.5b, maxTokens=600, durationMs=7, errorMessage=openai_compatible HTTP 404: model 'qwen2.5:0.5b' not found"}
{"timestamp":"2026-10-02T17:28:52.585Z","level":"warn","message":"[skill.batch.evolve] Generation skipped, reason=llm-failed, jobId=job_2c734f251e7ad2184fea"}
{"timestamp":"2026-10-02T17:28:52.591Z","level":"error","message":"[skill.batch_evolve.meta] Model HTTP request failed after the final attempt, provider=openai_compatible, model=qwen2.5:0.5b, attempt=1, maxAttempts=3, errorMessage=openai_compatible HTTP 404: model 'qwen2.5:0.5b' not found"}
{"timestamp":"2026-10-02T17:28:52.591Z","level":"error","message":"[skill.batch_evolve.meta] Model request failed, provider=openai_compatible, model=qwen2.5:0.5b, maxTokens=600, durationMs=6, errorMessage=openai_compatible HTTP 404: model 'qwen2.5:0.5b' not found"}
{"timestamp":"2026-10-02T17:28:52.591Z","level":"info","message":"[skill.batch.evolve] Evolution gate not satisfied, reason=meta_update_failed, jobId=job_2c734f251e7ad2184fea"}
{"timestamp":"2026-10-02T17:28:52.591Z","level":"error","message":"[skill.batch.evolve] Job failed, jobId=job_2c734f251e7ad2184fea, attempt=3, maxAttempts=3, terminal=true, errorMessage=openai_compatible HTTP 404: model 'qwen2.5:0.5b' not found"}
{"timestamp":"2026-10-02T17:28:52.592Z","level":"info","message":"[skill.batch.evolve] Job started, jobId=job_24d931890350ee520b3c, attempt=1, maxAttempts=3, sessionId=session_21687f038bb3e22a4d48, episodeId=episode_4e841e6b6861dcc6c131"}
{"timestamp":"2026-10-02T17:28:52.593Z","level":"info","message":"[skill.batch.evolve] Evolution gate not satisfied, reason=unknown_only_no_skill, jobId=job_24d931890350ee520b3c"}
{"timestamp":"2026-10-02T17:28:52.598Z","level":"error","message":"[skill.batch_evolve.meta] Model HTTP request failed after the final attempt, provider=openai_compatible, model=qwen2.5:0.5b, attempt=1, maxAttempts=3, errorMessage=openai_compatible HTTP 404: model 'qwen2.5:0.5b' not found"}
{"timestamp":"2026-10-02T17:28:52.598Z","level":"error","message":"[skill.batch_evolve.meta] Model request failed, provider=openai_compatible, model=qwen2.5:0.5b, maxTokens=600, durationMs=5, errorMessage=openai_compatible HTTP 404: model 'qwen2.5:0.5b' not found"}
{"timestamp":"2026-10-02T17:28:52.598Z","level":"info","message":"[skill.batch.evolve] Evolution gate not satisfied, reason=meta_update_failed, jobId=job_24d931890350ee520b3c"}
{"timestamp":"2026-10-02T17:28:52.599Z","level":"info","message":"[skill.batch.evolve] Job succeeded, jobId=job_24d931890350ee520b3c, attempt=1, maxAttempts=3"}
{"timestamp":"2026-10-02T17:28:52.599Z","level":"info","message":"[skill.batch.evolve] Job started, jobId=job_2d2f4fc9c0efeddf2d8d, attempt=1, maxAttempts=3, sessionId=session_40d1451b3f36d6457e00, episodeId=episode_57ea250e02f7531b835c"}
{"timestamp":"2026-10-02T17:28:52.600Z","level":"info","message":"[skill.batch.evolve] Evolution gate not satisfied, reason=unknown_only_no_skill, jobId=job_2d2f4fc9c0efeddf2d8d"}
{"timestamp":"2026-10-02T17:28:52.605Z","level":"error","message":"[skill.batch_evolve.meta] Model HTTP request failed after the final attempt, provider=openai_compatible, model=qwen2.5:0.5b, attempt=1, maxAttempts=3, errorMessage=openai_compatible HTTP 404: model 'qwen2.5:0.5b' not found"}
{"timestamp":"2026-10-02T17:28:52.605Z","level":"error","message":"[skill.batch_evolve.meta] Model request failed, provider=openai_compatible, model=qwen2.5:0.5b, maxTokens=600, durationMs=5, errorMessage=openai_compatible HTTP 404: model 'qwen2.5:0.5b' not found"}
{"timestamp":"2026-10-02T17:28:52.605Z","level":"info","message":"[skill.batch.evolve] Evolution gate not satisfied, reason=meta_update_failed, jobId=job_2d2f4fc9c0efeddf2d8d"}
{"timestamp":"2026-10-02T17:28:52.605Z","level":"info","message":"[skill.batch.evolve] Job succeeded, jobId=job_2d2f4fc9c0efeddf2d8d, attempt=1, maxAttempts=3"}
{"timestamp":"2026-10-02T17:28:52.605Z","level":"info","message":"[skill.batch.evolve] Job started, jobId=job_63121a7debcb538cec89, attempt=1, maxAttempts=3, sessionId=session_415f55695ed2fe657195, episodeId=episode_df1bbcebdec11f6ac4a9"}
{"timestamp":"2026-10-02T17:28:52.608Z","level":"info","message":"[skill.batch.evolve] Evolution gate not satisfied, reason=unknown_only_no_skill, jobId=job_63121a7debcb538cec89"}
{"timestamp":"2026-10-02T17:28:52.614Z","level":"error","message":"[skill.batch_evolve.meta] Model HTTP request failed after the final attempt, provider=openai_compatible, model=qwen2.5:0.5b, attempt=1, maxAttempts=3, errorMessage=openai_compatible HTTP 404: model 'qwen2.5:0.5b' not found"}
{"timestamp":"2026-10-02T17:28:52.614Z","level":"error","message":"[skill.batch_evolve.meta] Model request failed, provider=openai_compatible, model=qwen2.5:0.5b, maxTokens=600, durationMs=6, errorMessage=openai_compatible HTTP 404: model 'qwen2.5:0.5b' not found"}
{"timestamp":"2026-10-02T17:28:52.614Z","level":"info","message":"[skill.batch.evolve] Evolution gate not satisfied, reason=meta_update_failed, jobId=job_63121a7debcb538cec89"}
{"timestamp":"2026-10-02T17:28:52.615Z","level":"info","message":"[skill.batch.evolve] Job succeeded, jobId=job_63121a7debcb538cec89, attempt=1, maxAttempts=3"}
{"timestamp":"2026-10-02T17:28:52.615Z","level":"info","message":"[worker] Worker drain completed, leased=4, succeeded=3, failed=1, embeddingRetriesLeased=0, embeddingRetriesSucceeded=0, embeddingRetriesFailed=0"}
{"timestamp":"2026-10-02T17:28:52.622Z","level":"info","message":"[skill.batch.evolve] Job started, jobId=job_4f1c85d98fa3df9fd916, attempt=1, maxAttempts=3, sessionId=session_66e62dc17379e5c7517d, episodeId=episode_50d4c2c0f5a2b04f11a7"}
{"timestamp":"2026-10-02T17:28:52.624Z","level":"info","message":"[skill.batch.evolve] Evolution gate not satisfied, reason=unknown_only_no_skill, jobId=job_4f1c85d98fa3df9fd916"}
{"timestamp":"2026-10-02T17:28:52.629Z","level":"error","message":"[skill.batch_evolve.meta] Model HTTP request failed after the final attempt, provider=openai_compatible, model=qwen2.5:0.5b, attempt=1, maxAttempts=3, errorMessage=openai_compatible HTTP 404: model 'qwen2.5:0.5b' not found"}
{"timestamp":"2026-10-02T17:28:52.629Z","level":"error","message":"[skill.batch_evolve.meta] Model request failed, provider=openai_compatible, model=qwen2.5:0.5b, maxTokens=600, durationMs=5, errorMessage=openai_compatible HTTP 404: model 'qwen2.5:0.5b' not found"}
{"timestamp":"2026-10-02T17:28:52.629Z","level":"info","message":"[skill.batch.evolve] Evolution gate not satisfied, reason=meta_update_failed, jobId=job_4f1c85d98fa3df9fd916"}
{"timestamp":"2026-10-02T17:28:52.629Z","level":"info","message":"[skill.batch.evolve] Job succeeded, jobId=job_4f1c85d98fa3df9fd916, attempt=1, maxAttempts=3"}
{"timestamp":"2026-10-02T17:28:52.629Z","level":"info","message":"[skill.batch.evolve] Job started, jobId=job_b4c5df29295d1a626eba, attempt=1, maxAttempts=3, sessionId=session_748dea03838436c26b11, episodeId=episode_96e501bd6fe7ccb29289"}
{"timestamp":"2026-10-02T17:28:52.631Z","level":"info","message":"[skill.batch.evolve] Evolution gate not satisfied, reason=unknown_only_no_skill, jobId=job_b4c5df29295d1a626eba"}
{"timestamp":"2026-10-02T17:28:52.636Z","level":"error","message":"[skill.batch_evolve.meta] Model HTTP request failed after the final attempt, provider=openai_compatible, model=qwen2.5:0.5b, attempt=1, maxAttempts=3, errorMessage=openai_compatible HTTP 404: model 'qwen2.5:0.5b' not found"}
{"timestamp":"2026-10-02T17:28:52.636Z","level":"error","message":"[skill.batch_evolve.meta] Model request failed, provider=openai_compatible, model=qwen2.5:0.5b, maxTokens=600, durationMs=5, errorMessage=openai_compatible HTTP 404: model 'qwen2.5:0.5b' not found"}
{"timestamp":"2026-10-02T17:28:52.636Z","level":"info","message":"[skill.batch.evolve] Evolution gate not satisfied, reason=meta_update_failed, jobId=job_b4c5df29295d1a626eba"}
{"timestamp":"2026-10-02T17:28:52.637Z","level":"info","message":"[skill.batch.evolve] Job succeeded, jobId=job_b4c5df29295d1a626eba, attempt=1, maxAttempts=3"}
{"timestamp":"2026-10-02T17:28:52.637Z","level":"info","message":"[skill.batch.evolve] Job started, jobId=job_867619ad56d7780273c4, attempt=1, maxAttempts=3, sessionId=session_a8267bd05dc0c61d0148, episodeId=episode_66fc0fcdf236b0e19938"}
{"timestamp":"2026-10-02T17:28:52.638Z","level":"info","message":"[skill.batch.evolve] Evolution gate not satisfied, reason=unknown_only_no_skill, jobId=job_867619ad56d7780273c4"}
{"timestamp":"2026-10-02T17:28:52.643Z","level":"error","message":"[skill.batch_evolve.meta] Model HTTP request failed after the final attempt, provider=openai_compatible, model=qwen2.5:0.5b, attempt=1, maxAttempts=3, errorMessage=openai_compatible HTTP 404: model 'qwen2.5:0.5b' not found"}
{"timestamp":"2026-10-02T17:28:52.643Z","level":"error","message":"[skill.batch_evolve.meta] Model request failed, provider=openai_compatible, model=qwen2.5:0.5b, maxTokens=600, durationMs=5, errorMessage=openai_compatible HTTP 404: model 'qwen2.5:0.5b' not found"}
{"timestamp":"2026-10-02T17:28:52.643Z","level":"info","message":"[skill.batch.evolve] Evolution gate not satisfied, reason=meta_update_failed, jobId=job_867619ad56d7780273c4"}
{"timestamp":"2026-10-02T17:28:52.643Z","level":"info","message":"[skill.batch.evolve] Job succeeded, jobId=job_867619ad56d7780273c4, attempt=1, maxAttempts=3"}
{"timestamp":"2026-10-02T17:28:52.644Z","level":"info","message":"[skill.batch.evolve] Job started, jobId=job_8524310e75307c0f71c3, attempt=1, maxAttempts=3, sessionId=session_94f26f8db5c2d9fb278a, episodeId=episode_e9eb020f942c0c69f916"}
{"timestamp":"2026-10-02T17:28:52.645Z","level":"info","message":"[skill.batch.evolve] Evolution gate not satisfied, reason=unknown_only_no_skill, jobId=job_8524310e75307c0f71c3"}
{"timestamp":"2026-10-02T17:28:52.650Z","level":"error","message":"[skill.batch_evolve.meta] Model HTTP request failed after the final attempt, provider=openai_compatible, model=qwen2.5:0.5b, attempt=1, maxAttempts=3, errorMessage=openai_compatible HTTP 404: model 'qwen2.5:0.5b' not found"}
{"timestamp":"2026-10-02T17:28:52.650Z","level":"error","message":"[skill.batch_evolve.meta] Model request failed, provider=openai_compatible, model=qwen2.5:0.5b, maxTokens=600, durationMs=5, errorMessage=openai_compatible HTTP 404: model 'qwen2.5:0.5b' not found"}
{"timestamp":"2026-10-02T17:28:52.650Z","level":"info","message":"[skill.batch.evolve] Evolution gate not satisfied, reason=meta_update_failed, jobId=job_8524310e75307c0f71c3"}
{"timestamp":"2026-10-02T17:28:52.651Z","level":"info","message":"[skill.batch.evolve] Job succeeded, jobId=job_8524310e75307c0f71c3, attempt=1, maxAttempts=3"}
{"timestamp":"2026-10-02T17:28:52.651Z","level":"info","message":"[worker] Worker drain completed, leased=4, succeeded=4, failed=0, embeddingRetriesLeased=0, embeddingRetriesSucceeded=0, embeddingRetriesFailed=0"}
{"timestamp":"2026-10-02T17:29:01.571Z","level":"info","message":"[memory.import_summary] Job started, jobId=job_cce46084d7ca1b9a4cfa, attempt=1, maxAttempts=3, targetMemoryId=trace_6ec4783b85ace621d184"}
{"timestamp":"2026-10-02T17:29:01.579Z","level":"error","message":"[capture.summarize] Model HTTP request failed after the final attempt, provider=openai_compatible, model=qwen2.5:0.5b, attempt=1, maxAttempts=4, errorMessage=openai_compatible HTTP 404: model 'qwen2.5:0.5b' not found"}
{"timestamp":"2026-10-02T17:29:01.579Z","level":"error","message":"[capture.summarize] Model request failed, provider=openai_compatible, model=qwen2.5:0.5b, maxTokens=512, durationMs=7, errorMessage=openai_compatible HTTP 404: model 'qwen2.5:0.5b' not found"}
{"timestamp":"2026-10-02T17:29:01.579Z","level":"warn","message":"[capture.summarize] Summary model failed; switching to the evolution model, sourceMemoryId=trace_6ec4783b85ace621d184, primaryModel=qwen2.5:0.5b, fallbackModel=qwen2.5:0.5b, errorMessage=openai_compatible HTTP 404: model 'qwen2.5:0.5b' not found"}
{"timestamp":"2026-10-02T17:29:01.588Z","level":"error","message":"[capture.summarize] Model HTTP request failed after the final attempt, provider=openai_compatible, model=qwen2.5:0.5b, attempt=1, maxAttempts=3, errorMessage=openai_compatible HTTP 404: model 'qwen2.5:0.5b' not found"}
{"timestamp":"2026-10-02T17:29:01.588Z","level":"error","message":"[capture.summarize] Model request failed, provider=openai_compatible, model=qwen2.5:0.5b, maxTokens=512, durationMs=9, errorMessage=openai_compatible HTTP 404: model 'qwen2.5:0.5b' not found"}
{"timestamp":"2026-10-02T17:29:01.588Z","level":"error","message":"[capture.summarize] Both summary and evolution models failed, sourceMemoryId=trace_6ec4783b85ace621d184, primaryModel=qwen2.5:0.5b, fallbackModel=qwen2.5:0.5b, primaryErrorMessage=openai_compatible HTTP 404: model 'qwen2.5:0.5b' not found, fallbackErrorMessage=openai_compatible HTTP 404: model 'qwen2.5:0.5b' not found"}
{"timestamp":"2026-10-02T17:29:01.589Z","level":"error","message":"[memory.import_summary] Job failed, jobId=job_cce46084d7ca1b9a4cfa, attempt=1, maxAttempts=3, terminal=true, targetMemoryId=trace_6ec4783b85ace621d184, errorMessage=openai_compatible HTTP 404: model 'qwen2.5:0.5b' not found"}
{"timestamp":"2026-10-02T17:29:01.589Z","level":"info","message":"[worker] Worker drain completed, leased=1, succeeded=0, failed=1, embeddingRetriesLeased=0, embeddingRetriesSucceeded=0, embeddingRetriesFailed=0"}
{"timestamp":"2026-10-02T17:29:01.622Z","level":"info","message":"[memory.import_summary] Job started, jobId=job_0c185efc7f16d5f7de08, attempt=1, maxAttempts=3, targetMemoryId=trace_47b1bd7666f4eaf61655"}
{"timestamp":"2026-10-02T17:29:01.630Z","level":"error","message":"[capture.summarize] Model HTTP request failed after the final attempt, provider=openai_compatible, model=qwen2.5:0.5b, attempt=1, maxAttempts=4, errorMessage=openai_compatible HTTP 404: model 'qwen2.5:0.5b' not found"}
{"timestamp":"2026-10-02T17:29:01.630Z","level":"error","message":"[capture.summarize] Model request failed, provider=openai_compatible, model=qwen2.5:0.5b, maxTokens=512, durationMs=7, errorMessage=openai_compatible HTTP 404: model 'qwen2.5:0.5b' not found"}
{"timestamp":"2026-10-02T17:29:01.630Z","level":"warn","message":"[capture.summarize] Summary model failed; switching to the evolution model, sourceMemoryId=trace_47b1bd7666f4eaf61655, primaryModel=qwen2.5:0.5b, fallbackModel=qwen2.5:0.5b, errorMessage=openai_compatible HTTP 404: model 'qwen2.5:0.5b' not found"}
{"timestamp":"2026-10-02T17:29:01.636Z","level":"error","message":"[capture.summarize] Model HTTP request failed after the final attempt, provider=openai_compatible, model=qwen2.5:0.5b, attempt=1, maxAttempts=3, errorMessage=openai_compatible HTTP 404: model 'qwen2.5:0.5b' not found"}
{"timestamp":"2026-10-02T17:29:01.636Z","level":"error","message":"[capture.summarize] Model request failed, provider=openai_compatible, model=qwen2.5:0.5b, maxTokens=512, durationMs=6, errorMessage=openai_compatible HTTP 404: model 'qwen2.5:0.5b' not found"}
{"timestamp":"2026-10-02T17:29:01.636Z","level":"error","message":"[capture.summarize] Both summary and evolution models failed, sourceMemoryId=trace_47b1bd7666f4eaf61655, primaryModel=qwen2.5:0.5b, fallbackModel=qwen2.5:0.5b, primaryErrorMessage=openai_compatible HTTP 404: model 'qwen2.5:0.5b' not found, fallbackErrorMessage=openai_compatible HTTP 404: model 'qwen2.5:0.5b' not found"}
{"timestamp":"2026-10-02T17:29:01.637Z","level":"error","message":"[memory.import_summary] Job failed, jobId=job_0c185efc7f16d5f7de08, attempt=1, maxAttempts=3, terminal=true, targetMemoryId=trace_47b1bd7666f4eaf61655, errorMessage=openai_compatible HTTP 404: model 'qwen2.5:0.5b' not found"}
{"timestamp":"2026-10-02T17:29:01.637Z","level":"info","message":"[worker] Worker drain completed, leased=1, succeeded=0, failed=1, embeddingRetriesLeased=0, embeddingRetriesSucceeded=0, embeddingRetriesFailed=0"}
{"timestamp":"2026-10-02T17:29:01.710Z","level":"info","message":"[memory.import_summary] Job started, jobId=job_e884b5e8fa7dcf7e4422, attempt=1, maxAttempts=3, targetMemoryId=trace_3238ec82069482e84793"}
{"timestamp":"2026-10-02T17:29:01.718Z","level":"error","message":"[capture.summarize] Model HTTP request failed after the final attempt, provider=openai_compatible, model=qwen2.5:0.5b, attempt=1, maxAttempts=4, errorMessage=openai_compatible HTTP 404: model 'qwen2.5:0.5b' not found"}
{"timestamp":"2026-10-02T17:29:01.718Z","level":"error","message":"[capture.summarize] Model request failed, provider=openai_compatible, model=qwen2.5:0.5b, maxTokens=512, durationMs=7, errorMessage=openai_compatible HTTP 404: model 'qwen2.5:0.5b' not found"}
{"timestamp":"2026-10-02T17:29:01.718Z","level":"warn","message":"[capture.summarize] Summary model failed; switching to the evolution model, sourceMemoryId=trace_3238ec82069482e84793, primaryModel=qwen2.5:0.5b, fallbackModel=qwen2.5:0.5b, errorMessage=openai_compatible HTTP 404: model 'qwen2.5:0.5b' not found"}
{"timestamp":"2026-10-02T17:29:01.724Z","level":"error","message":"[capture.summarize] Model HTTP request failed after the final attempt, provider=openai_compatible, model=qwen2.5:0.5b, attempt=1, maxAttempts=3, errorMessage=openai_compatible HTTP 404: model 'qwen2.5:0.5b' not found"}
{"timestamp":"2026-10-02T17:29:01.725Z","level":"error","message":"[capture.summarize] Model request failed, provider=openai_compatible, model=qwen2.5:0.5b, maxTokens=512, durationMs=7, errorMessage=openai_compatible HTTP 404: model 'qwen2.5:0.5b' not found"}
{"timestamp":"2026-10-02T17:29:01.725Z","level":"error","message":"[capture.summarize] Both summary and evolution models failed, sourceMemoryId=trace_3238ec82069482e84793, primaryModel=qwen2.5:0.5b, fallbackModel=qwen2.5:0.5b, primaryErrorMessage=openai_compatible HTTP 404: model 'qwen2.5:0.5b' not found, fallbackErrorMessage=openai_compatible HTTP 404: model 'qwen2.5:0.5b' not found"}
{"timestamp":"2026-10-02T17:29:01.725Z","level":"error","message":"[memory.import_summary] Job failed, jobId=job_e884b5e8fa7dcf7e4422, attempt=1, maxAttempts=3, terminal=true, targetMemoryId=trace_3238ec82069482e84793, errorMessage=openai_compatible HTTP 404: model 'qwen2.5:0.5b' not found"}
{"timestamp":"2026-10-02T17:29:01.726Z","level":"info","message":"[worker] Worker drain completed, leased=1, succeeded=0, failed=1, embeddingRetriesLeased=0, embeddingRetriesSucceeded=0, embeddingRetriesFailed=0"}
{"timestamp":"2026-10-02T17:32:12.122Z","level":"info","message":"[memory.import_summary] Job started, jobId=job_24872ef79441780caab1, attempt=1, maxAttempts=3, targetMemoryId=trace_6ec4783b85ace621d184"}
{"timestamp":"2026-10-02T17:32:12.619Z","level":"info","message":"[capture.summarize] Model request succeeded, provider=openai_compatible, model=qwen2.5:0.5b, maxTokens=512, finishReason=stop, outputChars=168, durationMs=495"}
{"timestamp":"2026-10-02T17:32:12.633Z","level":"info","message":"[memory.import_summary] Job succeeded, jobId=job_24872ef79441780caab1, attempt=1, maxAttempts=3, targetMemoryId=trace_6ec4783b85ace621d184"}
{"timestamp":"2026-10-02T17:32:12.634Z","level":"info","message":"[worker] Worker drain completed, leased=1, succeeded=1, failed=0, embeddingRetriesLeased=0, embeddingRetriesSucceeded=0, embeddingRetriesFailed=0"}
{"timestamp":"2026-10-02T17:32:12.640Z","level":"info","message":"[memory.import_summary] Job started, jobId=job_3f120d582fbe77300c0d, attempt=1, maxAttempts=3, targetMemoryId=trace_3238ec82069482e84793"}
{"timestamp":"2026-10-02T17:32:12.643Z","level":"info","message":"[memory.import_summary] Job started, jobId=job_91c553c2c801ca20cc1f, attempt=1, maxAttempts=3, targetMemoryId=trace_47b1bd7666f4eaf61655"}
{"timestamp":"2026-10-02T17:32:12.906Z","level":"info","message":"[capture.summarize] Model request succeeded, provider=openai_compatible, model=qwen2.5:0.5b, maxTokens=512, finishReason=stop, outputChars=174, durationMs=264"}
{"timestamp":"2026-10-02T17:32:12.909Z","level":"info","message":"[memory.import_summary] Job succeeded, jobId=job_3f120d582fbe77300c0d, attempt=1, maxAttempts=3, targetMemoryId=trace_3238ec82069482e84793"}
{"timestamp":"2026-10-02T17:32:13.049Z","level":"info","message":"[capture.summarize] Model request succeeded, provider=openai_compatible, model=qwen2.5:0.5b, maxTokens=512, finishReason=stop, outputChars=135, durationMs=405"}
{"timestamp":"2026-10-02T17:32:13.051Z","level":"info","message":"[memory.import_summary] Job succeeded, jobId=job_91c553c2c801ca20cc1f, attempt=1, maxAttempts=3, targetMemoryId=trace_47b1bd7666f4eaf61655"}
{"timestamp":"2026-10-02T17:32:13.052Z","level":"info","message":"[worker] Worker drain completed, leased=2, succeeded=2, failed=0, embeddingRetriesLeased=0, embeddingRetriesSucceeded=0, embeddingRetriesFailed=0"}
{"timestamp":"2026-10-02T17:32:13.056Z","level":"info","message":"[embedding] Job started, jobId=job_0b39402966d25b054f97, attempt=1, maxAttempts=6, targetMemoryId=trace_3238ec82069482e84793"}
{"timestamp":"2026-10-02T17:32:13.057Z","level":"info","message":"[embedding] Job started, jobId=job_e484bfe4d07af1af090b, attempt=1, maxAttempts=6, targetMemoryId=trace_47b1bd7666f4eaf61655"}
{"timestamp":"2026-10-02T17:32:13.058Z","level":"info","message":"[embedding] Job started, jobId=job_a959a5217f42d3d60bb3, attempt=1, maxAttempts=6, targetMemoryId=trace_6ec4783b85ace621d184"}
{"timestamp":"2026-10-02T17:32:13.081Z","level":"info","message":"[embedding] Embedding request succeeded, provider=local, model=Xenova/all-MiniLM-L6-v2, role=document, batchSize=3, durationMs=21"}
{"timestamp":"2026-10-02T17:32:13.086Z","level":"info","message":"[embedding] Job succeeded, jobId=job_0b39402966d25b054f97, attempt=1, maxAttempts=6, targetMemoryId=trace_3238ec82069482e84793"}
{"timestamp":"2026-10-02T17:32:13.090Z","level":"info","message":"[embedding] Job succeeded, jobId=job_e484bfe4d07af1af090b, attempt=1, maxAttempts=6, targetMemoryId=trace_47b1bd7666f4eaf61655"}
{"timestamp":"2026-10-02T17:32:13.094Z","level":"info","message":"[embedding] Job succeeded, jobId=job_a959a5217f42d3d60bb3, attempt=1, maxAttempts=6, targetMemoryId=trace_6ec4783b85ace621d184"}
{"timestamp":"2026-10-02T17:32:13.094Z","level":"info","message":"[worker] Worker drain completed, leased=3, succeeded=3, failed=0, embeddingRetriesLeased=0, embeddingRetriesSucceeded=0, embeddingRetriesFailed=0"}
